ISO-10303-21;
HEADER;
FILE_DESCRIPTION(('Open CASCADE Model'),'2;1');
FILE_NAME('Open CASCADE Shape Model','2026-10-03T20:18:53',('Author'),(
    'Open CASCADE'),'Open CASCADE STEP processor 8.0','build123d',
  'Unknown');
FILE_SCHEMA(('AUTOMOTIVE_DESIGN { 1 0 10303 214 1 1 1 1 }'));
ENDSEC;
DATA;
#1 = APPLICATION_PROTOCOL_DEFINITION('international standard',
  'automotive_design',2000,#2);
#2 = APPLICATION_CONTEXT(
  'core data for automotive mechanical design processes');
#3 = SHAPE_DEFINITION_REPRESENTATION(#4,#10);
#4 = PRODUCT_DEFINITION_SHAPE('','',#5);
#5 = PRODUCT_DEFINITION('design','',#6,#9);
#6 = PRODUCT_DEFINITION_FORMATION('','',#7);
#7 = PRODUCT('COMPOUND','COMPOUND','',(#8));
#8 = PRODUCT_CONTEXT('',#2,'mechanical');
#9 = PRODUCT_DEFINITION_CONTEXT('part definition',#2,'design');
#10 = SHAPE_REPRESENTATION('',(#11,#15,#347,#1181,#2751,#3585,#5255,
    #5533,#5631),#5729);
#11 = AXIS2_PLACEMENT_3D('',#12,#13,#14);
#12 = CARTESIAN_POINT('',(0.,0.,0.));
#13 = DIRECTION('',(0.,0.,1.));
#14 = DIRECTION('',(1.,0.,-0.));
#15 = MANIFOLD_SOLID_BREP('',#16);
#16 = CLOSED_SHELL('',(#17,#104,#159,#163,#198,#253,#288,#343));
#17 = ADVANCED_FACE('',(#18),#31,.T.);
#18 = FACE_BOUND('',#19,.T.);
#19 = EDGE_LOOP('',(#20,#53,#76,#103));
#20 = ORIENTED_EDGE('',*,*,#21,.F.);
#21 = EDGE_CURVE('',#22,#22,#24,.T.);
#22 = VERTEX_POINT('',#23);
#23 = CARTESIAN_POINT('',(9.,-2.204364238465E-15,35.));
#24 = SURFACE_CURVE('',#25,(#30,#42),.PCURVE_S1.);
#25 = CIRCLE('',#26,9.);
#26 = AXIS2_PLACEMENT_3D('',#27,#28,#29);
#27 = CARTESIAN_POINT('',(0.,0.,35.));
#28 = DIRECTION('',(0.,0.,1.));
#29 = DIRECTION('',(1.,0.,-0.));
#30 = PCURVE('',#31,#36);
#31 = CONICAL_SURFACE('',#32,3.,0.169778273968);
#32 = AXIS2_PLACEMENT_3D('',#33,#34,#35);
#33 = CARTESIAN_POINT('',(0.,0.,0.));
#34 = DIRECTION('',(0.,0.,1.));
#35 = DIRECTION('',(1.,0.,-0.));
#36 = DEFINITIONAL_REPRESENTATION('',(#37),#41);
#37 = LINE('',#38,#39);
#38 = CARTESIAN_POINT('',(0.,35.));
#39 = VECTOR('',#40,1.);
#40 = DIRECTION('',(1.,0.));
#41 = ( GEOMETRIC_REPRESENTATION_CONTEXT(2) 
PARAMETRIC_REPRESENTATION_CONTEXT() REPRESENTATION_CONTEXT('2D SPACE',''
  ) );
#42 = PCURVE('',#43,#48);
#43 = CYLINDRICAL_SURFACE('',#44,9.);
#44 = AXIS2_PLACEMENT_3D('',#45,#46,#47);
#45 = CARTESIAN_POINT('',(0.,0.,35.));
#46 = DIRECTION('',(0.,0.,1.));
#47 = DIRECTION('',(1.,0.,-0.));
#48 = DEFINITIONAL_REPRESENTATION('',(#49),#52);
#49 = B_SPLINE_CURVE_WITH_KNOTS('',1,(#50,#51),.UNSPECIFIED.,.F.,.F.,(2,
    2),(0.,6.28318530718),.PIECEWISE_BEZIER_KNOTS.);
#50 = CARTESIAN_POINT('',(0.,0.));
#51 = CARTESIAN_POINT('',(6.28318530718,0.));
#52 = ( GEOMETRIC_REPRESENTATION_CONTEXT(2) 
PARAMETRIC_REPRESENTATION_CONTEXT() REPRESENTATION_CONTEXT('2D SPACE',''
  ) );
#53 = ORIENTED_EDGE('',*,*,#54,.F.);
#54 = EDGE_CURVE('',#55,#22,#57,.T.);
#55 = VERTEX_POINT('',#56);
#56 = CARTESIAN_POINT('',(3.,-7.347880794884E-16,0.));
#57 = SEAM_CURVE('',#58,(#62,#69),.PCURVE_S1.);
#58 = LINE('',#59,#60);
#59 = CARTESIAN_POINT('',(3.,-7.347880794884E-16,0.));
#60 = VECTOR('',#61,1.);
#61 = DIRECTION('',(0.168963815111,-4.138419906944E-17,0.985622254813));
#62 = PCURVE('',#31,#63);
#63 = DEFINITIONAL_REPRESENTATION('',(#64),#68);
#64 = LINE('',#65,#66);
#65 = CARTESIAN_POINT('',(6.28318530718,-0.));
#66 = VECTOR('',#67,1.);
#67 = DIRECTION('',(0.,1.));
#68 = ( GEOMETRIC_REPRESENTATION_CONTEXT(2) 
PARAMETRIC_REPRESENTATION_CONTEXT() REPRESENTATION_CONTEXT('2D SPACE',''
  ) );
#69 = PCURVE('',#31,#70);
#70 = DEFINITIONAL_REPRESENTATION('',(#71),#75);
#71 = LINE('',#72,#73);
#72 = CARTESIAN_POINT('',(0.,-0.));
#73 = VECTOR('',#74,1.);
#74 = DIRECTION('',(0.,1.));
#75 = ( GEOMETRIC_REPRESENTATION_CONTEXT(2) 
PARAMETRIC_REPRESENTATION_CONTEXT() REPRESENTATION_CONTEXT('2D SPACE',''
  ) );
#76 = ORIENTED_EDGE('',*,*,#77,.T.);
#77 = EDGE_CURVE('',#55,#55,#78,.T.);
#78 = SURFACE_CURVE('',#79,(#84,#91),.PCURVE_S1.);
#79 = CIRCLE('',#80,3.);
#80 = AXIS2_PLACEMENT_3D('',#81,#82,#83);
#81 = CARTESIAN_POINT('',(0.,0.,0.));
#82 = DIRECTION('',(0.,0.,1.));
#83 = DIRECTION('',(1.,0.,-0.));
#84 = PCURVE('',#31,#85);
#85 = DEFINITIONAL_REPRESENTATION('',(#86),#90);
#86 = LINE('',#87,#88);
#87 = CARTESIAN_POINT('',(0.,0.));
#88 = VECTOR('',#89,1.);
#89 = DIRECTION('',(1.,0.));
#90 = ( GEOMETRIC_REPRESENTATION_CONTEXT(2) 
PARAMETRIC_REPRESENTATION_CONTEXT() REPRESENTATION_CONTEXT('2D SPACE',''
  ) );
#91 = PCURVE('',#92,#97);
#92 = PLANE('',#93);
#93 = AXIS2_PLACEMENT_3D('',#94,#95,#96);
#94 = CARTESIAN_POINT('',(0.,0.,0.));
#95 = DIRECTION('',(0.,0.,1.));
#96 = DIRECTION('',(1.,0.,-0.));
#97 = DEFINITIONAL_REPRESENTATION('',(#98),#102);
#98 = CIRCLE('',#99,3.);
#99 = AXIS2_PLACEMENT_2D('',#100,#101);
#100 = CARTESIAN_POINT('',(0.,0.));
#101 = DIRECTION('',(1.,0.));
#102 = ( GEOMETRIC_REPRESENTATION_CONTEXT(2) 
PARAMETRIC_REPRESENTATION_CONTEXT() REPRESENTATION_CONTEXT('2D SPACE',''
  ) );
#103 = ORIENTED_EDGE('',*,*,#54,.T.);
#104 = ADVANCED_FACE('',(#105),#43,.T.);
#105 = FACE_BOUND('',#106,.T.);
#106 = EDGE_LOOP('',(#107,#136,#157,#158));
#107 = ORIENTED_EDGE('',*,*,#108,.F.);
#108 = EDGE_CURVE('',#109,#109,#111,.T.);
#109 = VERTEX_POINT('',#110);
#110 = CARTESIAN_POINT('',(9.,-2.204364238465E-15,55.));
#111 = SURFACE_CURVE('',#112,(#117,#124),.PCURVE_S1.);
#112 = CIRCLE('',#113,9.);
#113 = AXIS2_PLACEMENT_3D('',#114,#115,#116);
#114 = CARTESIAN_POINT('',(0.,0.,55.));
#115 = DIRECTION('',(0.,0.,1.));
#116 = DIRECTION('',(1.,0.,-0.));
#117 = PCURVE('',#43,#118);
#118 = DEFINITIONAL_REPRESENTATION('',(#119),#123);
#119 = LINE('',#120,#121);
#120 = CARTESIAN_POINT('',(0.,20.));
#121 = VECTOR('',#122,1.);
#122 = DIRECTION('',(1.,0.));
#123 = ( GEOMETRIC_REPRESENTATION_CONTEXT(2) 
PARAMETRIC_REPRESENTATION_CONTEXT() REPRESENTATION_CONTEXT('2D SPACE',''
  ) );
#124 = PCURVE('',#125,#130);
#125 = PLANE('',#126);
#126 = AXIS2_PLACEMENT_3D('',#127,#128,#129);
#127 = CARTESIAN_POINT('',(0.,0.,55.));
#128 = DIRECTION('',(0.,0.,1.));
#129 = DIRECTION('',(1.,0.,-0.));
#130 = DEFINITIONAL_REPRESENTATION('',(#131),#135);
#131 = CIRCLE('',#132,9.);
#132 = AXIS2_PLACEMENT_2D('',#133,#134);
#133 = CARTESIAN_POINT('',(0.,0.));
#134 = DIRECTION('',(1.,0.));
#135 = ( GEOMETRIC_REPRESENTATION_CONTEXT(2) 
PARAMETRIC_REPRESENTATION_CONTEXT() REPRESENTATION_CONTEXT('2D SPACE',''
  ) );
#136 = ORIENTED_EDGE('',*,*,#137,.F.);
#137 = EDGE_CURVE('',#22,#109,#138,.T.);
#138 = SEAM_CURVE('',#139,(#143,#150),.PCURVE_S1.);
#139 = LINE('',#140,#141);
#140 = CARTESIAN_POINT('',(9.,-2.204364238465E-15,35.));
#141 = VECTOR('',#142,1.);
#142 = DIRECTION('',(0.,0.,1.));
#143 = PCURVE('',#43,#144);
#144 = DEFINITIONAL_REPRESENTATION('',(#145),#149);
#145 = LINE('',#146,#147);
#146 = CARTESIAN_POINT('',(6.28318530718,-0.));
#147 = VECTOR('',#148,1.);
#148 = DIRECTION('',(0.,1.));
#149 = ( GEOMETRIC_REPRESENTATION_CONTEXT(2) 
PARAMETRIC_REPRESENTATION_CONTEXT() REPRESENTATION_CONTEXT('2D SPACE',''
  ) );
#150 = PCURVE('',#43,#151);
#151 = DEFINITIONAL_REPRESENTATION('',(#152),#156);
#152 = LINE('',#153,#154);
#153 = CARTESIAN_POINT('',(0.,-0.));
#154 = VECTOR('',#155,1.);
#155 = DIRECTION('',(0.,1.));
#156 = ( GEOMETRIC_REPRESENTATION_CONTEXT(2) 
PARAMETRIC_REPRESENTATION_CONTEXT() REPRESENTATION_CONTEXT('2D SPACE',''
  ) );
#157 = ORIENTED_EDGE('',*,*,#21,.T.);
#158 = ORIENTED_EDGE('',*,*,#137,.T.);
#159 = ADVANCED_FACE('',(#160),#92,.F.);
#160 = FACE_BOUND('',#161,.T.);
#161 = EDGE_LOOP('',(#162));
#162 = ORIENTED_EDGE('',*,*,#77,.F.);
#163 = ADVANCED_FACE('',(#164,#167),#125,.T.);
#164 = FACE_BOUND('',#165,.T.);
#165 = EDGE_LOOP('',(#166));
#166 = ORIENTED_EDGE('',*,*,#108,.T.);
#167 = FACE_BOUND('',#168,.T.);
#168 = EDGE_LOOP('',(#169));
#169 = ORIENTED_EDGE('',*,*,#170,.F.);
#170 = EDGE_CURVE('',#171,#171,#173,.T.);
#171 = VERTEX_POINT('',#172);
#172 = CARTESIAN_POINT('',(8.,-1.959434878636E-15,55.));
#173 = SURFACE_CURVE('',#174,(#179,#186),.PCURVE_S1.);
#174 = CIRCLE('',#175,8.);
#175 = AXIS2_PLACEMENT_3D('',#176,#177,#178);
#176 = CARTESIAN_POINT('',(0.,0.,55.));
#177 = DIRECTION('',(0.,0.,1.));
#178 = DIRECTION('',(1.,0.,-0.));
#179 = PCURVE('',#125,#180);
#180 = DEFINITIONAL_REPRESENTATION('',(#181),#185);
#181 = CIRCLE('',#182,8.);
#182 = AXIS2_PLACEMENT_2D('',#183,#184);
#183 = CARTESIAN_POINT('',(0.,0.));
#184 = DIRECTION('',(1.,0.));
#185 = ( GEOMETRIC_REPRESENTATION_CONTEXT(2) 
PARAMETRIC_REPRESENTATION_CONTEXT() REPRESENTATION_CONTEXT('2D SPACE',''
  ) );
#186 = PCURVE('',#187,#192);
#187 = CYLINDRICAL_SURFACE('',#188,8.);
#188 = AXIS2_PLACEMENT_3D('',#189,#190,#191);
#189 = CARTESIAN_POINT('',(0.,0.,55.));
#190 = DIRECTION('',(0.,0.,1.));
#191 = DIRECTION('',(1.,0.,-0.));
#192 = DEFINITIONAL_REPRESENTATION('',(#193),#197);
#193 = LINE('',#194,#195);
#194 = CARTESIAN_POINT('',(0.,0.));
#195 = VECTOR('',#196,1.);
#196 = DIRECTION('',(1.,0.));
#197 = ( GEOMETRIC_REPRESENTATION_CONTEXT(2) 
PARAMETRIC_REPRESENTATION_CONTEXT() REPRESENTATION_CONTEXT('2D SPACE',''
  ) );
#198 = ADVANCED_FACE('',(#199),#187,.T.);
#199 = FACE_BOUND('',#200,.T.);
#200 = EDGE_LOOP('',(#201,#230,#251,#252));
#201 = ORIENTED_EDGE('',*,*,#202,.F.);
#202 = EDGE_CURVE('',#203,#203,#205,.T.);
#203 = VERTEX_POINT('',#204);
#204 = CARTESIAN_POINT('',(8.,-1.959434878636E-15,1.055E+03));
#205 = SURFACE_CURVE('',#206,(#211,#218),.PCURVE_S1.);
#206 = CIRCLE('',#207,8.);
#207 = AXIS2_PLACEMENT_3D('',#208,#209,#210);
#208 = CARTESIAN_POINT('',(0.,0.,1.055E+03));
#209 = DIRECTION('',(0.,0.,1.));
#210 = DIRECTION('',(1.,0.,-0.));
#211 = PCURVE('',#187,#212);
#212 = DEFINITIONAL_REPRESENTATION('',(#213),#217);
#213 = LINE('',#214,#215);
#214 = CARTESIAN_POINT('',(0.,1.E+03));
#215 = VECTOR('',#216,1.);
#216 = DIRECTION('',(1.,0.));
#217 = ( GEOMETRIC_REPRESENTATION_CONTEXT(2) 
PARAMETRIC_REPRESENTATION_CONTEXT() REPRESENTATION_CONTEXT('2D SPACE',''
  ) );
#218 = PCURVE('',#219,#224);
#219 = PLANE('',#220);
#220 = AXIS2_PLACEMENT_3D('',#221,#222,#223);
#221 = CARTESIAN_POINT('',(0.,0.,1.055E+03));
#222 = DIRECTION('',(0.,0.,1.));
#223 = DIRECTION('',(1.,0.,-0.));
#224 = DEFINITIONAL_REPRESENTATION('',(#225),#229);
#225 = CIRCLE('',#226,8.);
#226 = AXIS2_PLACEMENT_2D('',#227,#228);
#227 = CARTESIAN_POINT('',(0.,0.));
#228 = DIRECTION('',(1.,0.));
#229 = ( GEOMETRIC_REPRESENTATION_CONTEXT(2) 
PARAMETRIC_REPRESENTATION_CONTEXT() REPRESENTATION_CONTEXT('2D SPACE',''
  ) );
#230 = ORIENTED_EDGE('',*,*,#231,.F.);
#231 = EDGE_CURVE('',#171,#203,#232,.T.);
#232 = SEAM_CURVE('',#233,(#237,#244),.PCURVE_S1.);
#233 = LINE('',#234,#235);
#234 = CARTESIAN_POINT('',(8.,-1.959434878636E-15,55.));
#235 = VECTOR('',#236,1.);
#236 = DIRECTION('',(0.,0.,1.));
#237 = PCURVE('',#187,#238);
#238 = DEFINITIONAL_REPRESENTATION('',(#239),#243);
#239 = LINE('',#240,#241);
#240 = CARTESIAN_POINT('',(6.28318530718,-0.));
#241 = VECTOR('',#242,1.);
#242 = DIRECTION('',(0.,1.));
#243 = ( GEOMETRIC_REPRESENTATION_CONTEXT(2) 
PARAMETRIC_REPRESENTATION_CONTEXT() REPRESENTATION_CONTEXT('2D SPACE',''
  ) );
#244 = PCURVE('',#187,#245);
#245 = DEFINITIONAL_REPRESENTATION('',(#246),#250);
#246 = LINE('',#247,#248);
#247 = CARTESIAN_POINT('',(0.,-0.));
#248 = VECTOR('',#249,1.);
#249 = DIRECTION('',(0.,1.));
#250 = ( GEOMETRIC_REPRESENTATION_CONTEXT(2) 
PARAMETRIC_REPRESENTATION_CONTEXT() REPRESENTATION_CONTEXT('2D SPACE',''
  ) );
#251 = ORIENTED_EDGE('',*,*,#170,.T.);
#252 = ORIENTED_EDGE('',*,*,#231,.T.);
#253 = ADVANCED_FACE('',(#254,#257),#219,.T.);
#254 = FACE_BOUND('',#255,.T.);
#255 = EDGE_LOOP('',(#256));
#256 = ORIENTED_EDGE('',*,*,#202,.T.);
#257 = FACE_BOUND('',#258,.T.);
#258 = EDGE_LOOP('',(#259));
#259 = ORIENTED_EDGE('',*,*,#260,.F.);
#260 = EDGE_CURVE('',#261,#261,#263,.T.);
#261 = VERTEX_POINT('',#262);
#262 = CARTESIAN_POINT('',(6.,-1.469576158977E-15,1.055E+03));
#263 = SURFACE_CURVE('',#264,(#269,#276),.PCURVE_S1.);
#264 = CIRCLE('',#265,6.);
#265 = AXIS2_PLACEMENT_3D('',#266,#267,#268);
#266 = CARTESIAN_POINT('',(0.,0.,1.055E+03));
#267 = DIRECTION('',(0.,0.,1.));
#268 = DIRECTION('',(1.,0.,-0.));
#269 = PCURVE('',#219,#270);
#270 = DEFINITIONAL_REPRESENTATION('',(#271),#275);
#271 = CIRCLE('',#272,6.);
#272 = AXIS2_PLACEMENT_2D('',#273,#274);
#273 = CARTESIAN_POINT('',(0.,0.));
#274 = DIRECTION('',(1.,0.));
#275 = ( GEOMETRIC_REPRESENTATION_CONTEXT(2) 
PARAMETRIC_REPRESENTATION_CONTEXT() REPRESENTATION_CONTEXT('2D SPACE',''
  ) );
#276 = PCURVE('',#277,#282);
#277 = CYLINDRICAL_SURFACE('',#278,6.);
#278 = AXIS2_PLACEMENT_3D('',#279,#280,#281);
#279 = CARTESIAN_POINT('',(0.,0.,54.));
#280 = DIRECTION('',(0.,0.,1.));
#281 = DIRECTION('',(1.,0.,-0.));
#282 = DEFINITIONAL_REPRESENTATION('',(#283),#287);
#283 = LINE('',#284,#285);
#284 = CARTESIAN_POINT('',(0.,1.001E+03));
#285 = VECTOR('',#286,1.);
#286 = DIRECTION('',(1.,0.));
#287 = ( GEOMETRIC_REPRESENTATION_CONTEXT(2) 
PARAMETRIC_REPRESENTATION_CONTEXT() REPRESENTATION_CONTEXT('2D SPACE',''
  ) );
#288 = ADVANCED_FACE('',(#289),#277,.F.);
#289 = FACE_BOUND('',#290,.F.);
#290 = EDGE_LOOP('',(#291,#314,#315,#316));
#291 = ORIENTED_EDGE('',*,*,#292,.T.);
#292 = EDGE_CURVE('',#293,#261,#295,.T.);
#293 = VERTEX_POINT('',#294);
#294 = CARTESIAN_POINT('',(6.,-1.469576158977E-15,85.));
#295 = SEAM_CURVE('',#296,(#300,#307),.PCURVE_S1.);
#296 = LINE('',#297,#298);
#297 = CARTESIAN_POINT('',(6.,-1.469576158977E-15,54.));
#298 = VECTOR('',#299,1.);
#299 = DIRECTION('',(0.,0.,1.));
#300 = PCURVE('',#277,#301);
#301 = DEFINITIONAL_REPRESENTATION('',(#302),#306);
#302 = LINE('',#303,#304);
#303 = CARTESIAN_POINT('',(6.28318530718,-0.));
#304 = VECTOR('',#305,1.);
#305 = DIRECTION('',(0.,1.));
#306 = ( GEOMETRIC_REPRESENTATION_CONTEXT(2) 
PARAMETRIC_REPRESENTATION_CONTEXT() REPRESENTATION_CONTEXT('2D SPACE',''
  ) );
#307 = PCURVE('',#277,#308);
#308 = DEFINITIONAL_REPRESENTATION('',(#309),#313);
#309 = LINE('',#310,#311);
#310 = CARTESIAN_POINT('',(0.,-0.));
#311 = VECTOR('',#312,1.);
#312 = DIRECTION('',(0.,1.));
#313 = ( GEOMETRIC_REPRESENTATION_CONTEXT(2) 
PARAMETRIC_REPRESENTATION_CONTEXT() REPRESENTATION_CONTEXT('2D SPACE',''
  ) );
#314 = ORIENTED_EDGE('',*,*,#260,.F.);
#315 = ORIENTED_EDGE('',*,*,#292,.F.);
#316 = ORIENTED_EDGE('',*,*,#317,.T.);
#317 = EDGE_CURVE('',#293,#293,#318,.T.);
#318 = SURFACE_CURVE('',#319,(#324,#331),.PCURVE_S1.);
#319 = CIRCLE('',#320,6.);
#320 = AXIS2_PLACEMENT_3D('',#321,#322,#323);
#321 = CARTESIAN_POINT('',(0.,0.,85.));
#322 = DIRECTION('',(0.,0.,1.));
#323 = DIRECTION('',(1.,0.,-0.));
#324 = PCURVE('',#277,#325);
#325 = DEFINITIONAL_REPRESENTATION('',(#326),#330);
#326 = LINE('',#327,#328);
#327 = CARTESIAN_POINT('',(0.,31.));
#328 = VECTOR('',#329,1.);
#329 = DIRECTION('',(1.,0.));
#330 = ( GEOMETRIC_REPRESENTATION_CONTEXT(2) 
PARAMETRIC_REPRESENTATION_CONTEXT() REPRESENTATION_CONTEXT('2D SPACE',''
  ) );
#331 = PCURVE('',#332,#337);
#332 = PLANE('',#333);
#333 = AXIS2_PLACEMENT_3D('',#334,#335,#336);
#334 = CARTESIAN_POINT('',(0.,0.,85.));
#335 = DIRECTION('',(0.,0.,1.));
#336 = DIRECTION('',(1.,0.,-0.));
#337 = DEFINITIONAL_REPRESENTATION('',(#338),#342);
#338 = CIRCLE('',#339,6.);
#339 = AXIS2_PLACEMENT_2D('',#340,#341);
#340 = CARTESIAN_POINT('',(0.,0.));
#341 = DIRECTION('',(1.,0.));
#342 = ( GEOMETRIC_REPRESENTATION_CONTEXT(2) 
PARAMETRIC_REPRESENTATION_CONTEXT() REPRESENTATION_CONTEXT('2D SPACE',''
  ) );
#343 = ADVANCED_FACE('',(#344),#332,.T.);
#344 = FACE_BOUND('',#345,.T.);
#345 = EDGE_LOOP('',(#346));
#346 = ORIENTED_EDGE('',*,*,#317,.T.);
#347 = MANIFOLD_SOLID_BREP('',#348);
#348 = CLOSED_SHELL('',(#349,#1146,#1150,#1154));
#349 = ADVANCED_FACE('',(#350,#437,#794),#364,.T.);
#350 = FACE_BOUND('',#351,.T.);
#351 = EDGE_LOOP('',(#352,#382,#409,#410));
#352 = ORIENTED_EDGE('',*,*,#353,.T.);
#353 = EDGE_CURVE('',#354,#356,#358,.T.);
#354 = VERTEX_POINT('',#355);
#355 = CARTESIAN_POINT('',(5.75,-1.408343819019E-15,995.));
#356 = VERTEX_POINT('',#357);
#357 = CARTESIAN_POINT('',(5.75,-1.408343819019E-15,1.115E+03));
#358 = SEAM_CURVE('',#359,(#363,#375),.PCURVE_S1.);
#359 = LINE('',#360,#361);
#360 = CARTESIAN_POINT('',(5.75,-1.408343819019E-15,995.));
#361 = VECTOR('',#362,1.);
#362 = DIRECTION('',(0.,0.,1.));
#363 = PCURVE('',#364,#369);
#364 = CYLINDRICAL_SURFACE('',#365,5.75);
#365 = AXIS2_PLACEMENT_3D('',#366,#367,#368);
#366 = CARTESIAN_POINT('',(0.,0.,995.));
#367 = DIRECTION('',(0.,0.,1.));
#368 = DIRECTION('',(1.,0.,-0.));
#369 = DEFINITIONAL_REPRESENTATION('',(#370),#374);
#370 = LINE('',#371,#372);
#371 = CARTESIAN_POINT('',(6.28318530718,-0.));
#372 = VECTOR('',#373,1.);
#373 = DIRECTION('',(0.,1.));
#374 = ( GEOMETRIC_REPRESENTATION_CONTEXT(2) 
PARAMETRIC_REPRESENTATION_CONTEXT() REPRESENTATION_CONTEXT('2D SPACE',''
  ) );
#375 = PCURVE('',#364,#376);
#376 = DEFINITIONAL_REPRESENTATION('',(#377),#381);
#377 = LINE('',#378,#379);
#378 = CARTESIAN_POINT('',(0.,-0.));
#379 = VECTOR('',#380,1.);
#380 = DIRECTION('',(0.,1.));
#381 = ( GEOMETRIC_REPRESENTATION_CONTEXT(2) 
PARAMETRIC_REPRESENTATION_CONTEXT() REPRESENTATION_CONTEXT('2D SPACE',''
  ) );
#382 = ORIENTED_EDGE('',*,*,#383,.F.);
#383 = EDGE_CURVE('',#356,#356,#384,.T.);
#384 = SURFACE_CURVE('',#385,(#390,#397),.PCURVE_S1.);
#385 = CIRCLE('',#386,5.75);
#386 = AXIS2_PLACEMENT_3D('',#387,#388,#389);
#387 = CARTESIAN_POINT('',(0.,0.,1.115E+03));
#388 = DIRECTION('',(0.,0.,1.));
#389 = DIRECTION('',(1.,0.,-0.));
#390 = PCURVE('',#364,#391);
#391 = DEFINITIONAL_REPRESENTATION('',(#392),#396);
#392 = LINE('',#393,#394);
#393 = CARTESIAN_POINT('',(0.,120.));
#394 = VECTOR('',#395,1.);
#395 = DIRECTION('',(1.,0.));
#396 = ( GEOMETRIC_REPRESENTATION_CONTEXT(2) 
PARAMETRIC_REPRESENTATION_CONTEXT() REPRESENTATION_CONTEXT('2D SPACE',''
  ) );
#397 = PCURVE('',#398,#403);
#398 = PLANE('',#399);
#399 = AXIS2_PLACEMENT_3D('',#400,#401,#402);
#400 = CARTESIAN_POINT('',(0.,0.,1.115E+03));
#401 = DIRECTION('',(0.,0.,1.));
#402 = DIRECTION('',(1.,0.,-0.));
#403 = DEFINITIONAL_REPRESENTATION('',(#404),#408);
#404 = CIRCLE('',#405,5.75);
#405 = AXIS2_PLACEMENT_2D('',#406,#407);
#406 = CARTESIAN_POINT('',(0.,0.));
#407 = DIRECTION('',(1.,0.));
#408 = ( GEOMETRIC_REPRESENTATION_CONTEXT(2) 
PARAMETRIC_REPRESENTATION_CONTEXT() REPRESENTATION_CONTEXT('2D SPACE',''
  ) );
#409 = ORIENTED_EDGE('',*,*,#353,.F.);
#410 = ORIENTED_EDGE('',*,*,#411,.T.);
#411 = EDGE_CURVE('',#354,#354,#412,.T.);
#412 = SURFACE_CURVE('',#413,(#418,#425),.PCURVE_S1.);
#413 = CIRCLE('',#414,5.75);
#414 = AXIS2_PLACEMENT_3D('',#415,#416,#417);
#415 = CARTESIAN_POINT('',(0.,0.,995.));
#416 = DIRECTION('',(0.,0.,1.));
#417 = DIRECTION('',(1.,0.,-0.));
#418 = PCURVE('',#364,#419);
#419 = DEFINITIONAL_REPRESENTATION('',(#420),#424);
#420 = LINE('',#421,#422);
#421 = CARTESIAN_POINT('',(0.,0.));
#422 = VECTOR('',#423,1.);
#423 = DIRECTION('',(1.,0.));
#424 = ( GEOMETRIC_REPRESENTATION_CONTEXT(2) 
PARAMETRIC_REPRESENTATION_CONTEXT() REPRESENTATION_CONTEXT('2D SPACE',''
  ) );
#425 = PCURVE('',#426,#431);
#426 = PLANE('',#427);
#427 = AXIS2_PLACEMENT_3D('',#428,#429,#430);
#428 = CARTESIAN_POINT('',(0.,0.,995.));
#429 = DIRECTION('',(0.,0.,1.));
#430 = DIRECTION('',(1.,0.,-0.));
#431 = DEFINITIONAL_REPRESENTATION('',(#432),#436);
#432 = CIRCLE('',#433,5.75);
#433 = AXIS2_PLACEMENT_2D('',#434,#435);
#434 = CARTESIAN_POINT('',(0.,0.));
#435 = DIRECTION('',(1.,0.));
#436 = ( GEOMETRIC_REPRESENTATION_CONTEXT(2) 
PARAMETRIC_REPRESENTATION_CONTEXT() REPRESENTATION_CONTEXT('2D SPACE',''
  ) );
#437 = FACE_BOUND('',#438,.T.);
#438 = EDGE_LOOP('',(#439));
#439 = ORIENTED_EDGE('',*,*,#440,.T.);
#440 = EDGE_CURVE('',#441,#441,#443,.T.);
#441 = VERTEX_POINT('',#442);
#442 = CARTESIAN_POINT('',(2.7,5.076662289339,1.085E+03));
#443 = SURFACE_CURVE('',#444,(#557,#673),.PCURVE_S1.);
#444 = B_SPLINE_CURVE_WITH_KNOTS('',6,(#445,#446,#447,#448,#449,#450,
    #451,#452,#453,#454,#455,#456,#457,#458,#459,#460,#461,#462,#463,
    #464,#465,#466,#467,#468,#469,#470,#471,#472,#473,#474,#475,#476,
    #477,#478,#479,#480,#481,#482,#483,#484,#485,#486,#487,#488,#489,
    #490,#491,#492,#493,#494,#495,#496,#497,#498,#499,#500,#501,#502,
    #503,#504,#505,#506,#507,#508,#509,#510,#511,#512,#513,#514,#515,
    #516,#517,#518,#519,#520,#521,#522,#523,#524,#525,#526,#527,#528,
    #529,#530,#531,#532,#533,#534,#535,#536,#537,#538,#539,#540,#541,
    #542,#543,#544,#545,#546,#547,#548,#549,#550,#551,#552,#553,#554,
    #555,#556),.UNSPECIFIED.,.T.,.F.,(7,5,5,5,5,5,5,5,5,5,5,5,5,5,5,5,5,
    5,5,5,5,5,7),(0.,7.488202283429E-02,0.123499665123,0.159909293367,
    0.188629122813,0.22422746234,0.2763804584,0.311251161377,
    0.339536128789,0.377671362778,0.426493689288,0.499659989614,
    0.539546606076,0.574890029257,0.659888220478,0.688607042305,
    0.724204132815,0.776355298903,0.811224778317,0.839508753248,
    0.877642649124,0.926463262526,1.),.UNSPECIFIED.);
#445 = CARTESIAN_POINT('',(2.7,5.076662289339,1.085E+03));
#446 = CARTESIAN_POINT('',(2.7,5.076662289339,1.08518877356E+03));
#447 = CARTESIAN_POINT('',(2.684162138517,5.085085571805,
    1.085377356132E+03));
#448 = CARTESIAN_POINT('',(2.652545698574,5.101900687073,
    1.085564587851E+03));
#449 = CARTESIAN_POINT('',(2.605165328338,5.126624244323,
    1.085749285943E+03));
#450 = CARTESIAN_POINT('',(2.542015505463,5.15832032776,
    1.085930166306E+03));
#451 = CARTESIAN_POINT('',(2.411999403029,5.219958559054,
    1.086219785898E+03));
#452 = CARTESIAN_POINT('',(2.354181461259,5.246628077666,
    1.08633163082E+03));
#453 = CARTESIAN_POINT('',(2.289668549569,5.275385375237,
    1.086441058902E+03));
#454 = CARTESIAN_POINT('',(2.218372164426,5.305864110365,
    1.08654775505E+03));
#455 = CARTESIAN_POINT('',(2.140177269917,5.337646450095,
    1.086651335092E+03));
#456 = CARTESIAN_POINT('',(1.991113541848,5.394686071463,
    1.086826239481E+03));
#457 = CARTESIAN_POINT('',(1.923326157605,5.419581370225,
    1.086899143073E+03));
#458 = CARTESIAN_POINT('',(1.851504994883,5.444755156655,
    1.086969878018E+03));
#459 = CARTESIAN_POINT('',(1.775572926773,5.46999329069,
    1.087038225382E+03));
#460 = CARTESIAN_POINT('',(1.695453971548,5.495057989162,
    1.087103923085E+03));
#461 = CARTESIAN_POINT('',(1.544516018395,5.539113439391,
    1.087216156504E+03));
#462 = CARTESIAN_POINT('',(1.475293998893,5.55827266154,
    1.087263818062E+03));
#463 = CARTESIAN_POINT('',(1.403396906699,5.577027241282,
    1.087309478302E+03));
#464 = CARTESIAN_POINT('',(1.328822431999,5.595230543227,
    1.087352951572E+03));
#465 = CARTESIAN_POINT('',(1.251578005664,5.612727723971,
    1.0873940378E+03));
#466 = CARTESIAN_POINT('',(1.072649248747,5.649969541866,
    1.087480223046E+03));
#467 = CARTESIAN_POINT('',(0.969418112064,5.669274685859,
    1.087523985996E+03));
#468 = CARTESIAN_POINT('',(0.86228717239,5.68689930566,
    1.087563245568E+03));
#469 = CARTESIAN_POINT('',(0.751598791031,5.702488959702,
    1.087597497704E+03));
#470 = CARTESIAN_POINT('',(0.637736842166,5.715724158045,
    1.087626293244E+03));
#471 = CARTESIAN_POINT('',(0.350284086719,5.741883786105,
    1.087682837498E+03));
#472 = CARTESIAN_POINT('',(0.17365984149,5.751790529563,
    1.08770384895E+03));
#473 = CARTESIAN_POINT('',(-5.903949648306E-03,5.755090244797,
    1.087710747107E+03));
#474 = CARTESIAN_POINT('',(-0.185402769632,5.751416694183,
    1.087703060433E+03));
#475 = CARTESIAN_POINT('',(-0.361834152528,5.74115899784,
    1.087681292866E+03));
#476 = CARTESIAN_POINT('',(-0.646378074013,5.714701027307,
    1.08762406579E+03));
#477 = CARTESIAN_POINT('',(-0.757724924568,5.701599295442,
    1.087595539871E+03));
#478 = CARTESIAN_POINT('',(-0.866006700924,5.68625264894,
    1.08756179857E+03));
#479 = CARTESIAN_POINT('',(-0.970866016235,5.668962181842,
    1.087523265513E+03));
#480 = CARTESIAN_POINT('',(-1.071983716214,5.650060636562,
    1.087480414089E+03));
#481 = CARTESIAN_POINT('',(-1.247839118369,5.613543262378,
    1.087395940686E+03));
#482 = CARTESIAN_POINT('',(-1.324026973944,5.596343262464,
    1.087355579193E+03));
#483 = CARTESIAN_POINT('',(-1.397625967516,5.578452502551,
    1.087312894457E+03));
#484 = CARTESIAN_POINT('',(-1.468628008913,5.560019281015,
    1.087268078381E+03));
#485 = CARTESIAN_POINT('',(-1.537034289137,5.541184253735,
    1.08722130944E+03));
#486 = CARTESIAN_POINT('',(-1.691597192808,5.496320375535,
    1.087107287344E+03));
#487 = CARTESIAN_POINT('',(-1.775660502652,5.470064386604,
    1.08703855708E+03));
#488 = CARTESIAN_POINT('',(-1.85512907256,5.443614392004,
    1.086966916231E+03));
#489 = CARTESIAN_POINT('',(-1.93009012589,5.417243648686,
    1.086892666088E+03));
#490 = CARTESIAN_POINT('',(-2.000632206136,5.391197010962,
    1.086816056087E+03));
#491 = CARTESIAN_POINT('',(-2.151610410483,5.333040800411,
    1.086636437629E+03));
#492 = CARTESIAN_POINT('',(-2.229295307227,5.301271622619,
    1.086532028943E+03));
#493 = CARTESIAN_POINT('',(-2.300036180547,5.270858934242,
    1.086424514669E+03));
#494 = CARTESIAN_POINT('',(-2.363946081924,5.242222686927,
    1.086314280274E+03));
#495 = CARTESIAN_POINT('',(-2.42111119451,5.215730632753,
    1.086201642738E+03));
#496 = CARTESIAN_POINT('',(-2.547235523931,5.155687204381,
    1.085914826125E+03));
#497 = CARTESIAN_POINT('',(-2.607910574011,5.125179487429,
    1.085737853813E+03));
#498 = CARTESIAN_POINT('',(-2.653532658153,5.10136893141,
    1.085557289465E+03));
#499 = CARTESIAN_POINT('',(-2.684103457464,5.085116714493,
    1.085374332072E+03));
#500 = CARTESIAN_POINT('',(-2.699608251952,5.076870638196,
    1.08519008952E+03));
#501 = CARTESIAN_POINT('',(-2.700204432945,5.076553562907,
    1.084905100035E+03));
#502 = CARTESIAN_POINT('',(-2.695921452358,5.078831357062,
    1.084804554308E+03));
#503 = CARTESIAN_POINT('',(-2.687146638545,5.083499433905,
    1.084704204639E+03));
#504 = CARTESIAN_POINT('',(-2.673883354119,5.090518153237,
    1.084604248606E+03));
#505 = CARTESIAN_POINT('',(-2.656138449023,5.099809121329,
    1.084504888023E+03));
#506 = CARTESIAN_POINT('',(-2.614239597954,5.121400364076,
    1.084318996477E+03));
#507 = CARTESIAN_POINT('',(-2.591046806863,5.133236899011,
    1.084232297337E+03));
#508 = CARTESIAN_POINT('',(-2.564347545231,5.146689365553,
    1.084146345499E+03));
#509 = CARTESIAN_POINT('',(-2.534140068837,5.161661677403,
    1.084061262364E+03));
#510 = CARTESIAN_POINT('',(-2.500420143823,5.178039919977,
    1.083977177235E+03));
#511 = CARTESIAN_POINT('',(-2.373628331896,5.23814957473,
    1.083694739966E+03));
#512 = CARTESIAN_POINT('',(-2.263849838417,5.28792532599,
    1.083502091964E+03));
#513 = CARTESIAN_POINT('',(-2.133554886263,5.34331874853,
    1.08331744364E+03));
#514 = CARTESIAN_POINT('',(-1.98195528037,5.402279078507,
    1.083142485867E+03));
#515 = CARTESIAN_POINT('',(-1.808065202044,5.462189261603,
    1.082979811611E+03));
#516 = CARTESIAN_POINT('',(-1.544516018395,5.539113439391,
    1.082783843496E+03));
#517 = CARTESIAN_POINT('',(-1.475293998891,5.55827266154,
    1.082736181938E+03));
#518 = CARTESIAN_POINT('',(-1.403396906697,5.577027241283,
    1.082690521698E+03));
#519 = CARTESIAN_POINT('',(-1.328822431998,5.595230543228,
    1.082647048428E+03));
#520 = CARTESIAN_POINT('',(-1.251578005664,5.612727723971,
    1.0826059622E+03));
#521 = CARTESIAN_POINT('',(-1.072649248938,5.649969541826,
    1.082519776954E+03));
#522 = CARTESIAN_POINT('',(-0.969418112012,5.669274685881,
    1.082476014004E+03));
#523 = CARTESIAN_POINT('',(-0.862287172166,5.686899305692,
    1.082436754432E+03));
#524 = CARTESIAN_POINT('',(-0.751598790958,5.702488959699,
    1.082402502296E+03));
#525 = CARTESIAN_POINT('',(-0.637736842412,5.715724158023,
    1.082373706756E+03));
#526 = CARTESIAN_POINT('',(-0.350284086716,5.741883786105,
    1.082317162502E+03));
#527 = CARTESIAN_POINT('',(-0.173659841488,5.751790529563,
    1.08229615105E+03));
#528 = CARTESIAN_POINT('',(5.903949651066E-03,5.755090244797,
    1.082289252893E+03));
#529 = CARTESIAN_POINT('',(0.185402769634,5.751416694183,
    1.082296939567E+03));
#530 = CARTESIAN_POINT('',(0.36183415253,5.74115899784,
    1.082318707134E+03));
#531 = CARTESIAN_POINT('',(0.646378074008,5.714701027308,
    1.08237593421E+03));
#532 = CARTESIAN_POINT('',(0.757724924572,5.701599295442,
    1.082404460129E+03));
#533 = CARTESIAN_POINT('',(0.866006700932,5.686252648939,
    1.08243820143E+03));
#534 = CARTESIAN_POINT('',(0.970866016238,5.668962181841,
    1.082476734487E+03));
#535 = CARTESIAN_POINT('',(1.07198371621,5.650060636563,
    1.082519585911E+03));
#536 = CARTESIAN_POINT('',(1.24783911837,5.613543262377,
    1.082604059314E+03));
#537 = CARTESIAN_POINT('',(1.324026973945,5.596343262464,
    1.082644420807E+03));
#538 = CARTESIAN_POINT('',(1.397625967517,5.57845250255,
    1.082687105543E+03));
#539 = CARTESIAN_POINT('',(1.468628008913,5.560019281015,
    1.082731921619E+03));
#540 = CARTESIAN_POINT('',(1.537034289138,5.541184253735,
    1.08277869056E+03));
#541 = CARTESIAN_POINT('',(1.691597192808,5.496320375534,
    1.082892712656E+03));
#542 = CARTESIAN_POINT('',(1.775660502653,5.470064386604,
    1.08296144292E+03));
#543 = CARTESIAN_POINT('',(1.85512907256,5.443614392004,
    1.083033083769E+03));
#544 = CARTESIAN_POINT('',(1.930090125891,5.417243648685,
    1.083107333912E+03));
#545 = CARTESIAN_POINT('',(2.000632206137,5.391197010962,
    1.083183943913E+03));
#546 = CARTESIAN_POINT('',(2.151610410484,5.33304080041,
    1.083363562371E+03));
#547 = CARTESIAN_POINT('',(2.229295307228,5.301271622619,
    1.083467971057E+03));
#548 = CARTESIAN_POINT('',(2.300036180547,5.270858934242,
    1.083575485331E+03));
#549 = CARTESIAN_POINT('',(2.363946081924,5.242222686927,
    1.083685719726E+03));
#550 = CARTESIAN_POINT('',(2.421111194511,5.215730632753,
    1.083798357262E+03));
#551 = CARTESIAN_POINT('',(2.54762118765,5.155503603232,
    1.084086050905E+03));
#552 = CARTESIAN_POINT('',(2.608529773956,5.124868122958,
    1.084263952903E+03));
#553 = CARTESIAN_POINT('',(2.654230724525,5.101004506534,
    1.084445477588E+03));
#554 = CARTESIAN_POINT('',(2.684725772022,5.084785807992,
    1.084629407049E+03));
#555 = CARTESIAN_POINT('',(2.7,5.076662289339,1.084814615932E+03));
#556 = CARTESIAN_POINT('',(2.7,5.076662289339,1.085E+03));
#557 = PCURVE('',#364,#558);
#558 = DEFINITIONAL_REPRESENTATION('',(#559),#672);
#559 = B_SPLINE_CURVE_WITH_KNOTS('',6,(#560,#561,#562,#563,#564,#565,
    #566,#567,#568,#569,#570,#571,#572,#573,#574,#575,#576,#577,#578,
    #579,#580,#581,#582,#583,#584,#585,#586,#587,#588,#589,#590,#591,
    #592,#593,#594,#595,#596,#597,#598,#599,#600,#601,#602,#603,#604,
    #605,#606,#607,#608,#609,#610,#611,#612,#613,#614,#615,#616,#617,
    #618,#619,#620,#621,#622,#623,#624,#625,#626,#627,#628,#629,#630,
    #631,#632,#633,#634,#635,#636,#637,#638,#639,#640,#641,#642,#643,
    #644,#645,#646,#647,#648,#649,#650,#651,#652,#653,#654,#655,#656,
    #657,#658,#659,#660,#661,#662,#663,#664,#665,#666,#667,#668,#669,
    #670,#671),.UNSPECIFIED.,.T.,.F.,(7,5,5,5,5,5,5,5,5,5,5,5,5,5,5,5,5,
    5,5,5,5,5,7),(0.,7.488202283429E-02,0.123499665123,0.159909293367,
    0.188629122813,0.22422746234,0.2763804584,0.311251161377,
    0.339536128789,0.377671362778,0.426493689288,0.499659989614,
    0.539546606076,0.574890029257,0.659888220478,0.688607042305,
    0.724204132815,0.776355298903,0.811224778317,0.839508753248,
    0.877642649124,0.926463262526,1.),.UNSPECIFIED.);
#560 = CARTESIAN_POINT('',(1.081998062844,90.));
#561 = CARTESIAN_POINT('',(1.081998062844,90.188773560342));
#562 = CARTESIAN_POINT('',(1.085117788165,90.377356132223));
#563 = CARTESIAN_POINT('',(1.091345652464,90.564587850882));
#564 = CARTESIAN_POINT('',(1.100639653951,90.749285943457));
#565 = CARTESIAN_POINT('',(1.11292486732,90.930166306328));
#566 = CARTESIAN_POINT('',(1.137948687171,91.21978589847));
#567 = CARTESIAN_POINT('',(1.149021525569,91.331630820257));
#568 = CARTESIAN_POINT('',(1.161303779267,91.44105890172));
#569 = CARTESIAN_POINT('',(1.174785786884,91.54775505018));
#570 = CARTESIAN_POINT('',(1.189462184834,91.65133509247));
#571 = CARTESIAN_POINT('',(1.217219443967,91.826239480997));
#572 = CARTESIAN_POINT('',(1.229777304537,91.899143072997));
#573 = CARTESIAN_POINT('',(1.243010708841,91.969878018196));
#574 = CARTESIAN_POINT('',(1.256923569164,92.038225382258));
#575 = CARTESIAN_POINT('',(1.271520551953,92.103923084623));
#576 = CARTESIAN_POINT('',(1.298865937009,92.216156504454));
#577 = CARTESIAN_POINT('',(1.311355942066,92.263818062497));
#578 = CARTESIAN_POINT('',(1.324275979785,92.309478302075));
#579 = CARTESIAN_POINT('',(1.33762357932,92.352951572494));
#580 = CARTESIAN_POINT('',(1.351395604341,92.394037799983));
#581 = CARTESIAN_POINT('',(1.383180539985,92.480223045892));
#582 = CARTESIAN_POINT('',(1.401441260165,92.523985995692));
#583 = CARTESIAN_POINT('',(1.42031614745,92.56324556783));
#584 = CARTESIAN_POINT('',(1.439748058725,92.59749770437));
#585 = CARTESIAN_POINT('',(1.459677232927,92.626293244185));
#586 = CARTESIAN_POINT('',(1.509875603201,92.682837498027));
#587 = CARTESIAN_POINT('',(1.540622651815,92.703848950205));
#588 = CARTESIAN_POINT('',(1.571822162286,92.710747106583));
#589 = CARTESIAN_POINT('',(1.60301171148,92.703060433106));
#590 = CARTESIAN_POINT('',(1.633728858738,92.681292866327));
#591 = CARTESIAN_POINT('',(1.683428224861,92.624065789619));
#592 = CARTESIAN_POINT('',(1.702920661154,92.595539870896));
#593 = CARTESIAN_POINT('',(1.721932763195,92.561798570352));
#594 = CARTESIAN_POINT('',(1.740408827734,92.523265513118));
#595 = CARTESIAN_POINT('',(1.758295567194,92.480414088744));
#596 = CARTESIAN_POINT('',(1.78953155104,92.395940685567));
#597 = CARTESIAN_POINT('',(1.803113041316,92.355579192827));
#598 = CARTESIAN_POINT('',(1.816283053527,92.312894457375));
#599 = CARTESIAN_POINT('',(1.829038453428,92.268078380723));
#600 = CARTESIAN_POINT('',(1.841376743316,92.221309439633));
#601 = CARTESIAN_POINT('',(1.869366727352,92.107287343665));
#602 = CARTESIAN_POINT('',(1.88467981437,92.038557080148));
#603 = CARTESIAN_POINT('',(1.899242346511,91.966916230966));
#604 = CARTESIAN_POINT('',(1.913059647014,91.892666088121));
#605 = CARTESIAN_POINT('',(1.926136131206,91.816056087189));
#606 = CARTESIAN_POINT('',(1.954273822905,91.636437629051));
#607 = CARTESIAN_POINT('',(1.968867264841,91.532028943066));
#608 = CARTESIAN_POINT('',(1.982256008566,91.424514668896));
#609 = CARTESIAN_POINT('',(1.994433977407,91.314280274044));
#610 = CARTESIAN_POINT('',(2.005390834716,91.201642738066));
#611 = CARTESIAN_POINT('',(2.029684289387,90.914826124522));
#612 = CARTESIAN_POINT('',(2.041492493917,90.737853812529));
#613 = CARTESIAN_POINT('',(2.050441978257,90.557289464804));
#614 = CARTESIAN_POINT('',(2.056463309984,90.37433207207));
#615 = CARTESIAN_POINT('',(2.059517424335,90.190089520279));
#616 = CARTESIAN_POINT('',(2.059634859884,89.905100035426));
#617 = CARTESIAN_POINT('',(2.058791211955,89.804554308249));
#618 = CARTESIAN_POINT('',(2.05706263467,89.704204639455));
#619 = CARTESIAN_POINT('',(2.054452934174,89.604248606365));
#620 = CARTESIAN_POINT('',(2.050969512007,89.504888022572));
#621 = CARTESIAN_POINT('',(2.042772144207,89.318996477121));
#622 = CARTESIAN_POINT('',(2.038243727287,89.232297337307));
#623 = CARTESIAN_POINT('',(2.03304438924,89.146345499054));
#624 = CARTESIAN_POINT('',(2.027181248475,89.061262363889));
#625 = CARTESIAN_POINT('',(2.020662048389,88.977177234604));
#626 = CARTESIAN_POINT('',(1.996258798324,88.694739965915));
#627 = CARTESIAN_POINT('',(1.975299022454,88.502091964107));
#628 = CARTESIAN_POINT('',(1.95068747199,88.317443639693));
#629 = CARTESIAN_POINT('',(1.922423612096,88.142485866799));
#630 = CARTESIAN_POINT('',(1.8904738455,87.979811610634));
#631 = CARTESIAN_POINT('',(1.842726716581,87.783843495546));
#632 = CARTESIAN_POINT('',(1.830236711523,87.736181937502));
#633 = CARTESIAN_POINT('',(1.817316673804,87.690521697924));
#634 = CARTESIAN_POINT('',(1.803969074269,87.647048427506));
#635 = CARTESIAN_POINT('',(1.790197049249,87.605962200017));
#636 = CARTESIAN_POINT('',(1.758412113639,87.5197769542));
#637 = CARTESIAN_POINT('',(1.740151393415,87.476014004258));
#638 = CARTESIAN_POINT('',(1.7212765061,87.436754432098));
#639 = CARTESIAN_POINT('',(1.701844594852,87.402502295639));
#640 = CARTESIAN_POINT('',(1.681915420706,87.373706755863));
#641 = CARTESIAN_POINT('',(1.631717050388,87.317162501973));
#642 = CARTESIAN_POINT('',(1.600970001775,87.296151049795));
#643 = CARTESIAN_POINT('',(1.569770491303,87.289252893417));
#644 = CARTESIAN_POINT('',(1.53858094211,87.296939566894));
#645 = CARTESIAN_POINT('',(1.507863794852,87.318707133673));
#646 = CARTESIAN_POINT('',(1.45816442873,87.37593421038));
#647 = CARTESIAN_POINT('',(1.438671992435,87.404460129105));
#648 = CARTESIAN_POINT('',(1.419659890393,87.438201429651));
#649 = CARTESIAN_POINT('',(1.401183825855,87.476734486885));
#650 = CARTESIAN_POINT('',(1.383297086397,87.519585911254));
#651 = CARTESIAN_POINT('',(1.352061102549,87.604059314434));
#652 = CARTESIAN_POINT('',(1.338479612274,87.644420807173));
#653 = CARTESIAN_POINT('',(1.325309600063,87.687105542625));
#654 = CARTESIAN_POINT('',(1.312554200162,87.731921619278));
#655 = CARTESIAN_POINT('',(1.300215910273,87.778690560367));
#656 = CARTESIAN_POINT('',(1.272225926238,87.892712656335));
#657 = CARTESIAN_POINT('',(1.25691283922,87.961442919853));
#658 = CARTESIAN_POINT('',(1.242350307079,88.033083769035));
#659 = CARTESIAN_POINT('',(1.228533006576,88.10733391188));
#660 = CARTESIAN_POINT('',(1.215456522384,88.183943912811));
#661 = CARTESIAN_POINT('',(1.187318830685,88.36356237095));
#662 = CARTESIAN_POINT('',(1.172725388748,88.467971056934));
#663 = CARTESIAN_POINT('',(1.159336645024,88.575485331104));
#664 = CARTESIAN_POINT('',(1.147158676183,88.685719725956));
#665 = CARTESIAN_POINT('',(1.136201818874,88.798357261935));
#666 = CARTESIAN_POINT('',(1.111834079533,89.086050905011));
#667 = CARTESIAN_POINT('',(1.099979653054,89.263952902759));
#668 = CARTESIAN_POINT('',(1.091013730093,89.445477588015));
#669 = CARTESIAN_POINT('',(1.085006765454,89.629407049105));
#670 = CARTESIAN_POINT('',(1.081998062844,89.814615931701));
#671 = CARTESIAN_POINT('',(1.081998062844,90.));
#672 = ( GEOMETRIC_REPRESENTATION_CONTEXT(2) 
PARAMETRIC_REPRESENTATION_CONTEXT() REPRESENTATION_CONTEXT('2D SPACE',''
  ) );
#673 = PCURVE('',#674,#679);
#674 = CYLINDRICAL_SURFACE('',#675,2.7);
#675 = AXIS2_PLACEMENT_3D('',#676,#677,#678);
#676 = CARTESIAN_POINT('',(0.,16.,1.085E+03));
#677 = DIRECTION('',(0.,-1.,2.22044604925E-16));
#678 = DIRECTION('',(1.,0.,0.));
#679 = DEFINITIONAL_REPRESENTATION('',(#680),#793);
#680 = B_SPLINE_CURVE_WITH_KNOTS('',6,(#681,#682,#683,#684,#685,#686,
    #687,#688,#689,#690,#691,#692,#693,#694,#695,#696,#697,#698,#699,
    #700,#701,#702,#703,#704,#705,#706,#707,#708,#709,#710,#711,#712,
    #713,#714,#715,#716,#717,#718,#719,#720,#721,#722,#723,#724,#725,
    #726,#727,#728,#729,#730,#731,#732,#733,#734,#735,#736,#737,#738,
    #739,#740,#741,#742,#743,#744,#745,#746,#747,#748,#749,#750,#751,
    #752,#753,#754,#755,#756,#757,#758,#759,#760,#761,#762,#763,#764,
    #765,#766,#767,#768,#769,#770,#771,#772,#773,#774,#775,#776,#777,
    #778,#779,#780,#781,#782,#783,#784,#785,#786,#787,#788,#789,#790,
    #791,#792),.UNSPECIFIED.,.F.,.F.,(7,5,5,5,5,5,5,5,5,5,5,5,5,5,5,5,5,
    5,5,5,5,5,7),(0.,7.488202283429E-02,0.123499665123,0.159909293367,
    0.188629122813,0.22422746234,0.2763804584,0.311251161377,
    0.339536128789,0.377671362778,0.426493689288,0.499659989614,
    0.539546606076,0.574890029257,0.659888220478,0.688607042305,
    0.724204132815,0.776355298903,0.811224778317,0.839508753248,
    0.877642649124,0.926463262526,1.),.UNSPECIFIED.);
#681 = CARTESIAN_POINT('',(0.,10.923337710661));
#682 = CARTESIAN_POINT('',(6.991613346015E-02,10.923337710661));
#683 = CARTESIAN_POINT('',(0.139761509823,10.914914428195));
#684 = CARTESIAN_POINT('',(0.209721864108,10.898099312927));
#685 = CARTESIAN_POINT('',(0.279967710107,10.873375755677));
#686 = CARTESIAN_POINT('',(0.350663262236,10.84167967224));
#687 = CARTESIAN_POINT('',(0.46824269868,10.780041440946));
#688 = CARTESIAN_POINT('',(0.514803387717,10.753371922334));
#689 = CARTESIAN_POINT('',(0.561741710121,10.724614624763));
#690 = CARTESIAN_POINT('',(0.609153284505,10.694135889635));
#691 = CARTESIAN_POINT('',(0.657136506645,10.662353549905));
#692 = CARTESIAN_POINT('',(0.74225043832,10.605313928537));
#693 = CARTESIAN_POINT('',(0.779086049,10.580418629775));
#694 = CARTESIAN_POINT('',(0.816366667185,10.555244843345));
#695 = CARTESIAN_POINT('',(0.854145350089,10.53000670931));
#696 = CARTESIAN_POINT('',(0.892476629179,10.504942010838));
#697 = CARTESIAN_POINT('',(0.962140338558,10.460886560609));
#698 = CARTESIAN_POINT('',(0.993246950387,10.44172733846));
#699 = CARTESIAN_POINT('',(1.024758553171,10.422972758718));
#700 = CARTESIAN_POINT('',(1.05669347835,10.404769456773));
#701 = CARTESIAN_POINT('',(1.089071914469,10.387272276029));
#702 = CARTESIAN_POINT('',(1.162628809635,10.350030458134));
#703 = CARTESIAN_POINT('',(1.204108643811,10.330725314141));
#704 = CARTESIAN_POINT('',(1.246287548912,10.31310069434));
#705 = CARTESIAN_POINT('',(1.289114306159,10.297511040298));
#706 = CARTESIAN_POINT('',(1.332550942993,10.284275841955));
#707 = CARTESIAN_POINT('',(1.441055138266,10.258116213895));
#708 = CARTESIAN_POINT('',(1.506743439505,10.248209470437));
#709 = CARTESIAN_POINT('',(1.572974159268,10.244909755203));
#710 = CARTESIAN_POINT('',(1.639193006956,10.248583305817));
#711 = CARTESIAN_POINT('',(1.704844732439,10.25884100216));
#712 = CARTESIAN_POINT('',(1.81234161826,10.285298972693));
#713 = CARTESIAN_POINT('',(1.854854802529,10.298400704558));
#714 = CARTESIAN_POINT('',(1.896779633095,10.31374735106));
#715 = CARTESIAN_POINT('',(1.938080853031,10.331037818158));
#716 = CARTESIAN_POINT('',(1.978711041284,10.349939363438));
#717 = CARTESIAN_POINT('',(2.050967327943,10.386456737622));
#718 = CARTESIAN_POINT('',(2.082875399734,10.403656737536));
#719 = CARTESIAN_POINT('',(2.114352713843,10.421547497449));
#720 = CARTESIAN_POINT('',(2.145418359642,10.439980718985));
#721 = CARTESIAN_POINT('',(2.176089651492,10.458815746265));
#722 = CARTESIAN_POINT('',(2.247226538757,10.503679624465));
#723 = CARTESIAN_POINT('',(2.287393021624,10.529935613396));
#724 = CARTESIAN_POINT('',(2.3269525306,10.556385607996));
#725 = CARTESIAN_POINT('',(2.365967512189,10.582756351314));
#726 = CARTESIAN_POINT('',(2.404498686937,10.608802989038));
#727 = CARTESIAN_POINT('',(2.491403400134,10.666959199589));
#728 = CARTESIAN_POINT('',(2.539518289428,10.698728377381));
#729 = CARTESIAN_POINT('',(2.587067704902,10.729141065758));
#730 = CARTESIAN_POINT('',(2.634150069969,10.757777313073));
#731 = CARTESIAN_POINT('',(2.680861076303,10.784269367247));
#732 = CARTESIAN_POINT('',(2.796906521895,10.844312795619));
#733 = CARTESIAN_POINT('',(2.865952825098,10.874820512571));
#734 = CARTESIAN_POINT('',(2.934579735727,10.89863106859));
#735 = CARTESIAN_POINT('',(3.002939149258,10.914883285507));
#736 = CARTESIAN_POINT('',(3.071188976562,10.923129361804));
#737 = CARTESIAN_POINT('',(3.176740868576,10.923446437093));
#738 = CARTESIAN_POINT('',(3.213976631386,10.921168642938));
#739 = CARTESIAN_POINT('',(3.251229243964,10.916500566095));
#740 = CARTESIAN_POINT('',(3.288518435435,10.909481846763));
#741 = CARTESIAN_POINT('',(3.325863128147,10.900190878671));
#742 = CARTESIAN_POINT('',(3.396439027218,10.878599635924));
#743 = CARTESIAN_POINT('',(3.42965272046,10.866763100989));
#744 = CARTESIAN_POINT('',(3.462947571756,10.853310634447));
#745 = CARTESIAN_POINT('',(3.496346615483,10.838338322597));
#746 = CARTESIAN_POINT('',(3.529872480919,10.821960080023));
#747 = CARTESIAN_POINT('',(3.644536045762,10.76185042527));
#748 = CARTESIAN_POINT('',(3.726280908212,10.71207467401));
#749 = CARTESIAN_POINT('',(3.809388746064,10.65668125147));
#750 = CARTESIAN_POINT('',(3.89446180565,10.597720921493));
#751 = CARTESIAN_POINT('',(3.982094839825,10.537810738397));
#752 = CARTESIAN_POINT('',(4.103732992148,10.460886560609));
#753 = CARTESIAN_POINT('',(4.134839603977,10.44172733846));
#754 = CARTESIAN_POINT('',(4.166351206762,10.422972758717));
#755 = CARTESIAN_POINT('',(4.19828613194,10.404769456772));
#756 = CARTESIAN_POINT('',(4.230664568059,10.387272276029));
#757 = CARTESIAN_POINT('',(4.304221463146,10.350030458174));
#758 = CARTESIAN_POINT('',(4.345701297425,10.330725314119));
#759 = CARTESIAN_POINT('',(4.387880202589,10.313100694308));
#760 = CARTESIAN_POINT('',(4.430706959773,10.297511040301));
#761 = CARTESIAN_POINT('',(4.47414359649,10.284275841977));
#762 = CARTESIAN_POINT('',(4.582647791857,10.258116213895));
#763 = CARTESIAN_POINT('',(4.648336093096,10.248209470437));
#764 = CARTESIAN_POINT('',(4.714566812859,10.244909755203));
#765 = CARTESIAN_POINT('',(4.780785660547,10.248583305817));
#766 = CARTESIAN_POINT('',(4.84643738603,10.25884100216));
#767 = CARTESIAN_POINT('',(4.953934271848,10.285298972692));
#768 = CARTESIAN_POINT('',(4.99644745612,10.298400704558));
#769 = CARTESIAN_POINT('',(5.038372286688,10.313747351061));
#770 = CARTESIAN_POINT('',(5.079673506623,10.331037818159));
#771 = CARTESIAN_POINT('',(5.120303694872,10.349939363437));
#772 = CARTESIAN_POINT('',(5.192559981534,10.386456737623));
#773 = CARTESIAN_POINT('',(5.224468053324,10.403656737536));
#774 = CARTESIAN_POINT('',(5.255945367433,10.42154749745));
#775 = CARTESIAN_POINT('',(5.287011013232,10.439980718985));
#776 = CARTESIAN_POINT('',(5.317682305082,10.458815746265));
#777 = CARTESIAN_POINT('',(5.388819192347,10.503679624466));
#778 = CARTESIAN_POINT('',(5.428985675214,10.529935613396));
#779 = CARTESIAN_POINT('',(5.46854518419,10.556385607996));
#780 = CARTESIAN_POINT('',(5.507560165779,10.582756351315));
#781 = CARTESIAN_POINT('',(5.546091340527,10.608802989038));
#782 = CARTESIAN_POINT('',(5.632996053724,10.66695919959));
#783 = CARTESIAN_POINT('',(5.681110943018,10.698728377381));
#784 = CARTESIAN_POINT('',(5.728660358492,10.729141065758));
#785 = CARTESIAN_POINT('',(5.775742723559,10.757777313073));
#786 = CARTESIAN_POINT('',(5.822453729893,10.784269367247));
#787 = CARTESIAN_POINT('',(5.938854019933,10.844496396768));
#788 = CARTESIAN_POINT('',(6.008250339002,10.875131877042));
#789 = CARTESIAN_POINT('',(6.077223932429,10.898995493466));
#790 = CARTESIAN_POINT('',(6.1459286782,10.915214192008));
#791 = CARTESIAN_POINT('',(6.214524541143,10.923337710661));
#792 = CARTESIAN_POINT('',(6.28318530718,10.923337710661));
#793 = ( GEOMETRIC_REPRESENTATION_CONTEXT(2) 
PARAMETRIC_REPRESENTATION_CONTEXT() REPRESENTATION_CONTEXT('2D SPACE',''
  ) );
#794 = FACE_BOUND('',#795,.T.);
#795 = EDGE_LOOP('',(#796));
#796 = ORIENTED_EDGE('',*,*,#797,.F.);
#797 = EDGE_CURVE('',#798,#798,#800,.T.);
#798 = VERTEX_POINT('',#799);
#799 = CARTESIAN_POINT('',(2.7,-5.076662289339,1.085E+03));
#800 = SURFACE_CURVE('',#801,(#914,#1030),.PCURVE_S1.);
#801 = B_SPLINE_CURVE_WITH_KNOTS('',6,(#802,#803,#804,#805,#806,#807,
    #808,#809,#810,#811,#812,#813,#814,#815,#816,#817,#818,#819,#820,
    #821,#822,#823,#824,#825,#826,#827,#828,#829,#830,#831,#832,#833,
    #834,#835,#836,#837,#838,#839,#840,#841,#842,#843,#844,#845,#846,
    #847,#848,#849,#850,#851,#852,#853,#854,#855,#856,#857,#858,#859,
    #860,#861,#862,#863,#864,#865,#866,#867,#868,#869,#870,#871,#872,
    #873,#874,#875,#876,#877,#878,#879,#880,#881,#882,#883,#884,#885,
    #886,#887,#888,#889,#890,#891,#892,#893,#894,#895,#896,#897,#898,
    #899,#900,#901,#902,#903,#904,#905,#906,#907,#908,#909,#910,#911,
    #912,#913),.UNSPECIFIED.,.T.,.F.,(7,5,5,5,5,5,5,5,5,5,5,5,5,5,5,5,5,
    5,5,5,5,5,7),(0.,7.488202299797E-02,0.123499665393,0.159909293717,
    0.188629123227,0.224227462837,0.276380459016,0.311251162015,
    0.339536129398,0.377671363345,0.426493689803,0.499659990049,
    0.539546606467,0.57489002961,0.659888220738,0.688607042535,
    0.724204133015,0.776355299064,0.811224778455,0.839508753367,
    0.877642649214,0.92646326258,1.),.UNSPECIFIED.);
#802 = CARTESIAN_POINT('',(2.7,-5.076662289339,1.085E+03));
#803 = CARTESIAN_POINT('',(2.7,-5.076662289339,1.08518877356E+03));
#804 = CARTESIAN_POINT('',(2.684162138517,-5.085085571805,
    1.085377356132E+03));
#805 = CARTESIAN_POINT('',(2.652545698574,-5.101900687073,
    1.085564587851E+03));
#806 = CARTESIAN_POINT('',(2.605165328338,-5.126624244323,
    1.085749285943E+03));
#807 = CARTESIAN_POINT('',(2.542015505463,-5.15832032776,
    1.085930166306E+03));
#808 = CARTESIAN_POINT('',(2.411999403029,-5.219958559054,
    1.086219785898E+03));
#809 = CARTESIAN_POINT('',(2.354181461259,-5.246628077666,
    1.08633163082E+03));
#810 = CARTESIAN_POINT('',(2.289668549569,-5.275385375237,
    1.086441058902E+03));
#811 = CARTESIAN_POINT('',(2.218372164426,-5.305864110365,
    1.08654775505E+03));
#812 = CARTESIAN_POINT('',(2.140177269917,-5.337646450095,
    1.086651335092E+03));
#813 = CARTESIAN_POINT('',(1.991113541848,-5.394686071463,
    1.086826239481E+03));
#814 = CARTESIAN_POINT('',(1.923326157605,-5.419581370224,
    1.086899143073E+03));
#815 = CARTESIAN_POINT('',(1.851504994883,-5.444755156655,
    1.086969878018E+03));
#816 = CARTESIAN_POINT('',(1.775572926773,-5.46999329069,
    1.087038225382E+03));
#817 = CARTESIAN_POINT('',(1.695453971548,-5.495057989162,
    1.087103923085E+03));
#818 = CARTESIAN_POINT('',(1.544516018391,-5.539113439392,
    1.087216156504E+03));
#819 = CARTESIAN_POINT('',(1.475293998893,-5.558272661539,
    1.087263818062E+03));
#820 = CARTESIAN_POINT('',(1.403396906704,-5.577027241281,
    1.087309478302E+03));
#821 = CARTESIAN_POINT('',(1.328822432001,-5.595230543227,
    1.087352951572E+03));
#822 = CARTESIAN_POINT('',(1.251578005659,-5.612727723972,
    1.0873940378E+03));
#823 = CARTESIAN_POINT('',(1.072649248747,-5.649969541866,
    1.087480223046E+03));
#824 = CARTESIAN_POINT('',(0.969418112064,-5.669274685859,
    1.087523985996E+03));
#825 = CARTESIAN_POINT('',(0.86228717239,-5.68689930566,
    1.087563245568E+03));
#826 = CARTESIAN_POINT('',(0.751598791031,-5.702488959702,
    1.087597497704E+03));
#827 = CARTESIAN_POINT('',(0.637736842166,-5.715724158045,
    1.087626293244E+03));
#828 = CARTESIAN_POINT('',(0.350284086719,-5.741883786105,
    1.087682837498E+03));
#829 = CARTESIAN_POINT('',(0.17365984149,-5.751790529563,
    1.08770384895E+03));
#830 = CARTESIAN_POINT('',(-5.903949647742E-03,-5.755090244797,
    1.087710747107E+03));
#831 = CARTESIAN_POINT('',(-0.185402769633,-5.751416694183,
    1.087703060433E+03));
#832 = CARTESIAN_POINT('',(-0.361834152528,-5.74115899784,
    1.087681292866E+03));
#833 = CARTESIAN_POINT('',(-0.64637807382,-5.714701027325,
    1.08762406579E+03));
#834 = CARTESIAN_POINT('',(-0.757724924625,-5.701599295444,
    1.087595539871E+03));
#835 = CARTESIAN_POINT('',(-0.866006701099,-5.686252648915,
    1.08756179857E+03));
#836 = CARTESIAN_POINT('',(-0.970866016274,-5.668962181825,
    1.087523265513E+03));
#837 = CARTESIAN_POINT('',(-1.071983716062,-5.650060636593,
    1.087480414089E+03));
#838 = CARTESIAN_POINT('',(-1.247839118364,-5.613543262379,
    1.087395940686E+03));
#839 = CARTESIAN_POINT('',(-1.324026973946,-5.596343262464,
    1.087355579193E+03));
#840 = CARTESIAN_POINT('',(-1.397625967521,-5.578452502549,
    1.087312894457E+03));
#841 = CARTESIAN_POINT('',(-1.468628008913,-5.560019281014,
    1.087268078381E+03));
#842 = CARTESIAN_POINT('',(-1.537034289133,-5.541184253736,
    1.08722130944E+03));
#843 = CARTESIAN_POINT('',(-1.691597192808,-5.496320375535,
    1.087107287344E+03));
#844 = CARTESIAN_POINT('',(-1.775660502652,-5.470064386604,
    1.08703855708E+03));
#845 = CARTESIAN_POINT('',(-1.85512907256,-5.443614392004,
    1.086966916231E+03));
#846 = CARTESIAN_POINT('',(-1.93009012589,-5.417243648686,
    1.086892666088E+03));
#847 = CARTESIAN_POINT('',(-2.000632206136,-5.391197010962,
    1.086816056087E+03));
#848 = CARTESIAN_POINT('',(-2.151610410483,-5.333040800411,
    1.086636437629E+03));
#849 = CARTESIAN_POINT('',(-2.229295307227,-5.301271622619,
    1.086532028943E+03));
#850 = CARTESIAN_POINT('',(-2.300036180547,-5.270858934242,
    1.086424514669E+03));
#851 = CARTESIAN_POINT('',(-2.363946081924,-5.242222686927,
    1.086314280274E+03));
#852 = CARTESIAN_POINT('',(-2.42111119451,-5.215730632753,
    1.086201642738E+03));
#853 = CARTESIAN_POINT('',(-2.547235523931,-5.155687204381,
    1.085914826125E+03));
#854 = CARTESIAN_POINT('',(-2.607910574012,-5.125179487429,
    1.085737853813E+03));
#855 = CARTESIAN_POINT('',(-2.653532658153,-5.10136893141,
    1.085557289465E+03));
#856 = CARTESIAN_POINT('',(-2.684103457464,-5.085116714493,
    1.085374332072E+03));
#857 = CARTESIAN_POINT('',(-2.699608251952,-5.076870638196,
    1.08519008952E+03));
#858 = CARTESIAN_POINT('',(-2.700204432945,-5.076553562907,
    1.084905100035E+03));
#859 = CARTESIAN_POINT('',(-2.695921452358,-5.078831357062,
    1.084804554308E+03));
#860 = CARTESIAN_POINT('',(-2.687146638545,-5.083499433905,
    1.084704204639E+03));
#861 = CARTESIAN_POINT('',(-2.673883354119,-5.090518153237,
    1.084604248606E+03));
#862 = CARTESIAN_POINT('',(-2.656138449023,-5.099809121329,
    1.084504888023E+03));
#863 = CARTESIAN_POINT('',(-2.614239597954,-5.121400364076,
    1.084318996477E+03));
#864 = CARTESIAN_POINT('',(-2.591046806863,-5.133236899011,
    1.084232297337E+03));
#865 = CARTESIAN_POINT('',(-2.564347545231,-5.146689365553,
    1.084146345499E+03));
#866 = CARTESIAN_POINT('',(-2.534140068837,-5.161661677403,
    1.084061262364E+03));
#867 = CARTESIAN_POINT('',(-2.500420143823,-5.178039919977,
    1.083977177235E+03));
#868 = CARTESIAN_POINT('',(-2.373628331896,-5.23814957473,
    1.083694739966E+03));
#869 = CARTESIAN_POINT('',(-2.263849838417,-5.28792532599,
    1.083502091964E+03));
#870 = CARTESIAN_POINT('',(-2.133554886264,-5.34331874853,
    1.08331744364E+03));
#871 = CARTESIAN_POINT('',(-1.98195528037,-5.402279078507,
    1.083142485867E+03));
#872 = CARTESIAN_POINT('',(-1.808065202044,-5.462189261603,
    1.082979811611E+03));
#873 = CARTESIAN_POINT('',(-1.544516018391,-5.539113439392,
    1.082783843496E+03));
#874 = CARTESIAN_POINT('',(-1.475293998892,-5.55827266154,
    1.082736181938E+03));
#875 = CARTESIAN_POINT('',(-1.403396906702,-5.577027241282,
    1.082690521698E+03));
#876 = CARTESIAN_POINT('',(-1.328822431999,-5.595230543227,
    1.082647048428E+03));
#877 = CARTESIAN_POINT('',(-1.251578005659,-5.612727723972,
    1.0826059622E+03));
#878 = CARTESIAN_POINT('',(-1.072649248926,-5.649969541829,
    1.082519776954E+03));
#879 = CARTESIAN_POINT('',(-0.969418112015,-5.66927468588,
    1.082476014004E+03));
#880 = CARTESIAN_POINT('',(-0.862287172179,-5.68689930569,
    1.082436754432E+03));
#881 = CARTESIAN_POINT('',(-0.751598790963,-5.702488959699,
    1.082402502296E+03));
#882 = CARTESIAN_POINT('',(-0.637736842397,-5.715724158024,
    1.082373706756E+03));
#883 = CARTESIAN_POINT('',(-0.350284086716,-5.741883786105,
    1.082317162502E+03));
#884 = CARTESIAN_POINT('',(-0.173659841488,-5.751790529563,
    1.08229615105E+03));
#885 = CARTESIAN_POINT('',(5.903949650164E-03,-5.755090244797,
    1.082289252893E+03));
#886 = CARTESIAN_POINT('',(0.185402769635,-5.751416694183,
    1.082296939567E+03));
#887 = CARTESIAN_POINT('',(0.36183415253,-5.74115899784,
    1.082318707134E+03));
#888 = CARTESIAN_POINT('',(0.646378074015,-5.714701027307,
    1.08237593421E+03));
#889 = CARTESIAN_POINT('',(0.75772492457,-5.701599295442,
    1.082404460129E+03));
#890 = CARTESIAN_POINT('',(0.866006700925,-5.68625264894,
    1.08243820143E+03));
#891 = CARTESIAN_POINT('',(0.970866016236,-5.668962181841,
    1.082476734487E+03));
#892 = CARTESIAN_POINT('',(1.071983716216,-5.650060636562,
    1.082519585911E+03));
#893 = CARTESIAN_POINT('',(1.247839118365,-5.613543262378,
    1.082604059314E+03));
#894 = CARTESIAN_POINT('',(1.324026973947,-5.596343262464,
    1.082644420807E+03));
#895 = CARTESIAN_POINT('',(1.397625967521,-5.578452502549,
    1.082687105543E+03));
#896 = CARTESIAN_POINT('',(1.468628008914,-5.560019281014,
    1.082731921619E+03));
#897 = CARTESIAN_POINT('',(1.537034289134,-5.541184253736,
    1.08277869056E+03));
#898 = CARTESIAN_POINT('',(1.691597192808,-5.496320375534,
    1.082892712656E+03));
#899 = CARTESIAN_POINT('',(1.775660502653,-5.470064386604,
    1.08296144292E+03));
#900 = CARTESIAN_POINT('',(1.85512907256,-5.443614392004,
    1.083033083769E+03));
#901 = CARTESIAN_POINT('',(1.930090125891,-5.417243648685,
    1.083107333912E+03));
#902 = CARTESIAN_POINT('',(2.000632206137,-5.391197010962,
    1.083183943913E+03));
#903 = CARTESIAN_POINT('',(2.151610410484,-5.33304080041,
    1.083363562371E+03));
#904 = CARTESIAN_POINT('',(2.229295307228,-5.301271622619,
    1.083467971057E+03));
#905 = CARTESIAN_POINT('',(2.300036180547,-5.270858934242,
    1.083575485331E+03));
#906 = CARTESIAN_POINT('',(2.363946081924,-5.242222686927,
    1.083685719726E+03));
#907 = CARTESIAN_POINT('',(2.421111194511,-5.215730632753,
    1.083798357262E+03));
#908 = CARTESIAN_POINT('',(2.54762118765,-5.155503603232,
    1.084086050905E+03));
#909 = CARTESIAN_POINT('',(2.608529773956,-5.124868122958,
    1.084263952903E+03));
#910 = CARTESIAN_POINT('',(2.654230724525,-5.101004506534,
    1.084445477588E+03));
#911 = CARTESIAN_POINT('',(2.684725772022,-5.084785807992,
    1.084629407049E+03));
#912 = CARTESIAN_POINT('',(2.7,-5.076662289339,1.084814615932E+03));
#913 = CARTESIAN_POINT('',(2.7,-5.076662289339,1.085E+03));
#914 = PCURVE('',#364,#915);
#915 = DEFINITIONAL_REPRESENTATION('',(#916),#1029);
#916 = B_SPLINE_CURVE_WITH_KNOTS('',6,(#917,#918,#919,#920,#921,#922,
    #923,#924,#925,#926,#927,#928,#929,#930,#931,#932,#933,#934,#935,
    #936,#937,#938,#939,#940,#941,#942,#943,#944,#945,#946,#947,#948,
    #949,#950,#951,#952,#953,#954,#955,#956,#957,#958,#959,#960,#961,
    #962,#963,#964,#965,#966,#967,#968,#969,#970,#971,#972,#973,#974,
    #975,#976,#977,#978,#979,#980,#981,#982,#983,#984,#985,#986,#987,
    #988,#989,#990,#991,#992,#993,#994,#995,#996,#997,#998,#999,#1000,
    #1001,#1002,#1003,#1004,#1005,#1006,#1007,#1008,#1009,#1010,#1011,
    #1012,#1013,#1014,#1015,#1016,#1017,#1018,#1019,#1020,#1021,#1022,
    #1023,#1024,#1025,#1026,#1027,#1028),.UNSPECIFIED.,.T.,.F.,(7,5,5,5,
    5,5,5,5,5,5,5,5,5,5,5,5,5,5,5,5,5,5,7),(0.,7.488202299797E-02,
    0.123499665393,0.159909293717,0.188629123227,0.224227462837,
    0.276380459016,0.311251162015,0.339536129398,0.377671363345,
    0.426493689803,0.499659990049,0.539546606467,0.57489002961,
    0.659888220738,0.688607042535,0.724204133015,0.776355299064,
    0.811224778455,0.839508753367,0.877642649214,0.92646326258,1.),
  .UNSPECIFIED.);
#917 = CARTESIAN_POINT('',(5.201187244336,90.));
#918 = CARTESIAN_POINT('',(5.201187244336,90.188773560343));
#919 = CARTESIAN_POINT('',(5.198067519015,90.377356132223));
#920 = CARTESIAN_POINT('',(5.191839654716,90.564587850882));
#921 = CARTESIAN_POINT('',(5.182545653228,90.749285943457));
#922 = CARTESIAN_POINT('',(5.170260439859,90.930166306328));
#923 = CARTESIAN_POINT('',(5.145236620009,91.21978589847));
#924 = CARTESIAN_POINT('',(5.134163781611,91.331630820257));
#925 = CARTESIAN_POINT('',(5.121881527913,91.44105890172));
#926 = CARTESIAN_POINT('',(5.108399520296,91.54775505018));
#927 = CARTESIAN_POINT('',(5.093723122346,91.65133509247));
#928 = CARTESIAN_POINT('',(5.065965863212,91.826239480997));
#929 = CARTESIAN_POINT('',(5.053408002642,91.899143072997));
#930 = CARTESIAN_POINT('',(5.040174598339,91.969878018196));
#931 = CARTESIAN_POINT('',(5.026261738016,92.038225382258));
#932 = CARTESIAN_POINT('',(5.011664755227,92.103923084623));
#933 = CARTESIAN_POINT('',(4.98431937017,92.216156504457));
#934 = CARTESIAN_POINT('',(4.971829365114,92.263818062496));
#935 = CARTESIAN_POINT('',(4.958909327395,92.309478302072));
#936 = CARTESIAN_POINT('',(4.945561727859,92.352951572493));
#937 = CARTESIAN_POINT('',(4.931789702838,92.394037799985));
#938 = CARTESIAN_POINT('',(4.900004767195,92.480223045892));
#939 = CARTESIAN_POINT('',(4.881744047015,92.523985995692));
#940 = CARTESIAN_POINT('',(4.86286915973,92.56324556783));
#941 = CARTESIAN_POINT('',(4.843437248455,92.59749770437));
#942 = CARTESIAN_POINT('',(4.823508074252,92.626293244185));
#943 = CARTESIAN_POINT('',(4.773309703978,92.682837498027));
#944 = CARTESIAN_POINT('',(4.742562655365,92.703848950205));
#945 = CARTESIAN_POINT('',(4.711363144894,92.710747106583));
#946 = CARTESIAN_POINT('',(4.6801735957,92.703060433106));
#947 = CARTESIAN_POINT('',(4.649456448442,92.681292866327));
#948 = CARTESIAN_POINT('',(4.599757082352,92.624065789658));
#949 = CARTESIAN_POINT('',(4.580264646016,92.595539870903));
#950 = CARTESIAN_POINT('',(4.561252543954,92.561798570295));
#951 = CARTESIAN_POINT('',(4.542776479438,92.523265513079));
#952 = CARTESIAN_POINT('',(4.524889740013,92.480414088817));
#953 = CARTESIAN_POINT('',(4.49365375614,92.39594068557));
#954 = CARTESIAN_POINT('',(4.480072265864,92.355579192827));
#955 = CARTESIAN_POINT('',(4.466902253652,92.312894457372));
#956 = CARTESIAN_POINT('',(4.454146853751,92.268078380721));
#957 = CARTESIAN_POINT('',(4.441808563864,92.221309439636));
#958 = CARTESIAN_POINT('',(4.413818579828,92.107287343665));
#959 = CARTESIAN_POINT('',(4.39850549281,92.038557080148));
#960 = CARTESIAN_POINT('',(4.383942960669,91.966916230966));
#961 = CARTESIAN_POINT('',(4.370125660166,91.892666088121));
#962 = CARTESIAN_POINT('',(4.357049175974,91.816056087189));
#963 = CARTESIAN_POINT('',(4.328911484274,91.636437629051));
#964 = CARTESIAN_POINT('',(4.314318042338,91.532028943066));
#965 = CARTESIAN_POINT('',(4.300929298614,91.424514668896));
#966 = CARTESIAN_POINT('',(4.288751329773,91.314280274044));
#967 = CARTESIAN_POINT('',(4.277794472464,91.201642738066));
#968 = CARTESIAN_POINT('',(4.253501017792,90.914826124522));
#969 = CARTESIAN_POINT('',(4.241692813263,90.737853812529));
#970 = CARTESIAN_POINT('',(4.232743328923,90.557289464804));
#971 = CARTESIAN_POINT('',(4.226721997196,90.37433207207));
#972 = CARTESIAN_POINT('',(4.223667882844,90.190089520279));
#973 = CARTESIAN_POINT('',(4.223550447295,89.905100035426));
#974 = CARTESIAN_POINT('',(4.224394095225,89.804554308249));
#975 = CARTESIAN_POINT('',(4.22612267251,89.704204639455));
#976 = CARTESIAN_POINT('',(4.228732373006,89.604248606365));
#977 = CARTESIAN_POINT('',(4.232215795173,89.504888022572));
#978 = CARTESIAN_POINT('',(4.240413162972,89.318996477121));
#979 = CARTESIAN_POINT('',(4.244941579893,89.232297337307));
#980 = CARTESIAN_POINT('',(4.250140917939,89.146345499054));
#981 = CARTESIAN_POINT('',(4.256004058705,89.061262363889));
#982 = CARTESIAN_POINT('',(4.26252325879,88.977177234604));
#983 = CARTESIAN_POINT('',(4.286926508855,88.694739965915));
#984 = CARTESIAN_POINT('',(4.307886284725,88.502091964107));
#985 = CARTESIAN_POINT('',(4.332497835189,88.317443639693));
#986 = CARTESIAN_POINT('',(4.360761695083,88.142485866799));
#987 = CARTESIAN_POINT('',(4.392711461679,87.979811610634));
#988 = CARTESIAN_POINT('',(4.440458590599,87.783843495544));
#989 = CARTESIAN_POINT('',(4.452948595656,87.736181937503));
#990 = CARTESIAN_POINT('',(4.465868633375,87.690521697926));
#991 = CARTESIAN_POINT('',(4.47921623291,87.647048427506));
#992 = CARTESIAN_POINT('',(4.492988257931,87.605962200015));
#993 = CARTESIAN_POINT('',(4.524773193543,87.519776954194));
#994 = CARTESIAN_POINT('',(4.543033913764,87.476014004261));
#995 = CARTESIAN_POINT('',(4.561908801077,87.436754432102));
#996 = CARTESIAN_POINT('',(4.581340712327,87.402502295639));
#997 = CARTESIAN_POINT('',(4.601269886477,87.373706755861));
#998 = CARTESIAN_POINT('',(4.651468256792,87.317162501973));
#999 = CARTESIAN_POINT('',(4.682215305405,87.296151049795));
#1000 = CARTESIAN_POINT('',(4.713414815876,87.289252893416));
#1001 = CARTESIAN_POINT('',(4.74460436507,87.296939566894));
#1002 = CARTESIAN_POINT('',(4.775321512328,87.318707133673));
#1003 = CARTESIAN_POINT('',(4.825020878451,87.375934210381));
#1004 = CARTESIAN_POINT('',(4.844513314744,87.404460129105));
#1005 = CARTESIAN_POINT('',(4.863525416785,87.438201429648));
#1006 = CARTESIAN_POINT('',(4.882001481324,87.476734486883));
#1007 = CARTESIAN_POINT('',(4.899888220784,87.519585911257));
#1008 = CARTESIAN_POINT('',(4.931124204629,87.604059314431));
#1009 = CARTESIAN_POINT('',(4.944705694906,87.644420807174));
#1010 = CARTESIAN_POINT('',(4.957875707117,87.687105542628));
#1011 = CARTESIAN_POINT('',(4.970631107018,87.731921619279));
#1012 = CARTESIAN_POINT('',(4.982969396906,87.778690560364));
#1013 = CARTESIAN_POINT('',(5.010959380942,87.892712656335));
#1014 = CARTESIAN_POINT('',(5.02627246796,87.961442919852));
#1015 = CARTESIAN_POINT('',(5.040835000101,88.033083769035));
#1016 = CARTESIAN_POINT('',(5.054652300604,88.10733391188));
#1017 = CARTESIAN_POINT('',(5.067728784795,88.183943912811));
#1018 = CARTESIAN_POINT('',(5.095866476495,88.36356237095));
#1019 = CARTESIAN_POINT('',(5.110459918431,88.467971056934));
#1020 = CARTESIAN_POINT('',(5.123848662156,88.575485331104));
#1021 = CARTESIAN_POINT('',(5.136026630996,88.685719725956));
#1022 = CARTESIAN_POINT('',(5.146983488305,88.798357261935));
#1023 = CARTESIAN_POINT('',(5.171351227646,89.086050905011));
#1024 = CARTESIAN_POINT('',(5.183205654126,89.263952902759));
#1025 = CARTESIAN_POINT('',(5.192171577087,89.445477588015));
#1026 = CARTESIAN_POINT('',(5.198178541726,89.629407049106));
#1027 = CARTESIAN_POINT('',(5.201187244336,89.814615931701));
#1028 = CARTESIAN_POINT('',(5.201187244336,90.));
#1029 = ( GEOMETRIC_REPRESENTATION_CONTEXT(2) 
PARAMETRIC_REPRESENTATION_CONTEXT() REPRESENTATION_CONTEXT('2D SPACE',''
  ) );
#1030 = PCURVE('',#674,#1031);
#1031 = DEFINITIONAL_REPRESENTATION('',(#1032),#1145);
#1032 = B_SPLINE_CURVE_WITH_KNOTS('',6,(#1033,#1034,#1035,#1036,#1037,
    #1038,#1039,#1040,#1041,#1042,#1043,#1044,#1045,#1046,#1047,#1048,
    #1049,#1050,#1051,#1052,#1053,#1054,#1055,#1056,#1057,#1058,#1059,
    #1060,#1061,#1062,#1063,#1064,#1065,#1066,#1067,#1068,#1069,#1070,
    #1071,#1072,#1073,#1074,#1075,#1076,#1077,#1078,#1079,#1080,#1081,
    #1082,#1083,#1084,#1085,#1086,#1087,#1088,#1089,#1090,#1091,#1092,
    #1093,#1094,#1095,#1096,#1097,#1098,#1099,#1100,#1101,#1102,#1103,
    #1104,#1105,#1106,#1107,#1108,#1109,#1110,#1111,#1112,#1113,#1114,
    #1115,#1116,#1117,#1118,#1119,#1120,#1121,#1122,#1123,#1124,#1125,
    #1126,#1127,#1128,#1129,#1130,#1131,#1132,#1133,#1134,#1135,#1136,
    #1137,#1138,#1139,#1140,#1141,#1142,#1143,#1144),.UNSPECIFIED.,.F.,
  .F.,(7,5,5,5,5,5,5,5,5,5,5,5,5,5,5,5,5,5,5,5,5,5,7),(0.,
    7.488202299797E-02,0.123499665393,0.159909293717,0.188629123227,
    0.224227462837,0.276380459016,0.311251162015,0.339536129398,
    0.377671363345,0.426493689803,0.499659990049,0.539546606467,
    0.57489002961,0.659888220738,0.688607042535,0.724204133015,
    0.776355299064,0.811224778455,0.839508753367,0.877642649214,
    0.92646326258,1.),.UNSPECIFIED.);
#1033 = CARTESIAN_POINT('',(0.,21.076662289339));
#1034 = CARTESIAN_POINT('',(6.991613346023E-02,21.076662289339));
#1035 = CARTESIAN_POINT('',(0.139761509823,21.085085571805));
#1036 = CARTESIAN_POINT('',(0.209721864108,21.101900687073));
#1037 = CARTESIAN_POINT('',(0.279967710107,21.126624244323));
#1038 = CARTESIAN_POINT('',(0.350663262236,21.15832032776));
#1039 = CARTESIAN_POINT('',(0.46824269868,21.219958559054));
#1040 = CARTESIAN_POINT('',(0.514803387717,21.246628077666));
#1041 = CARTESIAN_POINT('',(0.561741710121,21.275385375237));
#1042 = CARTESIAN_POINT('',(0.609153284505,21.305864110365));
#1043 = CARTESIAN_POINT('',(0.657136506645,21.337646450095));
#1044 = CARTESIAN_POINT('',(0.74225043832,21.394686071463));
#1045 = CARTESIAN_POINT('',(0.779086049,21.419581370224));
#1046 = CARTESIAN_POINT('',(0.816366667185,21.444755156655));
#1047 = CARTESIAN_POINT('',(0.854145350089,21.46999329069));
#1048 = CARTESIAN_POINT('',(0.892476629179,21.495057989162));
#1049 = CARTESIAN_POINT('',(0.96214033856,21.539113439392));
#1050 = CARTESIAN_POINT('',(0.993246950387,21.558272661539));
#1051 = CARTESIAN_POINT('',(1.024758553169,21.577027241281));
#1052 = CARTESIAN_POINT('',(1.056693478349,21.595230543227));
#1053 = CARTESIAN_POINT('',(1.089071914471,21.612727723972));
#1054 = CARTESIAN_POINT('',(1.162628809635,21.649969541866));
#1055 = CARTESIAN_POINT('',(1.204108643811,21.669274685859));
#1056 = CARTESIAN_POINT('',(1.246287548912,21.68689930566));
#1057 = CARTESIAN_POINT('',(1.289114306159,21.702488959702));
#1058 = CARTESIAN_POINT('',(1.332550942993,21.715724158045));
#1059 = CARTESIAN_POINT('',(1.441055138266,21.741883786105));
#1060 = CARTESIAN_POINT('',(1.506743439506,21.751790529563));
#1061 = CARTESIAN_POINT('',(1.572974159268,21.755090244797));
#1062 = CARTESIAN_POINT('',(1.639193006957,21.751416694183));
#1063 = CARTESIAN_POINT('',(1.704844732439,21.74115899784));
#1064 = CARTESIAN_POINT('',(1.812341618188,21.714701027325));
#1065 = CARTESIAN_POINT('',(1.854854802548,21.701599295444));
#1066 = CARTESIAN_POINT('',(1.896779633164,21.686252648915));
#1067 = CARTESIAN_POINT('',(1.93808085305,21.668962181825));
#1068 = CARTESIAN_POINT('',(1.978711041222,21.650060636593));
#1069 = CARTESIAN_POINT('',(2.050967327941,21.613543262379));
#1070 = CARTESIAN_POINT('',(2.082875399734,21.596343262464));
#1071 = CARTESIAN_POINT('',(2.114352713845,21.578452502549));
#1072 = CARTESIAN_POINT('',(2.145418359642,21.560019281014));
#1073 = CARTESIAN_POINT('',(2.17608965149,21.541184253736));
#1074 = CARTESIAN_POINT('',(2.247226538757,21.496320375535));
#1075 = CARTESIAN_POINT('',(2.287393021624,21.470064386604));
#1076 = CARTESIAN_POINT('',(2.3269525306,21.443614392004));
#1077 = CARTESIAN_POINT('',(2.365967512189,21.417243648686));
#1078 = CARTESIAN_POINT('',(2.404498686937,21.391197010962));
#1079 = CARTESIAN_POINT('',(2.491403400134,21.333040800411));
#1080 = CARTESIAN_POINT('',(2.539518289428,21.301271622619));
#1081 = CARTESIAN_POINT('',(2.587067704902,21.270858934242));
#1082 = CARTESIAN_POINT('',(2.634150069969,21.242222686927));
#1083 = CARTESIAN_POINT('',(2.680861076303,21.215730632753));
#1084 = CARTESIAN_POINT('',(2.796906521895,21.155687204381));
#1085 = CARTESIAN_POINT('',(2.865952825098,21.125179487429));
#1086 = CARTESIAN_POINT('',(2.934579735727,21.10136893141));
#1087 = CARTESIAN_POINT('',(3.002939149258,21.085116714493));
#1088 = CARTESIAN_POINT('',(3.071188976562,21.076870638196));
#1089 = CARTESIAN_POINT('',(3.176740868576,21.076553562907));
#1090 = CARTESIAN_POINT('',(3.213976631386,21.078831357062));
#1091 = CARTESIAN_POINT('',(3.251229243964,21.083499433905));
#1092 = CARTESIAN_POINT('',(3.288518435435,21.090518153237));
#1093 = CARTESIAN_POINT('',(3.325863128147,21.099809121329));
#1094 = CARTESIAN_POINT('',(3.396439027218,21.121400364076));
#1095 = CARTESIAN_POINT('',(3.42965272046,21.133236899011));
#1096 = CARTESIAN_POINT('',(3.462947571756,21.146689365553));
#1097 = CARTESIAN_POINT('',(3.496346615483,21.161661677403));
#1098 = CARTESIAN_POINT('',(3.529872480919,21.178039919977));
#1099 = CARTESIAN_POINT('',(3.644536045762,21.23814957473));
#1100 = CARTESIAN_POINT('',(3.726280908212,21.28792532599));
#1101 = CARTESIAN_POINT('',(3.809388746064,21.34331874853));
#1102 = CARTESIAN_POINT('',(3.89446180565,21.402279078507));
#1103 = CARTESIAN_POINT('',(3.982094839825,21.462189261603));
#1104 = CARTESIAN_POINT('',(4.10373299215,21.539113439392));
#1105 = CARTESIAN_POINT('',(4.134839603977,21.55827266154));
#1106 = CARTESIAN_POINT('',(4.16635120676,21.577027241282));
#1107 = CARTESIAN_POINT('',(4.19828613194,21.595230543227));
#1108 = CARTESIAN_POINT('',(4.230664568061,21.612727723972));
#1109 = CARTESIAN_POINT('',(4.30422146315,21.649969541829));
#1110 = CARTESIAN_POINT('',(4.345701297424,21.66927468588));
#1111 = CARTESIAN_POINT('',(4.387880202584,21.68689930569));
#1112 = CARTESIAN_POINT('',(4.430706959772,21.702488959699));
#1113 = CARTESIAN_POINT('',(4.474143596496,21.715724158024));
#1114 = CARTESIAN_POINT('',(4.582647791857,21.741883786105));
#1115 = CARTESIAN_POINT('',(4.648336093096,21.751790529563));
#1116 = CARTESIAN_POINT('',(4.714566812859,21.755090244797));
#1117 = CARTESIAN_POINT('',(4.780785660547,21.751416694183));
#1118 = CARTESIAN_POINT('',(4.84643738603,21.74115899784));
#1119 = CARTESIAN_POINT('',(4.953934271851,21.714701027307));
#1120 = CARTESIAN_POINT('',(4.996447456119,21.701599295442));
#1121 = CARTESIAN_POINT('',(5.038372286686,21.68625264894));
#1122 = CARTESIAN_POINT('',(5.079673506622,21.668962181841));
#1123 = CARTESIAN_POINT('',(5.120303694875,21.650060636562));
#1124 = CARTESIAN_POINT('',(5.192559981532,21.613543262378));
#1125 = CARTESIAN_POINT('',(5.224468053324,21.596343262464));
#1126 = CARTESIAN_POINT('',(5.255945367435,21.578452502549));
#1127 = CARTESIAN_POINT('',(5.287011013232,21.560019281014));
#1128 = CARTESIAN_POINT('',(5.31768230508,21.541184253736));
#1129 = CARTESIAN_POINT('',(5.388819192347,21.496320375534));
#1130 = CARTESIAN_POINT('',(5.428985675214,21.470064386604));
#1131 = CARTESIAN_POINT('',(5.46854518419,21.443614392004));
#1132 = CARTESIAN_POINT('',(5.507560165779,21.417243648685));
#1133 = CARTESIAN_POINT('',(5.546091340527,21.391197010962));
#1134 = CARTESIAN_POINT('',(5.632996053724,21.33304080041));
#1135 = CARTESIAN_POINT('',(5.681110943018,21.301271622619));
#1136 = CARTESIAN_POINT('',(5.728660358492,21.270858934242));
#1137 = CARTESIAN_POINT('',(5.775742723559,21.242222686927));
#1138 = CARTESIAN_POINT('',(5.822453729893,21.215730632753));
#1139 = CARTESIAN_POINT('',(5.938854019933,21.155503603232));
#1140 = CARTESIAN_POINT('',(6.008250339002,21.124868122958));
#1141 = CARTESIAN_POINT('',(6.077223932429,21.101004506534));
#1142 = CARTESIAN_POINT('',(6.145928678201,21.084785807992));
#1143 = CARTESIAN_POINT('',(6.214524541143,21.076662289339));
#1144 = CARTESIAN_POINT('',(6.28318530718,21.076662289339));
#1145 = ( GEOMETRIC_REPRESENTATION_CONTEXT(2) 
PARAMETRIC_REPRESENTATION_CONTEXT() REPRESENTATION_CONTEXT('2D SPACE',''
  ) );
#1146 = ADVANCED_FACE('',(#1147),#426,.F.);
#1147 = FACE_BOUND('',#1148,.T.);
#1148 = EDGE_LOOP('',(#1149));
#1149 = ORIENTED_EDGE('',*,*,#411,.F.);
#1150 = ADVANCED_FACE('',(#1151),#398,.T.);
#1151 = FACE_BOUND('',#1152,.T.);
#1152 = EDGE_LOOP('',(#1153));
#1153 = ORIENTED_EDGE('',*,*,#383,.T.);
#1154 = ADVANCED_FACE('',(#1155),#674,.F.);
#1155 = FACE_BOUND('',#1156,.F.);
#1156 = EDGE_LOOP('',(#1157,#1158,#1179,#1180));
#1157 = ORIENTED_EDGE('',*,*,#797,.F.);
#1158 = ORIENTED_EDGE('',*,*,#1159,.F.);
#1159 = EDGE_CURVE('',#441,#798,#1160,.T.);
#1160 = SEAM_CURVE('',#1161,(#1165,#1172),.PCURVE_S1.);
#1161 = LINE('',#1162,#1163);
#1162 = CARTESIAN_POINT('',(2.7,16.,1.085E+03));
#1163 = VECTOR('',#1164,1.);
#1164 = DIRECTION('',(0.,-1.,2.22044604925E-16));
#1165 = PCURVE('',#674,#1166);
#1166 = DEFINITIONAL_REPRESENTATION('',(#1167),#1171);
#1167 = LINE('',#1168,#1169);
#1168 = CARTESIAN_POINT('',(6.28318530718,-0.));
#1169 = VECTOR('',#1170,1.);
#1170 = DIRECTION('',(0.,1.));
#1171 = ( GEOMETRIC_REPRESENTATION_CONTEXT(2) 
PARAMETRIC_REPRESENTATION_CONTEXT() REPRESENTATION_CONTEXT('2D SPACE',''
  ) );
#1172 = PCURVE('',#674,#1173);
#1173 = DEFINITIONAL_REPRESENTATION('',(#1174),#1178);
#1174 = LINE('',#1175,#1176);
#1175 = CARTESIAN_POINT('',(0.,-0.));
#1176 = VECTOR('',#1177,1.);
#1177 = DIRECTION('',(0.,1.));
#1178 = ( GEOMETRIC_REPRESENTATION_CONTEXT(2) 
PARAMETRIC_REPRESENTATION_CONTEXT() REPRESENTATION_CONTEXT('2D SPACE',''
  ) );
#1179 = ORIENTED_EDGE('',*,*,#440,.T.);
#1180 = ORIENTED_EDGE('',*,*,#1159,.T.);
#1181 = MANIFOLD_SOLID_BREP('',#1182);
#1182 = CLOSED_SHELL('',(#1183,#1901,#1936,#1966,#2342,#2718));
#1183 = ADVANCED_FACE('',(#1184,#1271,#1586),#1198,.T.);
#1184 = FACE_BOUND('',#1185,.T.);
#1185 = EDGE_LOOP('',(#1186,#1216,#1243,#1244));
#1186 = ORIENTED_EDGE('',*,*,#1187,.T.);
#1187 = EDGE_CURVE('',#1188,#1190,#1192,.T.);
#1188 = VERTEX_POINT('',#1189);
#1189 = CARTESIAN_POINT('',(8.,-1.959434878636E-15,1.055E+03));
#1190 = VERTEX_POINT('',#1191);
#1191 = CARTESIAN_POINT('',(8.,-1.959434878636E-15,2.055E+03));
#1192 = SEAM_CURVE('',#1193,(#1197,#1209),.PCURVE_S1.);
#1193 = LINE('',#1194,#1195);
#1194 = CARTESIAN_POINT('',(8.,-1.959434878636E-15,1.055E+03));
#1195 = VECTOR('',#1196,1.);
#1196 = DIRECTION('',(0.,0.,1.));
#1197 = PCURVE('',#1198,#1203);
#1198 = CYLINDRICAL_SURFACE('',#1199,8.);
#1199 = AXIS2_PLACEMENT_3D('',#1200,#1201,#1202);
#1200 = CARTESIAN_POINT('',(0.,0.,1.055E+03));
#1201 = DIRECTION('',(0.,0.,1.));
#1202 = DIRECTION('',(1.,0.,-0.));
#1203 = DEFINITIONAL_REPRESENTATION('',(#1204),#1208);
#1204 = LINE('',#1205,#1206);
#1205 = CARTESIAN_POINT('',(6.28318530718,-0.));
#1206 = VECTOR('',#1207,1.);
#1207 = DIRECTION('',(0.,1.));
#1208 = ( GEOMETRIC_REPRESENTATION_CONTEXT(2) 
PARAMETRIC_REPRESENTATION_CONTEXT() REPRESENTATION_CONTEXT('2D SPACE',''
  ) );
#1209 = PCURVE('',#1198,#1210);
#1210 = DEFINITIONAL_REPRESENTATION('',(#1211),#1215);
#1211 = LINE('',#1212,#1213);
#1212 = CARTESIAN_POINT('',(0.,-0.));
#1213 = VECTOR('',#1214,1.);
#1214 = DIRECTION('',(0.,1.));
#1215 = ( GEOMETRIC_REPRESENTATION_CONTEXT(2) 
PARAMETRIC_REPRESENTATION_CONTEXT() REPRESENTATION_CONTEXT('2D SPACE',''
  ) );
#1216 = ORIENTED_EDGE('',*,*,#1217,.F.);
#1217 = EDGE_CURVE('',#1190,#1190,#1218,.T.);
#1218 = SURFACE_CURVE('',#1219,(#1224,#1231),.PCURVE_S1.);
#1219 = CIRCLE('',#1220,8.);
#1220 = AXIS2_PLACEMENT_3D('',#1221,#1222,#1223);
#1221 = CARTESIAN_POINT('',(0.,0.,2.055E+03));
#1222 = DIRECTION('',(0.,0.,1.));
#1223 = DIRECTION('',(1.,0.,-0.));
#1224 = PCURVE('',#1198,#1225);
#1225 = DEFINITIONAL_REPRESENTATION('',(#1226),#1230);
#1226 = LINE('',#1227,#1228);
#1227 = CARTESIAN_POINT('',(0.,1.E+03));
#1228 = VECTOR('',#1229,1.);
#1229 = DIRECTION('',(1.,0.));
#1230 = ( GEOMETRIC_REPRESENTATION_CONTEXT(2) 
PARAMETRIC_REPRESENTATION_CONTEXT() REPRESENTATION_CONTEXT('2D SPACE',''
  ) );
#1231 = PCURVE('',#1232,#1237);
#1232 = PLANE('',#1233);
#1233 = AXIS2_PLACEMENT_3D('',#1234,#1235,#1236);
#1234 = CARTESIAN_POINT('',(0.,0.,2.055E+03));
#1235 = DIRECTION('',(0.,0.,1.));
#1236 = DIRECTION('',(1.,0.,-0.));
#1237 = DEFINITIONAL_REPRESENTATION('',(#1238),#1242);
#1238 = CIRCLE('',#1239,8.);
#1239 = AXIS2_PLACEMENT_2D('',#1240,#1241);
#1240 = CARTESIAN_POINT('',(0.,0.));
#1241 = DIRECTION('',(1.,0.));
#1242 = ( GEOMETRIC_REPRESENTATION_CONTEXT(2) 
PARAMETRIC_REPRESENTATION_CONTEXT() REPRESENTATION_CONTEXT('2D SPACE',''
  ) );
#1243 = ORIENTED_EDGE('',*,*,#1187,.F.);
#1244 = ORIENTED_EDGE('',*,*,#1245,.T.);
#1245 = EDGE_CURVE('',#1188,#1188,#1246,.T.);
#1246 = SURFACE_CURVE('',#1247,(#1252,#1259),.PCURVE_S1.);
#1247 = CIRCLE('',#1248,8.);
#1248 = AXIS2_PLACEMENT_3D('',#1249,#1250,#1251);
#1249 = CARTESIAN_POINT('',(0.,0.,1.055E+03));
#1250 = DIRECTION('',(0.,0.,1.));
#1251 = DIRECTION('',(1.,0.,-0.));
#1252 = PCURVE('',#1198,#1253);
#1253 = DEFINITIONAL_REPRESENTATION('',(#1254),#1258);
#1254 = LINE('',#1255,#1256);
#1255 = CARTESIAN_POINT('',(0.,0.));
#1256 = VECTOR('',#1257,1.);
#1257 = DIRECTION('',(1.,0.));
#1258 = ( GEOMETRIC_REPRESENTATION_CONTEXT(2) 
PARAMETRIC_REPRESENTATION_CONTEXT() REPRESENTATION_CONTEXT('2D SPACE',''
  ) );
#1259 = PCURVE('',#1260,#1265);
#1260 = PLANE('',#1261);
#1261 = AXIS2_PLACEMENT_3D('',#1262,#1263,#1264);
#1262 = CARTESIAN_POINT('',(0.,0.,1.055E+03));
#1263 = DIRECTION('',(0.,0.,1.));
#1264 = DIRECTION('',(1.,0.,-0.));
#1265 = DEFINITIONAL_REPRESENTATION('',(#1266),#1270);
#1266 = CIRCLE('',#1267,8.);
#1267 = AXIS2_PLACEMENT_2D('',#1268,#1269);
#1268 = CARTESIAN_POINT('',(0.,0.));
#1269 = DIRECTION('',(1.,0.));
#1270 = ( GEOMETRIC_REPRESENTATION_CONTEXT(2) 
PARAMETRIC_REPRESENTATION_CONTEXT() REPRESENTATION_CONTEXT('2D SPACE',''
  ) );
#1271 = FACE_BOUND('',#1272,.T.);
#1272 = EDGE_LOOP('',(#1273));
#1273 = ORIENTED_EDGE('',*,*,#1274,.T.);
#1274 = EDGE_CURVE('',#1275,#1275,#1277,.T.);
#1275 = VERTEX_POINT('',#1276);
#1276 = CARTESIAN_POINT('',(2.7,7.530604225426,1.085E+03));
#1277 = SURFACE_CURVE('',#1278,(#1377,#1479),.PCURVE_S1.);
#1278 = B_SPLINE_CURVE_WITH_KNOTS('',7,(#1279,#1280,#1281,#1282,#1283,
    #1284,#1285,#1286,#1287,#1288,#1289,#1290,#1291,#1292,#1293,#1294,
    #1295,#1296,#1297,#1298,#1299,#1300,#1301,#1302,#1303,#1304,#1305,
    #1306,#1307,#1308,#1309,#1310,#1311,#1312,#1313,#1314,#1315,#1316,
    #1317,#1318,#1319,#1320,#1321,#1322,#1323,#1324,#1325,#1326,#1327,
    #1328,#1329,#1330,#1331,#1332,#1333,#1334,#1335,#1336,#1337,#1338,
    #1339,#1340,#1341,#1342,#1343,#1344,#1345,#1346,#1347,#1348,#1349,
    #1350,#1351,#1352,#1353,#1354,#1355,#1356,#1357,#1358,#1359,#1360,
    #1361,#1362,#1363,#1364,#1365,#1366,#1367,#1368,#1369,#1370,#1371,
    #1372,#1373,#1374,#1375,#1376),.UNSPECIFIED.,.T.,.F.,(8,6,6,6,6,6,6,
    6,6,6,6,6,6,6,6,6,8),(0.,0.117620549935,0.180839915657,0.22212056482
    ,0.278776846609,0.319669815777,0.354620435392,0.408492258175,
    0.49991088288,0.572009649631,0.617874881828,0.681033542292,
    0.722274552455,0.778876431069,0.819730133486,0.854647192377,1.),
  .UNSPECIFIED.);
#1279 = CARTESIAN_POINT('',(2.7,7.530604225426,1.085E+03));
#1280 = CARTESIAN_POINT('',(2.7,7.530604225426,1.085250930884E+03));
#1281 = CARTESIAN_POINT('',(2.672792662465,7.540359091837,
    1.085501484288E+03));
#1282 = CARTESIAN_POINT('',(2.618522940664,7.559816629528,
    1.085749669546E+03));
#1283 = CARTESIAN_POINT('',(2.536914243095,7.588377964339,
    1.085993408484E+03));
#1284 = CARTESIAN_POINT('',(2.427363692451,7.624879847444,
    1.086230318493E+03));
#1285 = CARTESIAN_POINT('',(2.289028057617,7.667511158458,
    1.086457430806E+03));
#1286 = CARTESIAN_POINT('',(2.030649760117,7.738555235745,
    1.086785432276E+03));
#1287 = CARTESIAN_POINT('',(1.931619225797,7.764457597037,
    1.08689626946E+03));
#1288 = CARTESIAN_POINT('',(1.823703309533,7.791033084489,
    1.087002635547E+03));
#1289 = CARTESIAN_POINT('',(1.706727691163,7.817818954065,
    1.087103776975E+03));
#1290 = CARTESIAN_POINT('',(1.580548893922,7.844272089946,
    1.087198810938E+03));
#1291 = CARTESIAN_POINT('',(1.445082725142,7.869768478125,
    1.087286703839E+03));
#1292 = CARTESIAN_POINT('',(1.205821123497,7.909182702545,
    1.087418186579E+03));
#1293 = CARTESIAN_POINT('',(1.107269158996,7.924061303922,
    1.087466609619E+03));
#1294 = CARTESIAN_POINT('',(1.004896101196,7.938015938951,
    1.087511045523E+03));
#1295 = CARTESIAN_POINT('',(0.89895128128,7.950816164086,
    1.087551059602E+03));
#1296 = CARTESIAN_POINT('',(0.789717242625,7.962241815811,
    1.087586250998E+03));
#1297 = CARTESIAN_POINT('',(0.677508963558,7.972090970679,
    1.087616250677E+03));
#1298 = CARTESIAN_POINT('',(0.405064750219,7.991300671816,
    1.087674301912E+03));
#1299 = CARTESIAN_POINT('',(0.242637897007,7.999103576936,
    1.087697438439E+03));
#1300 = CARTESIAN_POINT('',(7.726925169084E-02,8.003083998913,
    1.087709079014E+03));
#1301 = CARTESIAN_POINT('',(-8.905809987797E-02,8.002959091411,
    1.08770871362E+03));
#1302 = CARTESIAN_POINT('',(-0.254326422881,7.998734652859,
    1.087696352678E+03));
#1303 = CARTESIAN_POINT('',(-0.41655501527,7.990704507099,
    1.087672527163E+03));
#1304 = CARTESIAN_POINT('',(-0.687418905823,7.971224176085,
    1.087613610181E+03));
#1305 = CARTESIAN_POINT('',(-0.798355593655,7.961350877317,
    1.08758350858E+03));
#1306 = CARTESIAN_POINT('',(-0.906349745668,7.949943016085,
    1.087548335856E+03));
#1307 = CARTESIAN_POINT('',(-1.011099688122,7.937197672784,
    1.087508452141E+03));
#1308 = CARTESIAN_POINT('',(-1.112334957464,7.923328947239,
    1.087464247316E+03));
#1309 = CARTESIAN_POINT('',(-1.209817000857,7.908560414755,
    1.087416142925E+03));
#1310 = CARTESIAN_POINT('',(-1.383272503902,7.87991882015,
    1.087320536041E+03));
#1311 = CARTESIAN_POINT('',(-1.460395115492,7.866213915434,
    1.087273916833E+03));
#1312 = CARTESIAN_POINT('',(-1.534695506221,7.852120900138,
    1.087224941386E+03));
#1313 = CARTESIAN_POINT('',(-1.60616957031,7.83775209242,
    1.087173802026E+03));
#1314 = CARTESIAN_POINT('',(-1.674820920255,7.823213379604,
    1.087120678732E+03));
#1315 = CARTESIAN_POINT('',(-1.740660505631,7.808603501316,
    1.087065739396E+03));
#1316 = CARTESIAN_POINT('',(-1.900882998125,7.771524490045,
    1.086921899595E+03));
#1317 = CARTESIAN_POINT('',(-1.991455070944,7.749074758459,
    1.086830685454E+03));
#1318 = CARTESIAN_POINT('',(-2.075536882001,7.726984420331,
    1.086736011808E+03));
#1319 = CARTESIAN_POINT('',(-2.153252326223,7.705531789638,
    1.086638316165E+03));
#1320 = CARTESIAN_POINT('',(-2.224725901486,7.684957512312,
    1.08653796983E+03));
#1321 = CARTESIAN_POINT('',(-2.29007384829,7.66546886669,
    1.086435288339E+03));
#1322 = CARTESIAN_POINT('',(-2.450061728497,7.616317202511,
    1.086152790833E+03));
#1323 = CARTESIAN_POINT('',(-2.53341821364,7.589016392153,
    1.085969015611E+03));
#1324 = CARTESIAN_POINT('',(-2.599812334304,7.566253486374,
    1.085780719603E+03));
#1325 = CARTESIAN_POINT('',(-2.649524953015,7.548696970073,
    1.085589167446E+03));
#1326 = CARTESIAN_POINT('',(-2.682752227149,7.536788168292,
    1.085395462569E+03));
#1327 = CARTESIAN_POINT('',(-2.69958621871,7.530752580951,
    1.085200621963E+03));
#1328 = CARTESIAN_POINT('',(-2.700315768054,7.530491011188,
    1.084851879058E+03));
#1329 = CARTESIAN_POINT('',(-2.690420376507,7.534038909804,
    1.084698129833E+03));
#1330 = CARTESIAN_POINT('',(-2.670316773441,7.541248689397,
    1.084544910279E+03));
#1331 = CARTESIAN_POINT('',(-2.639973252329,7.552035553458,
    1.084392734203E+03));
#1332 = CARTESIAN_POINT('',(-2.599321742196,7.566229199349,
    1.084242140164E+03));
#1333 = CARTESIAN_POINT('',(-2.548262005659,7.583571758637,
    1.084093712156E+03));
#1334 = CARTESIAN_POINT('',(-2.447481774493,7.616530218229,
    1.083855470094E+03));
#1335 = CARTESIAN_POINT('',(-2.404032779171,7.63047872136,
    1.083763976507E+03));
#1336 = CARTESIAN_POINT('',(-2.35627286949,7.645475855605,
    1.083673760034E+03));
#1337 = CARTESIAN_POINT('',(-2.304149442466,7.661421804324,
    1.083584982567E+03));
#1338 = CARTESIAN_POINT('',(-2.247603410113,7.678201426781,
    1.083497827814E+03));
#1339 = CARTESIAN_POINT('',(-2.186569335922,7.695683359503,
    1.083412501725E+03));
#1340 = CARTESIAN_POINT('',(-2.030649760117,7.738555235745,
    1.083214567724E+03));
#1341 = CARTESIAN_POINT('',(-1.931619225796,7.764457597037,
    1.08310373054E+03));
#1342 = CARTESIAN_POINT('',(-1.823703309533,7.791033084489,
    1.082997364453E+03));
#1343 = CARTESIAN_POINT('',(-1.706727691163,7.817818954065,
    1.082896223025E+03));
#1344 = CARTESIAN_POINT('',(-1.580548893922,7.844272089946,
    1.082801189062E+03));
#1345 = CARTESIAN_POINT('',(-1.445082725142,7.869768478125,
    1.082713296161E+03));
#1346 = CARTESIAN_POINT('',(-1.205821123496,7.909182702545,
    1.082581813421E+03));
#1347 = CARTESIAN_POINT('',(-1.107269158995,7.924061303922,
    1.082533390381E+03));
#1348 = CARTESIAN_POINT('',(-1.004896101196,7.93801593895,
    1.082488954477E+03));
#1349 = CARTESIAN_POINT('',(-0.89895128128,7.950816164086,
    1.082448940398E+03));
#1350 = CARTESIAN_POINT('',(-0.789717242624,7.962241815811,
    1.082413749002E+03));
#1351 = CARTESIAN_POINT('',(-0.677508963557,7.972090970679,
    1.082383749323E+03));
#1352 = CARTESIAN_POINT('',(-0.40506475022,7.991300671816,
    1.082325698088E+03));
#1353 = CARTESIAN_POINT('',(-0.242637897006,7.999103576936,
    1.082302561561E+03));
#1354 = CARTESIAN_POINT('',(-7.726925168977E-02,8.003083998913,
    1.082290920986E+03));
#1355 = CARTESIAN_POINT('',(8.90580998782E-02,8.002959091411,
    1.08229128638E+03));
#1356 = CARTESIAN_POINT('',(0.254326422881,7.998734652859,
    1.082303647322E+03));
#1357 = CARTESIAN_POINT('',(0.416555015271,7.990704507099,
    1.082327472837E+03));
#1358 = CARTESIAN_POINT('',(0.687418905787,7.971224176088,
    1.082386389819E+03));
#1359 = CARTESIAN_POINT('',(0.798355593652,7.961350877318,
    1.08241649142E+03));
#1360 = CARTESIAN_POINT('',(0.906349745695,7.949943016083,
    1.082451664144E+03));
#1361 = CARTESIAN_POINT('',(1.011099688148,7.93719767278,
    1.082491547859E+03));
#1362 = CARTESIAN_POINT('',(1.112334957462,7.923328947239,
    1.082535752684E+03));
#1363 = CARTESIAN_POINT('',(1.20981700083,7.908560414759,
    1.082583857075E+03));
#1364 = CARTESIAN_POINT('',(1.383272503902,7.87991882015,
    1.082679463959E+03));
#1365 = CARTESIAN_POINT('',(1.460395115492,7.866213915433,
    1.082726083167E+03));
#1366 = CARTESIAN_POINT('',(1.534695506222,7.852120900138,
    1.082775058614E+03));
#1367 = CARTESIAN_POINT('',(1.60616957031,7.83775209242,
    1.082826197974E+03));
#1368 = CARTESIAN_POINT('',(1.674820920255,7.823213379604,
    1.082879321268E+03));
#1369 = CARTESIAN_POINT('',(1.740660505631,7.808603501316,
    1.082934260604E+03));
#1370 = CARTESIAN_POINT('',(2.066153116343,7.733277347084,
    1.083226471714E+03));
#1371 = CARTESIAN_POINT('',(2.28094786162,7.672706364537,
    1.083491535012E+03));
#1372 = CARTESIAN_POINT('',(2.449855067771,7.618639378758,
    1.083775999235E+03));
#1373 = CARTESIAN_POINT('',(2.575074646122,7.5753951582,
    1.084073386774E+03));
#1374 = CARTESIAN_POINT('',(2.658189211206,7.545594770623,
    1.084378913339E+03));
#1375 = CARTESIAN_POINT('',(2.7,7.530604225426,1.084688934847E+03));
#1376 = CARTESIAN_POINT('',(2.7,7.530604225426,1.085E+03));
#1377 = PCURVE('',#1198,#1378);
#1378 = DEFINITIONAL_REPRESENTATION('',(#1379),#1478);
#1379 = B_SPLINE_CURVE_WITH_KNOTS('',7,(#1380,#1381,#1382,#1383,#1384,
    #1385,#1386,#1387,#1388,#1389,#1390,#1391,#1392,#1393,#1394,#1395,
    #1396,#1397,#1398,#1399,#1400,#1401,#1402,#1403,#1404,#1405,#1406,
    #1407,#1408,#1409,#1410,#1411,#1412,#1413,#1414,#1415,#1416,#1417,
    #1418,#1419,#1420,#1421,#1422,#1423,#1424,#1425,#1426,#1427,#1428,
    #1429,#1430,#1431,#1432,#1433,#1434,#1435,#1436,#1437,#1438,#1439,
    #1440,#1441,#1442,#1443,#1444,#1445,#1446,#1447,#1448,#1449,#1450,
    #1451,#1452,#1453,#1454,#1455,#1456,#1457,#1458,#1459,#1460,#1461,
    #1462,#1463,#1464,#1465,#1466,#1467,#1468,#1469,#1470,#1471,#1472,
    #1473,#1474,#1475,#1476,#1477),.UNSPECIFIED.,.T.,.F.,(8,6,6,6,6,6,6,
    6,6,6,6,6,6,6,6,6,8),(0.,0.117620549935,0.180839915657,0.22212056482
    ,0.278776846609,0.319669815777,0.354620435392,0.408492258175,
    0.49991088288,0.572009649631,0.617874881828,0.681033542292,
    0.722274552455,0.778876431069,0.819730133486,0.854647192377,1.),
  .UNSPECIFIED.);
#1380 = CARTESIAN_POINT('',(1.226536527446,30.));
#1381 = CARTESIAN_POINT('',(1.226536527446,30.250930883864));
#1382 = CARTESIAN_POINT('',(1.230149429228,30.501484287679));
#1383 = CARTESIAN_POINT('',(1.23735598864,30.749669546364));
#1384 = CARTESIAN_POINT('',(1.248163432453,30.993408484334));
#1385 = CARTESIAN_POINT('',(1.262593779366,31.230318493202));
#1386 = CARTESIAN_POINT('',(1.280679752733,31.457430805955));
#1387 = CARTESIAN_POINT('',(1.314175695943,31.785432275874));
#1388 = CARTESIAN_POINT('',(1.326969943059,31.896269459617));
#1389 = CARTESIAN_POINT('',(1.340860059746,32.002635547029));
#1390 = CARTESIAN_POINT('',(1.35585649686,32.103776974795));
#1391 = CARTESIAN_POINT('',(1.371966648692,32.1988109382));
#1392 = CARTESIAN_POINT('',(1.389192761587,32.286703839168));
#1393 = CARTESIAN_POINT('',(1.41950354636,32.418186578685));
#1394 = CARTESIAN_POINT('',(1.431961032272,32.466609618605));
#1395 = CARTESIAN_POINT('',(1.444873795945,32.51104552337));
#1396 = CARTESIAN_POINT('',(1.458210288976,32.551059602131));
#1397 = CARTESIAN_POINT('',(1.471936074444,32.586250998317));
#1398 = CARTESIAN_POINT('',(1.486013950358,32.616250676705));
#1399 = CARTESIAN_POINT('',(1.520154025325,32.674301912315));
#1400 = CARTESIAN_POINT('',(1.540475728863,32.697438438615));
#1401 = CARTESIAN_POINT('',(1.561143100107,32.709079013894));
#1402 = CARTESIAN_POINT('',(1.581922591797,32.70871362043));
#1403 = CARTESIAN_POINT('',(1.602578213087,32.696352677558));
#1404 = CARTESIAN_POINT('',(1.622876576811,32.672527162833));
#1405 = CARTESIAN_POINT('',(1.656822013383,32.613610181157));
#1406 = CARTESIAN_POINT('',(1.670741892634,32.583508579511));
#1407 = CARTESIAN_POINT('',(1.684313407736,32.548335856192));
#1408 = CARTESIAN_POINT('',(1.697500898554,32.508452141094));
#1409 = CARTESIAN_POINT('',(1.710271366487,32.464247316467));
#1410 = CARTESIAN_POINT('',(1.722594592205,32.41614292544));
#1411 = CARTESIAN_POINT('',(1.744570129911,32.3205360406));
#1412 = CARTESIAN_POINT('',(1.754360754691,32.273916833248));
#1413 = CARTESIAN_POINT('',(1.763812915405,32.224941386154));
#1414 = CARTESIAN_POINT('',(1.772925006996,32.173802025613));
#1415 = CARTESIAN_POINT('',(1.78169607616,32.120678732089));
#1416 = CARTESIAN_POINT('',(1.790125865844,32.065739395757));
#1417 = CARTESIAN_POINT('',(1.810682989069,31.921899594728));
#1418 = CARTESIAN_POINT('',(1.822345699496,31.830685454272));
#1419 = CARTESIAN_POINT('',(1.833211017921,31.736011807876));
#1420 = CARTESIAN_POINT('',(1.84328757224,31.638316165159));
#1421 = CARTESIAN_POINT('',(1.852583870815,31.537969829502));
#1422 = CARTESIAN_POINT('',(1.861107581927,31.435288339414));
#1423 = CARTESIAN_POINT('',(1.882028567169,31.152790832697));
#1424 = CARTESIAN_POINT('',(1.892990878376,30.969015611036));
#1425 = CARTESIAN_POINT('',(1.90176351984,30.780719603026));
#1426 = CARTESIAN_POINT('',(1.908353660747,30.589167446252));
#1427 = CARTESIAN_POINT('',(1.912765768372,30.39546256854));
#1428 = CARTESIAN_POINT('',(1.915001179534,30.200621962884));
#1429 = CARTESIAN_POINT('',(1.915098057436,29.851879057596));
#1430 = CARTESIAN_POINT('',(1.913784074269,29.698129832722));
#1431 = CARTESIAN_POINT('',(1.911114330228,29.544910279353));
#1432 = CARTESIAN_POINT('',(1.907088867739,29.392734202861));
#1433 = CARTESIAN_POINT('',(1.901706868324,29.242140163936));
#1434 = CARTESIAN_POINT('',(1.894966687375,29.093712156008));
#1435 = CARTESIAN_POINT('',(1.881712610731,28.85547009381));
#1436 = CARTESIAN_POINT('',(1.876008566467,28.763976507443));
#1437 = CARTESIAN_POINT('',(1.869751372974,28.673760033852));
#1438 = CARTESIAN_POINT('',(1.862938237493,28.58498256686));
#1439 = CARTESIAN_POINT('',(1.855565843929,28.497827813651));
#1440 = CARTESIAN_POINT('',(1.847630239129,28.412501724574));
#1441 = CARTESIAN_POINT('',(1.827416957647,28.214567724126));
#1442 = CARTESIAN_POINT('',(1.814622710531,28.103730540383));
#1443 = CARTESIAN_POINT('',(1.800732593844,27.997364452971));
#1444 = CARTESIAN_POINT('',(1.78573615673,27.896223025205));
#1445 = CARTESIAN_POINT('',(1.769626004898,27.8011890618));
#1446 = CARTESIAN_POINT('',(1.752399892003,27.713296160832));
#1447 = CARTESIAN_POINT('',(1.72208910723,27.581813421315));
#1448 = CARTESIAN_POINT('',(1.709631621317,27.533390381395));
#1449 = CARTESIAN_POINT('',(1.696718857645,27.48895447663));
#1450 = CARTESIAN_POINT('',(1.683382364614,27.448940397869));
#1451 = CARTESIAN_POINT('',(1.669656579146,27.413749001683));
#1452 = CARTESIAN_POINT('',(1.655578703231,27.383749323295));
#1453 = CARTESIAN_POINT('',(1.621438628265,27.325698087685));
#1454 = CARTESIAN_POINT('',(1.601116924727,27.302561561385));
#1455 = CARTESIAN_POINT('',(1.580449553482,27.290920986106));
#1456 = CARTESIAN_POINT('',(1.559670061793,27.29128637957));
#1457 = CARTESIAN_POINT('',(1.539014440502,27.303647322442));
#1458 = CARTESIAN_POINT('',(1.518716076779,27.327472837168));
#1459 = CARTESIAN_POINT('',(1.484770640211,27.386389818835));
#1460 = CARTESIAN_POINT('',(1.470850760956,27.416491420485));
#1461 = CARTESIAN_POINT('',(1.45727924585,27.451664143816));
#1462 = CARTESIAN_POINT('',(1.444091755033,27.491547858918));
#1463 = CARTESIAN_POINT('',(1.431321287103,27.535752683535));
#1464 = CARTESIAN_POINT('',(1.418998061388,27.583857074545));
#1465 = CARTESIAN_POINT('',(1.397022523679,27.6794639594));
#1466 = CARTESIAN_POINT('',(1.387231898899,27.726083166753));
#1467 = CARTESIAN_POINT('',(1.377779738184,27.775058613846));
#1468 = CARTESIAN_POINT('',(1.368667646594,27.826197974387));
#1469 = CARTESIAN_POINT('',(1.35989657743,27.879321267911));
#1470 = CARTESIAN_POINT('',(1.351466787746,27.934260604243));
#1471 = CARTESIAN_POINT('',(1.309704912725,28.226471714134));
#1472 = CARTESIAN_POINT('',(1.281839831617,28.491535011799));
#1473 = CARTESIAN_POINT('',(1.259683915376,28.775999235459));
#1474 = CARTESIAN_POINT('',(1.24312558658,29.07338677373));
#1475 = CARTESIAN_POINT('',(1.232088635141,29.378913339087));
#1476 = CARTESIAN_POINT('',(1.226536527446,29.688934846784));
#1477 = CARTESIAN_POINT('',(1.226536527446,30.));
#1478 = ( GEOMETRIC_REPRESENTATION_CONTEXT(2) 
PARAMETRIC_REPRESENTATION_CONTEXT() REPRESENTATION_CONTEXT('2D SPACE',''
  ) );
#1479 = PCURVE('',#1480,#1485);
#1480 = CYLINDRICAL_SURFACE('',#1481,2.7);
#1481 = AXIS2_PLACEMENT_3D('',#1482,#1483,#1484);
#1482 = CARTESIAN_POINT('',(0.,16.,1.085E+03));
#1483 = DIRECTION('',(0.,-1.,2.22044604925E-16));
#1484 = DIRECTION('',(1.,0.,0.));
#1485 = DEFINITIONAL_REPRESENTATION('',(#1486),#1585);
#1486 = B_SPLINE_CURVE_WITH_KNOTS('',7,(#1487,#1488,#1489,#1490,#1491,
    #1492,#1493,#1494,#1495,#1496,#1497,#1498,#1499,#1500,#1501,#1502,
    #1503,#1504,#1505,#1506,#1507,#1508,#1509,#1510,#1511,#1512,#1513,
    #1514,#1515,#1516,#1517,#1518,#1519,#1520,#1521,#1522,#1523,#1524,
    #1525,#1526,#1527,#1528,#1529,#1530,#1531,#1532,#1533,#1534,#1535,
    #1536,#1537,#1538,#1539,#1540,#1541,#1542,#1543,#1544,#1545,#1546,
    #1547,#1548,#1549,#1550,#1551,#1552,#1553,#1554,#1555,#1556,#1557,
    #1558,#1559,#1560,#1561,#1562,#1563,#1564,#1565,#1566,#1567,#1568,
    #1569,#1570,#1571,#1572,#1573,#1574,#1575,#1576,#1577,#1578,#1579,
    #1580,#1581,#1582,#1583,#1584),.UNSPECIFIED.,.F.,.F.,(8,6,6,6,6,6,6,
    6,6,6,6,6,6,6,6,6,8),(0.,0.117620549935,0.180839915657,0.22212056482
    ,0.278776846609,0.319669815777,0.354620435392,0.408492258175,
    0.49991088288,0.572009649631,0.617874881828,0.681033542292,
    0.722274552455,0.778876431069,0.819730133486,0.854647192377,1.),
  .UNSPECIFIED.);
#1487 = CARTESIAN_POINT('',(0.,8.469395774574));
#1488 = CARTESIAN_POINT('',(9.293736439424E-02,8.469395774574));
#1489 = CARTESIAN_POINT('',(0.185734848605,8.459640908163));
#1490 = CARTESIAN_POINT('',(0.278966779967,8.440183370472));
#1491 = CARTESIAN_POINT('',(0.373155466778,8.411622035661));
#1492 = CARTESIAN_POINT('',(0.468852060278,8.375120152556));
#1493 = CARTESIAN_POINT('',(0.566633493898,8.332488841542));
#1494 = CARTESIAN_POINT('',(0.721280003905,8.261444764255));
#1495 = CARTESIAN_POINT('',(0.776223803043,8.235542402963));
#1496 = CARTESIAN_POINT('',(0.832161040105,8.208966915511));
#1497 = CARTESIAN_POINT('',(0.889208942444,8.182181045935));
#1498 = CARTESIAN_POINT('',(0.947490226064,8.155727910054));
#1499 = CARTESIAN_POINT('',(1.007138660926,8.130231521875));
#1500 = CARTESIAN_POINT('',(1.108253044819,8.090817297455));
#1501 = CARTESIAN_POINT('',(1.14887914056,8.075938696078));
#1502 = CARTESIAN_POINT('',(1.190138534248,8.061984061049));
#1503 = CARTESIAN_POINT('',(1.231992643325,8.049183835914));
#1504 = CARTESIAN_POINT('',(1.274411871316,8.037758184189));
#1505 = CARTESIAN_POINT('',(1.317373601771,8.027909029321));
#1506 = CARTESIAN_POINT('',(1.420544053072,8.008699328184));
#1507 = CARTESIAN_POINT('',(1.481167050909,8.000896423064));
#1508 = CARTESIAN_POINT('',(1.542315864804,7.996916001087));
#1509 = CARTESIAN_POINT('',(1.603628544034,7.997040908589));
#1510 = CARTESIAN_POINT('',(1.664759971431,8.001265347141));
#1511 = CARTESIAN_POINT('',(1.725347276805,8.009295492901));
#1512 = CARTESIAN_POINT('',(1.828013020171,8.028775823915));
#1513 = CARTESIAN_POINT('',(1.870531545776,8.038649122683));
#1514 = CARTESIAN_POINT('',(1.912514401734,8.050056983915));
#1515 = CARTESIAN_POINT('',(1.953940349321,8.062802327216));
#1516 = CARTESIAN_POINT('',(1.994781432392,8.07667105276));
#1517 = CARTESIAN_POINT('',(2.03500112316,8.091439585245));
#1518 = CARTESIAN_POINT('',(2.108356420998,8.12008117985));
#1519 = CARTESIAN_POINT('',(2.141706828418,8.133786084566));
#1520 = CARTESIAN_POINT('',(2.174626115449,8.147879099862));
#1521 = CARTESIAN_POINT('',(2.207134138797,8.16224790758));
#1522 = CARTESIAN_POINT('',(2.239248971362,8.176786620396));
#1523 = CARTESIAN_POINT('',(2.270987686915,8.191396498684));
#1524 = CARTESIAN_POINT('',(2.350734487412,8.228475509955));
#1525 = CARTESIAN_POINT('',(2.398264876945,8.250925241541));
#1526 = CARTESIAN_POINT('',(2.445046882395,8.273015579669));
#1527 = CARTESIAN_POINT('',(2.491163193908,8.294468210362));
#1528 = CARTESIAN_POINT('',(2.536692478728,8.315042487688));
#1529 = CARTESIAN_POINT('',(2.581711237159,8.33453113331));
#1530 = CARTESIAN_POINT('',(2.701953883421,8.383682797489));
#1531 = CARTESIAN_POINT('',(2.776394353468,8.410983607847));
#1532 = CARTESIAN_POINT('',(2.849902522621,8.433746513626));
#1533 = CARTESIAN_POINT('',(2.922729176093,8.451303029927));
#1534 = CARTESIAN_POINT('',(2.995111833148,8.463211831708));
#1535 = CARTESIAN_POINT('',(3.067288063358,8.469247419049));
#1536 = CARTESIAN_POINT('',(3.196452384978,8.469508988812));
#1537 = CARTESIAN_POINT('',(3.25338866049,8.465961090196));
#1538 = CARTESIAN_POINT('',(3.310422782097,8.458751310603));
#1539 = CARTESIAN_POINT('',(3.367665185157,8.447964446542));
#1540 = CARTESIAN_POINT('',(3.425227184642,8.433770800651));
#1541 = CARTESIAN_POINT('',(3.483224658629,8.416428241363));
#1542 = CARTESIAN_POINT('',(3.579032490408,8.383469781771));
#1543 = CARTESIAN_POINT('',(3.616510911342,8.36952127864));
#1544 = CARTESIAN_POINT('',(3.654260258847,8.354524144395));
#1545 = CARTESIAN_POINT('',(3.6923218564,8.338578195676));
#1546 = CARTESIAN_POINT('',(3.730737272671,8.321798573219));
#1547 = CARTESIAN_POINT('',(3.76955050748,8.304316640497));
#1548 = CARTESIAN_POINT('',(3.862872657495,8.261444764255));
#1549 = CARTESIAN_POINT('',(3.917816456633,8.235542402963));
#1550 = CARTESIAN_POINT('',(3.973753693695,8.208966915511));
#1551 = CARTESIAN_POINT('',(4.030801596034,8.182181045935));
#1552 = CARTESIAN_POINT('',(4.089082879654,8.155727910054));
#1553 = CARTESIAN_POINT('',(4.148731314516,8.130231521875));
#1554 = CARTESIAN_POINT('',(4.249845698409,8.090817297455));
#1555 = CARTESIAN_POINT('',(4.29047179415,8.075938696078));
#1556 = CARTESIAN_POINT('',(4.331731187838,8.06198406105));
#1557 = CARTESIAN_POINT('',(4.373585296915,8.049183835914));
#1558 = CARTESIAN_POINT('',(4.416004524906,8.037758184189));
#1559 = CARTESIAN_POINT('',(4.458966255362,8.027909029321));
#1560 = CARTESIAN_POINT('',(4.562136706662,8.008699328184));
#1561 = CARTESIAN_POINT('',(4.622759704499,8.000896423064));
#1562 = CARTESIAN_POINT('',(4.683908518394,7.996916001087));
#1563 = CARTESIAN_POINT('',(4.745221197624,7.997040908589));
#1564 = CARTESIAN_POINT('',(4.80635262502,8.001265347141));
#1565 = CARTESIAN_POINT('',(4.866939930395,8.009295492901));
#1566 = CARTESIAN_POINT('',(4.969605673747,8.028775823912));
#1567 = CARTESIAN_POINT('',(5.012124199364,8.038649122682));
#1568 = CARTESIAN_POINT('',(5.054107055334,8.050056983917));
#1569 = CARTESIAN_POINT('',(5.095533002922,8.06280232722));
#1570 = CARTESIAN_POINT('',(5.136374085981,8.076671052761));
#1571 = CARTESIAN_POINT('',(5.176593776739,8.091439585241));
#1572 = CARTESIAN_POINT('',(5.249949074588,8.12008117985));
#1573 = CARTESIAN_POINT('',(5.283299482008,8.133786084567));
#1574 = CARTESIAN_POINT('',(5.316218769039,8.147879099862));
#1575 = CARTESIAN_POINT('',(5.348726792387,8.16224790758));
#1576 = CARTESIAN_POINT('',(5.380841624952,8.176786620396));
#1577 = CARTESIAN_POINT('',(5.412580340505,8.191396498684));
#1578 = CARTESIAN_POINT('',(5.574586272915,8.266722652916));
#1579 = CARTESIAN_POINT('',(5.699367254199,8.327293635463));
#1580 = CARTESIAN_POINT('',(5.819938231457,8.381360621242));
#1581 = CARTESIAN_POINT('',(5.937496436687,8.4246048418));
#1582 = CARTESIAN_POINT('',(6.053153503304,8.454405229377));
#1583 = CARTESIAN_POINT('',(6.167975991174,8.469395774574));
#1584 = CARTESIAN_POINT('',(6.28318530718,8.469395774574));
#1585 = ( GEOMETRIC_REPRESENTATION_CONTEXT(2) 
PARAMETRIC_REPRESENTATION_CONTEXT() REPRESENTATION_CONTEXT('2D SPACE',''
  ) );
#1586 = FACE_BOUND('',#1587,.T.);
#1587 = EDGE_LOOP('',(#1588));
#1588 = ORIENTED_EDGE('',*,*,#1589,.F.);
#1589 = EDGE_CURVE('',#1590,#1590,#1592,.T.);
#1590 = VERTEX_POINT('',#1591);
#1591 = CARTESIAN_POINT('',(2.7,-7.530604225426,1.085E+03));
#1592 = SURFACE_CURVE('',#1593,(#1692,#1794),.PCURVE_S1.);
#1593 = B_SPLINE_CURVE_WITH_KNOTS('',7,(#1594,#1595,#1596,#1597,#1598,
    #1599,#1600,#1601,#1602,#1603,#1604,#1605,#1606,#1607,#1608,#1609,
    #1610,#1611,#1612,#1613,#1614,#1615,#1616,#1617,#1618,#1619,#1620,
    #1621,#1622,#1623,#1624,#1625,#1626,#1627,#1628,#1629,#1630,#1631,
    #1632,#1633,#1634,#1635,#1636,#1637,#1638,#1639,#1640,#1641,#1642,
    #1643,#1644,#1645,#1646,#1647,#1648,#1649,#1650,#1651,#1652,#1653,
    #1654,#1655,#1656,#1657,#1658,#1659,#1660,#1661,#1662,#1663,#1664,
    #1665,#1666,#1667,#1668,#1669,#1670,#1671,#1672,#1673,#1674,#1675,
    #1676,#1677,#1678,#1679,#1680,#1681,#1682,#1683,#1684,#1685,#1686,
    #1687,#1688,#1689,#1690,#1691),.UNSPECIFIED.,.T.,.F.,(8,6,6,6,6,6,6,
    6,6,6,6,6,6,6,6,6,8),(0.,0.117620550992,0.180839917282,
    0.222120566817,0.278776849114,0.319669818636,0.354620438545,
    0.408492259092,0.499910884205,0.572009647159,0.617874879618,
    0.681033540443,0.722274550842,0.77887642978,0.819730132434,
    0.854647191528,1.),.UNSPECIFIED.);
#1594 = CARTESIAN_POINT('',(2.7,-7.530604225426,1.085E+03));
#1595 = CARTESIAN_POINT('',(2.7,-7.530604225426,1.085250930884E+03));
#1596 = CARTESIAN_POINT('',(2.672792662466,-7.540359091837,
    1.085501484288E+03));
#1597 = CARTESIAN_POINT('',(2.618522940664,-7.559816629528,
    1.085749669546E+03));
#1598 = CARTESIAN_POINT('',(2.536914243096,-7.588377964339,
    1.085993408484E+03));
#1599 = CARTESIAN_POINT('',(2.42736369245,-7.624879847444,
    1.086230318493E+03));
#1600 = CARTESIAN_POINT('',(2.289028057618,-7.667511158458,
    1.086457430806E+03));
#1601 = CARTESIAN_POINT('',(2.030649760117,-7.738555235745,
    1.086785432276E+03));
#1602 = CARTESIAN_POINT('',(1.931619225796,-7.764457597037,
    1.08689626946E+03));
#1603 = CARTESIAN_POINT('',(1.823703309533,-7.791033084489,
    1.087002635547E+03));
#1604 = CARTESIAN_POINT('',(1.706727691164,-7.817818954065,
    1.087103776975E+03));
#1605 = CARTESIAN_POINT('',(1.580548893922,-7.844272089946,
    1.087198810938E+03));
#1606 = CARTESIAN_POINT('',(1.445082725142,-7.869768478125,
    1.087286703839E+03));
#1607 = CARTESIAN_POINT('',(1.205821123497,-7.909182702545,
    1.087418186579E+03));
#1608 = CARTESIAN_POINT('',(1.107269158996,-7.924061303922,
    1.087466609619E+03));
#1609 = CARTESIAN_POINT('',(1.004896101196,-7.938015938951,
    1.087511045523E+03));
#1610 = CARTESIAN_POINT('',(0.89895128128,-7.950816164086,
    1.087551059602E+03));
#1611 = CARTESIAN_POINT('',(0.789717242625,-7.962241815811,
    1.087586250998E+03));
#1612 = CARTESIAN_POINT('',(0.677508963558,-7.972090970679,
    1.087616250677E+03));
#1613 = CARTESIAN_POINT('',(0.405064750219,-7.991300671816,
    1.087674301912E+03));
#1614 = CARTESIAN_POINT('',(0.242637897007,-7.999103576936,
    1.087697438439E+03));
#1615 = CARTESIAN_POINT('',(7.726925169083E-02,-8.003083998913,
    1.087709079014E+03));
#1616 = CARTESIAN_POINT('',(-8.905809987798E-02,-8.002959091411,
    1.08770871362E+03));
#1617 = CARTESIAN_POINT('',(-0.254326422881,-7.998734652859,
    1.087696352678E+03));
#1618 = CARTESIAN_POINT('',(-0.41655501527,-7.990704507099,
    1.087672527163E+03));
#1619 = CARTESIAN_POINT('',(-0.687418905786,-7.971224176088,
    1.087613610181E+03));
#1620 = CARTESIAN_POINT('',(-0.798355593651,-7.961350877318,
    1.08758350858E+03));
#1621 = CARTESIAN_POINT('',(-0.906349745695,-7.949943016083,
    1.087548335856E+03));
#1622 = CARTESIAN_POINT('',(-1.011099688147,-7.937197672781,
    1.087508452141E+03));
#1623 = CARTESIAN_POINT('',(-1.112334957461,-7.923328947239,
    1.087464247316E+03));
#1624 = CARTESIAN_POINT('',(-1.20981700083,-7.908560414759,
    1.087416142925E+03));
#1625 = CARTESIAN_POINT('',(-1.383272503902,-7.87991882015,
    1.087320536041E+03));
#1626 = CARTESIAN_POINT('',(-1.460395115492,-7.866213915434,
    1.087273916833E+03));
#1627 = CARTESIAN_POINT('',(-1.534695506221,-7.852120900138,
    1.087224941386E+03));
#1628 = CARTESIAN_POINT('',(-1.60616957031,-7.83775209242,
    1.087173802026E+03));
#1629 = CARTESIAN_POINT('',(-1.674820920255,-7.823213379604,
    1.087120678732E+03));
#1630 = CARTESIAN_POINT('',(-1.740660505631,-7.808603501316,
    1.087065739396E+03));
#1631 = CARTESIAN_POINT('',(-1.900882993278,-7.771524491167,
    1.086921899599E+03));
#1632 = CARTESIAN_POINT('',(-1.991455074538,-7.749074757492,
    1.08683068545E+03));
#1633 = CARTESIAN_POINT('',(-2.075536885789,-7.726984419437,
    1.086736011804E+03));
#1634 = CARTESIAN_POINT('',(-2.153252323997,-7.70553179032,
    1.086638316169E+03));
#1635 = CARTESIAN_POINT('',(-2.224725897581,-7.684957513318,
    1.086537969834E+03));
#1636 = CARTESIAN_POINT('',(-2.290073851017,-7.665468865852,
    1.086435288335E+03));
#1637 = CARTESIAN_POINT('',(-2.450061728497,-7.616317202511,
    1.086152790833E+03));
#1638 = CARTESIAN_POINT('',(-2.53341821364,-7.589016392153,
    1.085969015611E+03));
#1639 = CARTESIAN_POINT('',(-2.599812334304,-7.566253486374,
    1.085780719603E+03));
#1640 = CARTESIAN_POINT('',(-2.649524953015,-7.548696970073,
    1.085589167446E+03));
#1641 = CARTESIAN_POINT('',(-2.682752227149,-7.536788168292,
    1.085395462569E+03));
#1642 = CARTESIAN_POINT('',(-2.69958621871,-7.530752580951,
    1.085200621963E+03));
#1643 = CARTESIAN_POINT('',(-2.700315768035,-7.530491011194,
    1.084851879066E+03));
#1644 = CARTESIAN_POINT('',(-2.69042037446,-7.534038910482,
    1.084698129824E+03));
#1645 = CARTESIAN_POINT('',(-2.670316773335,-7.541248689437,
    1.084544910272E+03));
#1646 = CARTESIAN_POINT('',(-2.639973255067,-7.552035552556,
    1.08439273421E+03));
#1647 = CARTESIAN_POINT('',(-2.599321743698,-7.566229198849,
    1.084242140173E+03));
#1648 = CARTESIAN_POINT('',(-2.548262002064,-7.583571759813,
    1.084093712148E+03));
#1649 = CARTESIAN_POINT('',(-2.447481774493,-7.616530218229,
    1.083855470094E+03));
#1650 = CARTESIAN_POINT('',(-2.404032779171,-7.63047872136,
    1.083763976507E+03));
#1651 = CARTESIAN_POINT('',(-2.35627286949,-7.645475855605,
    1.083673760034E+03));
#1652 = CARTESIAN_POINT('',(-2.304149442466,-7.661421804324,
    1.083584982567E+03));
#1653 = CARTESIAN_POINT('',(-2.247603410113,-7.678201426781,
    1.083497827814E+03));
#1654 = CARTESIAN_POINT('',(-2.186569335922,-7.695683359503,
    1.083412501725E+03));
#1655 = CARTESIAN_POINT('',(-2.030649760117,-7.738555235745,
    1.083214567724E+03));
#1656 = CARTESIAN_POINT('',(-1.931619225796,-7.764457597037,
    1.08310373054E+03));
#1657 = CARTESIAN_POINT('',(-1.823703309533,-7.791033084489,
    1.082997364453E+03));
#1658 = CARTESIAN_POINT('',(-1.706727691163,-7.817818954065,
    1.082896223025E+03));
#1659 = CARTESIAN_POINT('',(-1.580548893922,-7.844272089946,
    1.082801189062E+03));
#1660 = CARTESIAN_POINT('',(-1.445082725142,-7.869768478125,
    1.082713296161E+03));
#1661 = CARTESIAN_POINT('',(-1.205821123496,-7.909182702545,
    1.082581813421E+03));
#1662 = CARTESIAN_POINT('',(-1.107269158995,-7.924061303922,
    1.082533390381E+03));
#1663 = CARTESIAN_POINT('',(-1.004896101197,-7.93801593895,
    1.082488954477E+03));
#1664 = CARTESIAN_POINT('',(-0.898951281281,-7.950816164086,
    1.082448940398E+03));
#1665 = CARTESIAN_POINT('',(-0.789717242624,-7.962241815811,
    1.082413749002E+03));
#1666 = CARTESIAN_POINT('',(-0.677508963556,-7.972090970679,
    1.082383749323E+03));
#1667 = CARTESIAN_POINT('',(-0.40506475022,-7.991300671816,
    1.082325698088E+03));
#1668 = CARTESIAN_POINT('',(-0.242637897006,-7.999103576936,
    1.082302561561E+03));
#1669 = CARTESIAN_POINT('',(-7.726925168979E-02,-8.003083998913,
    1.082290920986E+03));
#1670 = CARTESIAN_POINT('',(8.905809987818E-02,-8.002959091411,
    1.08229128638E+03));
#1671 = CARTESIAN_POINT('',(0.254326422881,-7.998734652859,
    1.082303647322E+03));
#1672 = CARTESIAN_POINT('',(0.416555015271,-7.990704507099,
    1.082327472837E+03));
#1673 = CARTESIAN_POINT('',(0.687418905794,-7.971224176087,
    1.082386389819E+03));
#1674 = CARTESIAN_POINT('',(0.798355593652,-7.961350877318,
    1.08241649142E+03));
#1675 = CARTESIAN_POINT('',(0.90634974569,-7.949943016083,
    1.082451664144E+03));
#1676 = CARTESIAN_POINT('',(1.011099688143,-7.937197672781,
    1.082491547859E+03));
#1677 = CARTESIAN_POINT('',(1.112334957462,-7.923328947239,
    1.082535752684E+03));
#1678 = CARTESIAN_POINT('',(1.209817000835,-7.908560414758,
    1.082583857075E+03));
#1679 = CARTESIAN_POINT('',(1.383272503902,-7.87991882015,
    1.082679463959E+03));
#1680 = CARTESIAN_POINT('',(1.460395115492,-7.866213915433,
    1.082726083167E+03));
#1681 = CARTESIAN_POINT('',(1.534695506222,-7.852120900138,
    1.082775058614E+03));
#1682 = CARTESIAN_POINT('',(1.60616957031,-7.83775209242,
    1.082826197974E+03));
#1683 = CARTESIAN_POINT('',(1.674820920255,-7.823213379604,
    1.082879321268E+03));
#1684 = CARTESIAN_POINT('',(1.740660505631,-7.808603501316,
    1.082934260604E+03));
#1685 = CARTESIAN_POINT('',(2.066153116344,-7.733277347084,
    1.083226471714E+03));
#1686 = CARTESIAN_POINT('',(2.28094786162,-7.672706364537,
    1.083491535012E+03));
#1687 = CARTESIAN_POINT('',(2.449855067771,-7.618639378758,
    1.083775999235E+03));
#1688 = CARTESIAN_POINT('',(2.575074646123,-7.5753951582,
    1.084073386774E+03));
#1689 = CARTESIAN_POINT('',(2.658189211205,-7.545594770623,
    1.084378913339E+03));
#1690 = CARTESIAN_POINT('',(2.7,-7.530604225426,1.084688934847E+03));
#1691 = CARTESIAN_POINT('',(2.7,-7.530604225426,1.085E+03));
#1692 = PCURVE('',#1198,#1693);
#1693 = DEFINITIONAL_REPRESENTATION('',(#1694),#1793);
#1694 = B_SPLINE_CURVE_WITH_KNOTS('',7,(#1695,#1696,#1697,#1698,#1699,
    #1700,#1701,#1702,#1703,#1704,#1705,#1706,#1707,#1708,#1709,#1710,
    #1711,#1712,#1713,#1714,#1715,#1716,#1717,#1718,#1719,#1720,#1721,
    #1722,#1723,#1724,#1725,#1726,#1727,#1728,#1729,#1730,#1731,#1732,
    #1733,#1734,#1735,#1736,#1737,#1738,#1739,#1740,#1741,#1742,#1743,
    #1744,#1745,#1746,#1747,#1748,#1749,#1750,#1751,#1752,#1753,#1754,
    #1755,#1756,#1757,#1758,#1759,#1760,#1761,#1762,#1763,#1764,#1765,
    #1766,#1767,#1768,#1769,#1770,#1771,#1772,#1773,#1774,#1775,#1776,
    #1777,#1778,#1779,#1780,#1781,#1782,#1783,#1784,#1785,#1786,#1787,
    #1788,#1789,#1790,#1791,#1792),.UNSPECIFIED.,.T.,.F.,(8,6,6,6,6,6,6,
    6,6,6,6,6,6,6,6,6,8),(0.,0.117620550992,0.180839917282,
    0.222120566817,0.278776849114,0.319669818636,0.354620438545,
    0.408492259092,0.499910884205,0.572009647159,0.617874879618,
    0.681033540443,0.722274550842,0.77887642978,0.819730132434,
    0.854647191528,1.),.UNSPECIFIED.);
#1695 = CARTESIAN_POINT('',(5.056648779733,30.));
#1696 = CARTESIAN_POINT('',(5.056648779733,30.250930883865));
#1697 = CARTESIAN_POINT('',(5.053035877952,30.501484287678));
#1698 = CARTESIAN_POINT('',(5.04582931854,30.749669546365));
#1699 = CARTESIAN_POINT('',(5.035021874727,30.993408484334));
#1700 = CARTESIAN_POINT('',(5.020591527814,31.230318493202));
#1701 = CARTESIAN_POINT('',(5.002505554446,31.457430805955));
#1702 = CARTESIAN_POINT('',(4.969009611236,31.785432275874));
#1703 = CARTESIAN_POINT('',(4.956215364121,31.896269459617));
#1704 = CARTESIAN_POINT('',(4.942325247434,32.002635547029));
#1705 = CARTESIAN_POINT('',(4.92732881032,32.103776974795));
#1706 = CARTESIAN_POINT('',(4.911218658488,32.1988109382));
#1707 = CARTESIAN_POINT('',(4.893992545593,32.286703839168));
#1708 = CARTESIAN_POINT('',(4.86368176082,32.418186578685));
#1709 = CARTESIAN_POINT('',(4.851224274907,32.466609618605));
#1710 = CARTESIAN_POINT('',(4.838311511234,32.51104552337));
#1711 = CARTESIAN_POINT('',(4.824975018204,32.551059602131));
#1712 = CARTESIAN_POINT('',(4.811249232735,32.586250998317));
#1713 = CARTESIAN_POINT('',(4.797171356821,32.616250676705));
#1714 = CARTESIAN_POINT('',(4.763031281854,32.674301912315));
#1715 = CARTESIAN_POINT('',(4.742709578317,32.697438438615));
#1716 = CARTESIAN_POINT('',(4.722042207072,32.709079013894));
#1717 = CARTESIAN_POINT('',(4.701262715383,32.70871362043));
#1718 = CARTESIAN_POINT('',(4.680607094092,32.696352677558));
#1719 = CARTESIAN_POINT('',(4.660308730369,32.672527162833));
#1720 = CARTESIAN_POINT('',(4.626363293801,32.613610181165));
#1721 = CARTESIAN_POINT('',(4.612443414546,32.583508579515));
#1722 = CARTESIAN_POINT('',(4.59887189944,32.548335856185));
#1723 = CARTESIAN_POINT('',(4.585684408623,32.508452141082));
#1724 = CARTESIAN_POINT('',(4.572913940693,32.464247316465));
#1725 = CARTESIAN_POINT('',(4.560590714978,32.416142925455));
#1726 = CARTESIAN_POINT('',(4.538615177269,32.3205360406));
#1727 = CARTESIAN_POINT('',(4.528824552488,32.273916833248));
#1728 = CARTESIAN_POINT('',(4.519372391774,32.224941386154));
#1729 = CARTESIAN_POINT('',(4.510260300184,32.173802025613));
#1730 = CARTESIAN_POINT('',(4.50148923102,32.120678732089));
#1731 = CARTESIAN_POINT('',(4.493059441336,32.065739395757));
#1732 = CARTESIAN_POINT('',(4.472502318733,31.921899599079));
#1733 = CARTESIAN_POINT('',(4.460839607218,31.830685449604));
#1734 = CARTESIAN_POINT('',(4.449974288772,31.73601180434));
#1735 = CARTESIAN_POINT('',(4.43989773523,31.638316169004));
#1736 = CARTESIAN_POINT('',(4.430601436869,31.537969834083));
#1737 = CARTESIAN_POINT('',(4.422077724896,31.435288334598));
#1738 = CARTESIAN_POINT('',(4.401156740011,31.152790832697));
#1739 = CARTESIAN_POINT('',(4.390194428804,30.969015611036));
#1740 = CARTESIAN_POINT('',(4.38142178734,30.780719603026));
#1741 = CARTESIAN_POINT('',(4.374831646432,30.589167446252));
#1742 = CARTESIAN_POINT('',(4.370419538807,30.39546256854));
#1743 = CARTESIAN_POINT('',(4.368184127646,30.200621962884));
#1744 = CARTESIAN_POINT('',(4.368087249746,29.851879066381));
#1745 = CARTESIAN_POINT('',(4.36940123318,29.698129824026));
#1746 = CARTESIAN_POINT('',(4.372070976965,29.544910272295));
#1747 = CARTESIAN_POINT('',(4.37609643908,29.392734209726));
#1748 = CARTESIAN_POINT('',(4.381478438657,29.242140172683));
#1749 = CARTESIAN_POINT('',(4.388218620277,29.093712147508));
#1750 = CARTESIAN_POINT('',(4.401472696449,28.85547009381));
#1751 = CARTESIAN_POINT('',(4.407176740713,28.763976507443));
#1752 = CARTESIAN_POINT('',(4.413433934205,28.673760033852));
#1753 = CARTESIAN_POINT('',(4.420247069687,28.58498256686));
#1754 = CARTESIAN_POINT('',(4.427619463251,28.497827813651));
#1755 = CARTESIAN_POINT('',(4.43555506805,28.412501724574));
#1756 = CARTESIAN_POINT('',(4.455768349533,28.214567724126));
#1757 = CARTESIAN_POINT('',(4.468562596649,28.103730540383));
#1758 = CARTESIAN_POINT('',(4.482452713335,27.997364452971));
#1759 = CARTESIAN_POINT('',(4.49744915045,27.896223025205));
#1760 = CARTESIAN_POINT('',(4.513559302282,27.8011890618));
#1761 = CARTESIAN_POINT('',(4.530785415176,27.713296160832));
#1762 = CARTESIAN_POINT('',(4.56109619995,27.581813421315));
#1763 = CARTESIAN_POINT('',(4.573553685862,27.533390381395));
#1764 = CARTESIAN_POINT('',(4.586466449535,27.48895447663));
#1765 = CARTESIAN_POINT('',(4.599802942565,27.448940397869));
#1766 = CARTESIAN_POINT('',(4.613528728034,27.413749001683));
#1767 = CARTESIAN_POINT('',(4.627606603948,27.383749323295));
#1768 = CARTESIAN_POINT('',(4.661746678915,27.325698087685));
#1769 = CARTESIAN_POINT('',(4.682068382452,27.302561561385));
#1770 = CARTESIAN_POINT('',(4.702735753697,27.290920986106));
#1771 = CARTESIAN_POINT('',(4.723515245387,27.29128637957));
#1772 = CARTESIAN_POINT('',(4.744170866677,27.303647322442));
#1773 = CARTESIAN_POINT('',(4.764469230401,27.327472837167));
#1774 = CARTESIAN_POINT('',(4.798414666969,27.386389818836));
#1775 = CARTESIAN_POINT('',(4.812334546224,27.416491420486));
#1776 = CARTESIAN_POINT('',(4.825906061329,27.451664143814));
#1777 = CARTESIAN_POINT('',(4.839093552146,27.491547858916));
#1778 = CARTESIAN_POINT('',(4.851864020076,27.535752683535));
#1779 = CARTESIAN_POINT('',(4.864187245792,27.583857074548));
#1780 = CARTESIAN_POINT('',(4.886162783501,27.6794639594));
#1781 = CARTESIAN_POINT('',(4.895953408281,27.726083166753));
#1782 = CARTESIAN_POINT('',(4.905405568995,27.775058613847));
#1783 = CARTESIAN_POINT('',(4.914517660586,27.826197974388));
#1784 = CARTESIAN_POINT('',(4.92328872975,27.879321267911));
#1785 = CARTESIAN_POINT('',(4.931718519434,27.934260604243));
#1786 = CARTESIAN_POINT('',(4.973480394455,28.226471714135));
#1787 = CARTESIAN_POINT('',(5.001345475563,28.491535011799));
#1788 = CARTESIAN_POINT('',(5.023501391804,28.775999235459));
#1789 = CARTESIAN_POINT('',(5.040059720599,29.07338677373));
#1790 = CARTESIAN_POINT('',(5.051096672039,29.378913339087));
#1791 = CARTESIAN_POINT('',(5.056648779733,29.688934846784));
#1792 = CARTESIAN_POINT('',(5.056648779733,30.));
#1793 = ( GEOMETRIC_REPRESENTATION_CONTEXT(2) 
PARAMETRIC_REPRESENTATION_CONTEXT() REPRESENTATION_CONTEXT('2D SPACE',''
  ) );
#1794 = PCURVE('',#1795,#1800);
#1795 = CYLINDRICAL_SURFACE('',#1796,2.7);
#1796 = AXIS2_PLACEMENT_3D('',#1797,#1798,#1799);
#1797 = CARTESIAN_POINT('',(0.,16.,1.085E+03));
#1798 = DIRECTION('',(0.,-1.,2.22044604925E-16));
#1799 = DIRECTION('',(1.,0.,0.));
#1800 = DEFINITIONAL_REPRESENTATION('',(#1801),#1900);
#1801 = B_SPLINE_CURVE_WITH_KNOTS('',7,(#1802,#1803,#1804,#1805,#1806,
    #1807,#1808,#1809,#1810,#1811,#1812,#1813,#1814,#1815,#1816,#1817,
    #1818,#1819,#1820,#1821,#1822,#1823,#1824,#1825,#1826,#1827,#1828,
    #1829,#1830,#1831,#1832,#1833,#1834,#1835,#1836,#1837,#1838,#1839,
    #1840,#1841,#1842,#1843,#1844,#1845,#1846,#1847,#1848,#1849,#1850,
    #1851,#1852,#1853,#1854,#1855,#1856,#1857,#1858,#1859,#1860,#1861,
    #1862,#1863,#1864,#1865,#1866,#1867,#1868,#1869,#1870,#1871,#1872,
    #1873,#1874,#1875,#1876,#1877,#1878,#1879,#1880,#1881,#1882,#1883,
    #1884,#1885,#1886,#1887,#1888,#1889,#1890,#1891,#1892,#1893,#1894,
    #1895,#1896,#1897,#1898,#1899),.UNSPECIFIED.,.F.,.F.,(8,6,6,6,6,6,6,
    6,6,6,6,6,6,6,6,6,8),(0.,0.117620550992,0.180839917282,
    0.222120566817,0.278776849114,0.319669818636,0.354620438545,
    0.408492259092,0.499910884205,0.572009647159,0.617874879618,
    0.681033540443,0.722274550842,0.77887642978,0.819730132434,
    0.854647191528,1.),.UNSPECIFIED.);
#1802 = CARTESIAN_POINT('',(0.,23.530604225426));
#1803 = CARTESIAN_POINT('',(9.293736439431E-02,23.530604225426));
#1804 = CARTESIAN_POINT('',(0.185734848605,23.540359091837));
#1805 = CARTESIAN_POINT('',(0.278966779968,23.559816629528));
#1806 = CARTESIAN_POINT('',(0.373155466778,23.588377964339));
#1807 = CARTESIAN_POINT('',(0.468852060278,23.624879847444));
#1808 = CARTESIAN_POINT('',(0.566633493898,23.667511158458));
#1809 = CARTESIAN_POINT('',(0.721280003905,23.738555235745));
#1810 = CARTESIAN_POINT('',(0.776223803043,23.764457597037));
#1811 = CARTESIAN_POINT('',(0.832161040105,23.791033084489));
#1812 = CARTESIAN_POINT('',(0.889208942444,23.817818954065));
#1813 = CARTESIAN_POINT('',(0.947490226064,23.844272089946));
#1814 = CARTESIAN_POINT('',(1.007138660926,23.869768478125));
#1815 = CARTESIAN_POINT('',(1.108253044819,23.909182702545));
#1816 = CARTESIAN_POINT('',(1.14887914056,23.924061303922));
#1817 = CARTESIAN_POINT('',(1.190138534248,23.938015938951));
#1818 = CARTESIAN_POINT('',(1.231992643325,23.950816164086));
#1819 = CARTESIAN_POINT('',(1.274411871316,23.962241815811));
#1820 = CARTESIAN_POINT('',(1.317373601771,23.972090970679));
#1821 = CARTESIAN_POINT('',(1.420544053072,23.991300671816));
#1822 = CARTESIAN_POINT('',(1.481167050909,23.999103576936));
#1823 = CARTESIAN_POINT('',(1.542315864804,24.003083998913));
#1824 = CARTESIAN_POINT('',(1.603628544034,24.002959091411));
#1825 = CARTESIAN_POINT('',(1.664759971431,23.998734652859));
#1826 = CARTESIAN_POINT('',(1.725347276805,23.990704507099));
#1827 = CARTESIAN_POINT('',(1.828013020157,23.971224176088));
#1828 = CARTESIAN_POINT('',(1.870531545774,23.961350877318));
#1829 = CARTESIAN_POINT('',(1.912514401744,23.949943016083));
#1830 = CARTESIAN_POINT('',(1.953940349332,23.937197672781));
#1831 = CARTESIAN_POINT('',(1.994781432391,23.923328947239));
#1832 = CARTESIAN_POINT('',(2.035001123149,23.908560414759));
#1833 = CARTESIAN_POINT('',(2.108356420998,23.87991882015));
#1834 = CARTESIAN_POINT('',(2.141706828418,23.866213915434));
#1835 = CARTESIAN_POINT('',(2.174626115449,23.852120900138));
#1836 = CARTESIAN_POINT('',(2.207134138797,23.83775209242));
#1837 = CARTESIAN_POINT('',(2.239248971362,23.823213379604));
#1838 = CARTESIAN_POINT('',(2.270987686915,23.808603501316));
#1839 = CARTESIAN_POINT('',(2.350734484999,23.771524491167));
#1840 = CARTESIAN_POINT('',(2.398264879149,23.749074757492));
#1841 = CARTESIAN_POINT('',(2.445046884316,23.726984419437));
#1842 = CARTESIAN_POINT('',(2.491163192263,23.70553179032));
#1843 = CARTESIAN_POINT('',(2.536692476476,23.684957513318));
#1844 = CARTESIAN_POINT('',(2.581711239209,23.665468865852));
#1845 = CARTESIAN_POINT('',(2.701953883421,23.616317202511));
#1846 = CARTESIAN_POINT('',(2.776394353468,23.589016392153));
#1847 = CARTESIAN_POINT('',(2.849902522621,23.566253486374));
#1848 = CARTESIAN_POINT('',(2.922729176093,23.548696970073));
#1849 = CARTESIAN_POINT('',(2.995111833148,23.536788168292));
#1850 = CARTESIAN_POINT('',(3.067288063358,23.530752580951));
#1851 = CARTESIAN_POINT('',(3.196452381724,23.530491011194));
#1852 = CARTESIAN_POINT('',(3.253388663851,23.534038910482));
#1853 = CARTESIAN_POINT('',(3.310422784712,23.541248689437));
#1854 = CARTESIAN_POINT('',(3.367665182418,23.552035552556));
#1855 = CARTESIAN_POINT('',(3.425227181304,23.566229198849));
#1856 = CARTESIAN_POINT('',(3.483224662047,23.583571759813));
#1857 = CARTESIAN_POINT('',(3.579032490408,23.616530218229));
#1858 = CARTESIAN_POINT('',(3.616510911342,23.63047872136));
#1859 = CARTESIAN_POINT('',(3.654260258847,23.645475855605));
#1860 = CARTESIAN_POINT('',(3.6923218564,23.661421804324));
#1861 = CARTESIAN_POINT('',(3.730737272671,23.678201426781));
#1862 = CARTESIAN_POINT('',(3.76955050748,23.695683359503));
#1863 = CARTESIAN_POINT('',(3.862872657495,23.738555235745));
#1864 = CARTESIAN_POINT('',(3.917816456633,23.764457597037));
#1865 = CARTESIAN_POINT('',(3.973753693695,23.791033084489));
#1866 = CARTESIAN_POINT('',(4.030801596034,23.817818954065));
#1867 = CARTESIAN_POINT('',(4.089082879654,23.844272089946));
#1868 = CARTESIAN_POINT('',(4.148731314516,23.869768478125));
#1869 = CARTESIAN_POINT('',(4.249845698409,23.909182702545));
#1870 = CARTESIAN_POINT('',(4.29047179415,23.924061303922));
#1871 = CARTESIAN_POINT('',(4.331731187838,23.93801593895));
#1872 = CARTESIAN_POINT('',(4.373585296914,23.950816164086));
#1873 = CARTESIAN_POINT('',(4.416004524906,23.962241815811));
#1874 = CARTESIAN_POINT('',(4.458966255362,23.972090970679));
#1875 = CARTESIAN_POINT('',(4.562136706662,23.991300671816));
#1876 = CARTESIAN_POINT('',(4.622759704499,23.999103576936));
#1877 = CARTESIAN_POINT('',(4.683908518394,24.003083998913));
#1878 = CARTESIAN_POINT('',(4.745221197624,24.002959091411));
#1879 = CARTESIAN_POINT('',(4.80635262502,23.998734652859));
#1880 = CARTESIAN_POINT('',(4.866939930395,23.990704507099));
#1881 = CARTESIAN_POINT('',(4.96960567375,23.971224176087));
#1882 = CARTESIAN_POINT('',(5.012124199364,23.961350877318));
#1883 = CARTESIAN_POINT('',(5.054107055332,23.949943016083));
#1884 = CARTESIAN_POINT('',(5.09553300292,23.937197672781));
#1885 = CARTESIAN_POINT('',(5.136374085981,23.923328947239));
#1886 = CARTESIAN_POINT('',(5.176593776741,23.908560414758));
#1887 = CARTESIAN_POINT('',(5.249949074588,23.87991882015));
#1888 = CARTESIAN_POINT('',(5.283299482008,23.866213915433));
#1889 = CARTESIAN_POINT('',(5.316218769039,23.852120900138));
#1890 = CARTESIAN_POINT('',(5.348726792387,23.83775209242));
#1891 = CARTESIAN_POINT('',(5.380841624952,23.823213379604));
#1892 = CARTESIAN_POINT('',(5.412580340505,23.808603501316));
#1893 = CARTESIAN_POINT('',(5.574586272915,23.733277347084));
#1894 = CARTESIAN_POINT('',(5.699367254199,23.672706364537));
#1895 = CARTESIAN_POINT('',(5.819938231456,23.618639378758));
#1896 = CARTESIAN_POINT('',(5.937496436689,23.5753951582));
#1897 = CARTESIAN_POINT('',(6.053153503304,23.545594770623));
#1898 = CARTESIAN_POINT('',(6.167975991174,23.530604225426));
#1899 = CARTESIAN_POINT('',(6.28318530718,23.530604225426));
#1900 = ( GEOMETRIC_REPRESENTATION_CONTEXT(2) 
PARAMETRIC_REPRESENTATION_CONTEXT() REPRESENTATION_CONTEXT('2D SPACE',''
  ) );
#1901 = ADVANCED_FACE('',(#1902,#1905),#1260,.F.);
#1902 = FACE_BOUND('',#1903,.F.);
#1903 = EDGE_LOOP('',(#1904));
#1904 = ORIENTED_EDGE('',*,*,#1245,.T.);
#1905 = FACE_BOUND('',#1906,.F.);
#1906 = EDGE_LOOP('',(#1907));
#1907 = ORIENTED_EDGE('',*,*,#1908,.F.);
#1908 = EDGE_CURVE('',#1909,#1909,#1911,.T.);
#1909 = VERTEX_POINT('',#1910);
#1910 = CARTESIAN_POINT('',(6.,-1.469576158977E-15,1.055E+03));
#1911 = SURFACE_CURVE('',#1912,(#1917,#1924),.PCURVE_S1.);
#1912 = CIRCLE('',#1913,6.);
#1913 = AXIS2_PLACEMENT_3D('',#1914,#1915,#1916);
#1914 = CARTESIAN_POINT('',(0.,0.,1.055E+03));
#1915 = DIRECTION('',(0.,0.,1.));
#1916 = DIRECTION('',(1.,0.,-0.));
#1917 = PCURVE('',#1260,#1918);
#1918 = DEFINITIONAL_REPRESENTATION('',(#1919),#1923);
#1919 = CIRCLE('',#1920,6.);
#1920 = AXIS2_PLACEMENT_2D('',#1921,#1922);
#1921 = CARTESIAN_POINT('',(0.,0.));
#1922 = DIRECTION('',(1.,0.));
#1923 = ( GEOMETRIC_REPRESENTATION_CONTEXT(2) 
PARAMETRIC_REPRESENTATION_CONTEXT() REPRESENTATION_CONTEXT('2D SPACE',''
  ) );
#1924 = PCURVE('',#1925,#1930);
#1925 = CYLINDRICAL_SURFACE('',#1926,6.);
#1926 = AXIS2_PLACEMENT_3D('',#1927,#1928,#1929);
#1927 = CARTESIAN_POINT('',(0.,0.,1.054E+03));
#1928 = DIRECTION('',(0.,0.,1.));
#1929 = DIRECTION('',(1.,0.,-0.));
#1930 = DEFINITIONAL_REPRESENTATION('',(#1931),#1935);
#1931 = LINE('',#1932,#1933);
#1932 = CARTESIAN_POINT('',(0.,1.));
#1933 = VECTOR('',#1934,1.);
#1934 = DIRECTION('',(1.,0.));
#1935 = ( GEOMETRIC_REPRESENTATION_CONTEXT(2) 
PARAMETRIC_REPRESENTATION_CONTEXT() REPRESENTATION_CONTEXT('2D SPACE',''
  ) );
#1936 = ADVANCED_FACE('',(#1937,#1940),#1232,.T.);
#1937 = FACE_BOUND('',#1938,.T.);
#1938 = EDGE_LOOP('',(#1939));
#1939 = ORIENTED_EDGE('',*,*,#1217,.T.);
#1940 = FACE_BOUND('',#1941,.T.);
#1941 = EDGE_LOOP('',(#1942));
#1942 = ORIENTED_EDGE('',*,*,#1943,.F.);
#1943 = EDGE_CURVE('',#1944,#1944,#1946,.T.);
#1944 = VERTEX_POINT('',#1945);
#1945 = CARTESIAN_POINT('',(6.,-1.469576158977E-15,2.055E+03));
#1946 = SURFACE_CURVE('',#1947,(#1952,#1959),.PCURVE_S1.);
#1947 = CIRCLE('',#1948,6.);
#1948 = AXIS2_PLACEMENT_3D('',#1949,#1950,#1951);
#1949 = CARTESIAN_POINT('',(0.,0.,2.055E+03));
#1950 = DIRECTION('',(0.,0.,1.));
#1951 = DIRECTION('',(1.,0.,-0.));
#1952 = PCURVE('',#1232,#1953);
#1953 = DEFINITIONAL_REPRESENTATION('',(#1954),#1958);
#1954 = CIRCLE('',#1955,6.);
#1955 = AXIS2_PLACEMENT_2D('',#1956,#1957);
#1956 = CARTESIAN_POINT('',(0.,0.));
#1957 = DIRECTION('',(1.,0.));
#1958 = ( GEOMETRIC_REPRESENTATION_CONTEXT(2) 
PARAMETRIC_REPRESENTATION_CONTEXT() REPRESENTATION_CONTEXT('2D SPACE',''
  ) );
#1959 = PCURVE('',#1925,#1960);
#1960 = DEFINITIONAL_REPRESENTATION('',(#1961),#1965);
#1961 = LINE('',#1962,#1963);
#1962 = CARTESIAN_POINT('',(0.,1.001E+03));
#1963 = VECTOR('',#1964,1.);
#1964 = DIRECTION('',(1.,0.));
#1965 = ( GEOMETRIC_REPRESENTATION_CONTEXT(2) 
PARAMETRIC_REPRESENTATION_CONTEXT() REPRESENTATION_CONTEXT('2D SPACE',''
  ) );
#1966 = ADVANCED_FACE('',(#1967),#1480,.F.);
#1967 = FACE_BOUND('',#1968,.F.);
#1968 = EDGE_LOOP('',(#1969,#2319,#2340,#2341));
#1969 = ORIENTED_EDGE('',*,*,#1970,.F.);
#1970 = EDGE_CURVE('',#1971,#1971,#1973,.T.);
#1971 = VERTEX_POINT('',#1972);
#1972 = CARTESIAN_POINT('',(2.7,5.358171329848,1.085E+03));
#1973 = SURFACE_CURVE('',#1974,(#2087,#2203),.PCURVE_S1.);
#1974 = B_SPLINE_CURVE_WITH_KNOTS('',6,(#1975,#1976,#1977,#1978,#1979,
    #1980,#1981,#1982,#1983,#1984,#1985,#1986,#1987,#1988,#1989,#1990,
    #1991,#1992,#1993,#1994,#1995,#1996,#1997,#1998,#1999,#2000,#2001,
    #2002,#2003,#2004,#2005,#2006,#2007,#2008,#2009,#2010,#2011,#2012,
    #2013,#2014,#2015,#2016,#2017,#2018,#2019,#2020,#2021,#2022,#2023,
    #2024,#2025,#2026,#2027,#2028,#2029,#2030,#2031,#2032,#2033,#2034,
    #2035,#2036,#2037,#2038,#2039,#2040,#2041,#2042,#2043,#2044,#2045,
    #2046,#2047,#2048,#2049,#2050,#2051,#2052,#2053,#2054,#2055,#2056,
    #2057,#2058,#2059,#2060,#2061,#2062,#2063,#2064,#2065,#2066,#2067,
    #2068,#2069,#2070,#2071,#2072,#2073,#2074,#2075,#2076,#2077,#2078,
    #2079,#2080,#2081,#2082,#2083,#2084,#2085,#2086),.UNSPECIFIED.,.T.,
  .F.,(7,5,5,5,5,5,5,5,5,5,5,5,5,5,5,5,5,5,5,5,5,5,7),(0.,
    6.736432780083E-02,0.119217610608,0.159866696574,0.188539272511,
    0.224117638847,0.276294505303,0.312874212475,0.342015299881,
    0.381798698786,0.433854917703,0.499870963673,0.535823068233,
    0.56723279727,0.659762102633,0.688454380619,0.724057194241,
    0.776269913461,0.812874755985,0.842035867379,0.881846603021,
    0.93393859181,1.),.UNSPECIFIED.);
#1975 = CARTESIAN_POINT('',(2.7,5.358171329848,1.085E+03));
#1976 = CARTESIAN_POINT('',(2.7,5.358171329848,1.085169476644E+03));
#1977 = CARTESIAN_POINT('',(2.687234558214,5.364603873885,
    1.0853388565E+03));
#1978 = CARTESIAN_POINT('',(2.661730746246,5.377455342023,
    1.085507292154E+03));
#1979 = CARTESIAN_POINT('',(2.6234896483,5.396439129219,
    1.085673924769E+03));
#1980 = CARTESIAN_POINT('',(2.57249766642,5.420994045995,
    1.085837838706E+03));
#1981 = CARTESIAN_POINT('',(2.459727403913,5.472902030523,
    1.086121315811E+03));
#1982 = CARTESIAN_POINT('',(2.403126645397,5.498313410574,
    1.086242424779E+03));
#1983 = CARTESIAN_POINT('',(2.338920671442,5.526224695928,
    1.086361026386E+03));
#1984 = CARTESIAN_POINT('',(2.267009692586,5.556241393589,
    1.086476747109E+03));
#1985 = CARTESIAN_POINT('',(2.187263182524,5.587902090886,
    1.086589134192E+03));
#1986 = CARTESIAN_POINT('',(2.030763471844,5.646360706494,
    1.086782684318E+03));
#1987 = CARTESIAN_POINT('',(1.95707292488,5.67273631699,
    1.086865364458E+03));
#1988 = CARTESIAN_POINT('',(1.878360905795,5.699551966583,
    1.086945434739E+03));
#1989 = CARTESIAN_POINT('',(1.794524241451,5.726527476122,
    1.087022595224E+03));
#1990 = CARTESIAN_POINT('',(1.705461400911,5.753347073179,
    1.087096481828E+03));
#1991 = CARTESIAN_POINT('',(1.544496828788,5.798215806321,
    1.087216170773E+03));
#1992 = CARTESIAN_POINT('',(1.475258558826,5.816524088165,
    1.087263842215E+03));
#1993 = CARTESIAN_POINT('',(1.403351550819,5.834450164152,
    1.087309506246E+03));
#1994 = CARTESIAN_POINT('',(1.3287771111,5.851852708541,
    1.087352976461E+03));
#1995 = CARTESIAN_POINT('',(1.251546479125,5.868582684289,
    1.087394052985E+03));
#1996 = CARTESIAN_POINT('',(1.072580815283,5.904217194812,
    1.087480256008E+03));
#1997 = CARTESIAN_POINT('',(0.969303772613,5.922698959842,
    1.087524032825E+03));
#1998 = CARTESIAN_POINT('',(0.86215298169,5.939572106963,
    1.087563291015E+03));
#1999 = CARTESIAN_POINT('',(0.75147449552,5.95449663495,
    1.087597531018E+03));
#2000 = CARTESIAN_POINT('',(0.63765599056,5.967166623772,
    1.087626309148E+03));
#2001 = CARTESIAN_POINT('',(0.350228512901,5.992225597024,
    1.08768284843E+03));
#2002 = CARTESIAN_POINT('',(0.173617028066,6.001715386465,
    1.087703848435E+03));
#2003 = CARTESIAN_POINT('',(-5.900657849209E-03,6.004876046284,
    1.087710740468E+03));
#2004 = CARTESIAN_POINT('',(-0.185354100561,6.001357400637,
    1.087703060687E+03));
#2005 = CARTESIAN_POINT('',(-0.361774908498,5.99153145693,
    1.087681304781E+03));
#2006 = CARTESIAN_POINT('',(-0.651952870624,5.965682971812,
    1.087622944594E+03));
#2007 = CARTESIAN_POINT('',(-0.768624165961,5.952395571379,
    1.087592733514E+03));
#2008 = CARTESIAN_POINT('',(-0.881926079095,5.936755500566,
    1.087556796577E+03));
#2009 = CARTESIAN_POINT('',(-0.991455105547,5.919097308431,
    1.087515617457E+03));
#2010 = CARTESIAN_POINT('',(-1.096854112576,5.89979042568,
    1.087469737158E+03));
#2011 = CARTESIAN_POINT('',(-1.27824347417,5.862834725814,
    1.087379946981E+03));
#2012 = CARTESIAN_POINT('',(-1.355940508035,5.845629810046,
    1.087337491828E+03));
#2013 = CARTESIAN_POINT('',(-1.430888463719,5.827767775262,
    1.087292616319E+03));
#2014 = CARTESIAN_POINT('',(-1.503081194622,5.809402835199,
    1.087245525847E+03));
#2015 = CARTESIAN_POINT('',(-1.572522502046,5.790680543432,
    1.087196410625E+03));
#2016 = CARTESIAN_POINT('',(-1.730288413351,5.745873592308,
    1.087075869781E+03));
#2017 = CARTESIAN_POINT('',(-1.816270165692,5.719590869018,
    1.087002830085E+03));
#2018 = CARTESIAN_POINT('',(-1.897264730852,5.693213590804,
    1.086926718768E+03));
#2019 = CARTESIAN_POINT('',(-1.973368121561,5.667033071102,
    1.086847868701E+03));
#2020 = CARTESIAN_POINT('',(-2.04467676797,5.6413084198,
    1.086766554825E+03));
#2021 = CARTESIAN_POINT('',(-2.198443328658,5.583503995028,
    1.086573657528E+03));
#2022 = CARTESIAN_POINT('',(-2.277576530655,5.551903569277,
    1.086460446235E+03));
#2023 = CARTESIAN_POINT('',(-2.348828967079,5.522004004727,
    1.086343918214E+03));
#2024 = CARTESIAN_POINT('',(-2.412328606625,5.494267967563,
    1.08622452767E+03));
#2025 = CARTESIAN_POINT('',(-2.468172464932,5.469090265069,
    1.086102650453E+03));
#2026 = CARTESIAN_POINT('',(-2.577585926773,5.418541493616,
    1.085821302794E+03));
#2027 = CARTESIAN_POINT('',(-2.626542255085,5.394923318585,
    1.085660483307E+03));
#2028 = CARTESIAN_POINT('',(-2.663258292544,5.376685604098,
    1.085497102648E+03));
#2029 = CARTESIAN_POINT('',(-2.687744761372,5.364346781614,
    1.085332023018E+03));
#2030 = CARTESIAN_POINT('',(-2.7,5.358171329848,1.085166055306E+03));
#2031 = CARTESIAN_POINT('',(-2.7,5.358171329848,1.084909566869E+03));
#2032 = CARTESIAN_POINT('',(-2.696365413252,5.360002977157,
    1.08481913894E+03));
#2033 = CARTESIAN_POINT('',(-2.689096551011,5.363665664982,
    1.084728853973E+03));
#2034 = CARTESIAN_POINT('',(-2.678194837884,5.369135609215,
    1.084638852131E+03));
#2035 = CARTESIAN_POINT('',(-2.663662811832,5.376365848438,
    1.084549275984E+03));
#2036 = CARTESIAN_POINT('',(-2.62963969937,5.393079590338,
    1.084382510438E+03));
#2037 = CARTESIAN_POINT('',(-2.611007851176,5.402162975778,
    1.084305188399E+03));
#2038 = CARTESIAN_POINT('',(-2.589608138402,5.412491035989,
    1.084228386229E+03));
#2039 = CARTESIAN_POINT('',(-2.565438722161,5.424007420814,
    1.08415219005E+03));
#2040 = CARTESIAN_POINT('',(-2.538496365862,5.436644794198,
    1.084076690266E+03));
#2041 = CARTESIAN_POINT('',(-2.421225073807,5.49062459595,
    1.083781898663E+03));
#2042 = CARTESIAN_POINT('',(-2.309738024136,5.539897549835,
    1.083569101749E+03));
#2043 = CARTESIAN_POINT('',(-2.174010544959,5.596249232454,
    1.083365053201E+03));
#2044 = CARTESIAN_POINT('',(-2.013110462333,5.657274467133,
    1.083171925399E+03));
#2045 = CARTESIAN_POINT('',(-1.825779493489,5.719808510519,
    1.082992983483E+03));
#2046 = CARTESIAN_POINT('',(-1.544496828791,5.79821580632,
    1.082783829227E+03));
#2047 = CARTESIAN_POINT('',(-1.475258558824,5.816524088165,
    1.082736157785E+03));
#2048 = CARTESIAN_POINT('',(-1.403351550814,5.834450164153,
    1.082690493754E+03));
#2049 = CARTESIAN_POINT('',(-1.328777111098,5.851852708541,
    1.082647023539E+03));
#2050 = CARTESIAN_POINT('',(-1.251546479129,5.868582684289,
    1.082605947015E+03));
#2051 = CARTESIAN_POINT('',(-1.072580815283,5.904217194812,
    1.082519743992E+03));
#2052 = CARTESIAN_POINT('',(-0.969303772613,5.922698959842,
    1.082475967175E+03));
#2053 = CARTESIAN_POINT('',(-0.862152981689,5.939572106963,
    1.082436708985E+03));
#2054 = CARTESIAN_POINT('',(-0.751474495519,5.95449663495,
    1.082402468982E+03));
#2055 = CARTESIAN_POINT('',(-0.63765599056,5.967166623772,
    1.082373690852E+03));
#2056 = CARTESIAN_POINT('',(-0.350228512899,5.992225597024,
    1.08231715157E+03));
#2057 = CARTESIAN_POINT('',(-0.173617028065,6.001715386465,
    1.082296151565E+03));
#2058 = CARTESIAN_POINT('',(5.900657850062E-03,6.004876046284,
    1.082289259532E+03));
#2059 = CARTESIAN_POINT('',(0.185354100562,6.001357400637,
    1.082296939313E+03));
#2060 = CARTESIAN_POINT('',(0.3617749085,5.99153145693,
    1.082318695219E+03));
#2061 = CARTESIAN_POINT('',(0.651952870647,5.96568297181,
    1.082377055406E+03));
#2062 = CARTESIAN_POINT('',(0.768624165956,5.952395571378,
    1.082407266486E+03));
#2063 = CARTESIAN_POINT('',(0.881926079076,5.936755500568,
    1.082443203423E+03));
#2064 = CARTESIAN_POINT('',(0.991455105543,5.919097308433,
    1.082484382543E+03));
#2065 = CARTESIAN_POINT('',(1.096854112594,5.899790425676,
    1.082530262842E+03));
#2066 = CARTESIAN_POINT('',(1.278243474164,5.862834725815,
    1.082620053019E+03));
#2067 = CARTESIAN_POINT('',(1.355940508037,5.845629810045,
    1.082662508172E+03));
#2068 = CARTESIAN_POINT('',(1.430888463725,5.827767775261,
    1.082707383681E+03));
#2069 = CARTESIAN_POINT('',(1.503081194624,5.809402835198,
    1.082754474153E+03));
#2070 = CARTESIAN_POINT('',(1.572522502042,5.790680543433,
    1.082803589375E+03));
#2071 = CARTESIAN_POINT('',(1.730288413351,5.745873592308,
    1.082924130219E+03));
#2072 = CARTESIAN_POINT('',(1.816270165693,5.719590869018,
    1.082997169915E+03));
#2073 = CARTESIAN_POINT('',(1.897264730853,5.693213590804,
    1.083073281232E+03));
#2074 = CARTESIAN_POINT('',(1.973368121561,5.667033071101,
    1.083152131299E+03));
#2075 = CARTESIAN_POINT('',(2.044676767971,5.6413084198,
    1.083233445175E+03));
#2076 = CARTESIAN_POINT('',(2.198443328659,5.583503995028,
    1.083426342472E+03));
#2077 = CARTESIAN_POINT('',(2.277576530656,5.551903569277,
    1.083539553765E+03));
#2078 = CARTESIAN_POINT('',(2.348828967079,5.522004004727,
    1.083656081786E+03));
#2079 = CARTESIAN_POINT('',(2.412328606625,5.494267967563,
    1.08377547233E+03));
#2080 = CARTESIAN_POINT('',(2.468172464933,5.469090265069,
    1.083897349547E+03));
#2081 = CARTESIAN_POINT('',(2.577585926773,5.418541493616,
    1.084178697206E+03));
#2082 = CARTESIAN_POINT('',(2.626542255085,5.394923318585,
    1.084339516693E+03));
#2083 = CARTESIAN_POINT('',(2.663258292544,5.376685604098,
    1.084502897352E+03));
#2084 = CARTESIAN_POINT('',(2.687744761372,5.364346781614,
    1.084667976982E+03));
#2085 = CARTESIAN_POINT('',(2.7,5.358171329848,1.084833944694E+03));
#2086 = CARTESIAN_POINT('',(2.7,5.358171329848,1.085E+03));
#2087 = PCURVE('',#1480,#2088);
#2088 = DEFINITIONAL_REPRESENTATION('',(#2089),#2202);
#2089 = B_SPLINE_CURVE_WITH_KNOTS('',6,(#2090,#2091,#2092,#2093,#2094,
    #2095,#2096,#2097,#2098,#2099,#2100,#2101,#2102,#2103,#2104,#2105,
    #2106,#2107,#2108,#2109,#2110,#2111,#2112,#2113,#2114,#2115,#2116,
    #2117,#2118,#2119,#2120,#2121,#2122,#2123,#2124,#2125,#2126,#2127,
    #2128,#2129,#2130,#2131,#2132,#2133,#2134,#2135,#2136,#2137,#2138,
    #2139,#2140,#2141,#2142,#2143,#2144,#2145,#2146,#2147,#2148,#2149,
    #2150,#2151,#2152,#2153,#2154,#2155,#2156,#2157,#2158,#2159,#2160,
    #2161,#2162,#2163,#2164,#2165,#2166,#2167,#2168,#2169,#2170,#2171,
    #2172,#2173,#2174,#2175,#2176,#2177,#2178,#2179,#2180,#2181,#2182,
    #2183,#2184,#2185,#2186,#2187,#2188,#2189,#2190,#2191,#2192,#2193,
    #2194,#2195,#2196,#2197,#2198,#2199,#2200,#2201),.UNSPECIFIED.,.F.,
  .F.,(7,5,5,5,5,5,5,5,5,5,5,5,5,5,5,5,5,5,5,5,5,5,7),(0.,
    6.736432780083E-02,0.119217610608,0.159866696574,0.188539272511,
    0.224117638847,0.276294505303,0.312874212475,0.342015299881,
    0.381798698786,0.433854917703,0.499870963673,0.535823068233,
    0.56723279727,0.659762102633,0.688454380619,0.724057194241,
    0.776269913461,0.812874755985,0.842035867379,0.881846603021,
    0.93393859181,1.),.UNSPECIFIED.);
#2090 = CARTESIAN_POINT('',(0.,10.641828670152));
#2091 = CARTESIAN_POINT('',(6.276912726155E-02,10.641828670152));
#2092 = CARTESIAN_POINT('',(0.125502402289,10.635396126115));
#2093 = CARTESIAN_POINT('',(0.188331154028,10.622544657977));
#2094 = CARTESIAN_POINT('',(0.251379817501,10.603560870781));
#2095 = CARTESIAN_POINT('',(0.314769988434,10.579005954005));
#2096 = CARTESIAN_POINT('',(0.427764156142,10.527097969477));
#2097 = CARTESIAN_POINT('',(0.477191239922,10.501686589426));
#2098 = CARTESIAN_POINT('',(0.527010523694,10.473775304072));
#2099 = CARTESIAN_POINT('',(0.577332483537,10.443758606411));
#2100 = CARTESIAN_POINT('',(0.62827094915,10.412097909114));
#2101 = CARTESIAN_POINT('',(0.720458069337,10.353639293506));
#2102 = CARTESIAN_POINT('',(0.761430476482,10.32726368301));
#2103 = CARTESIAN_POINT('',(0.802940446646,10.300448033417));
#2104 = CARTESIAN_POINT('',(0.845058566856,10.273472523878));
#2105 = CARTESIAN_POINT('',(0.887857813062,10.246652926821));
#2106 = CARTESIAN_POINT('',(0.962149195305,10.201784193679));
#2107 = CARTESIAN_POINT('',(0.99326282144,10.183475911835));
#2108 = CARTESIAN_POINT('',(1.024778253608,10.165549835848));
#2109 = CARTESIAN_POINT('',(1.056712601419,10.148147291459));
#2110 = CARTESIAN_POINT('',(1.089084874903,10.131417315711));
#2111 = CARTESIAN_POINT('',(1.162656942357,10.095782805188));
#2112 = CARTESIAN_POINT('',(1.204154324878,10.077301040158));
#2113 = CARTESIAN_POINT('',(1.24633987896,10.060427893037));
#2114 = CARTESIAN_POINT('',(1.289161859135,10.04550336505));
#2115 = CARTESIAN_POINT('',(1.332581461881,10.032833376228));
#2116 = CARTESIAN_POINT('',(1.4410761156,10.007774402976));
#2117 = CARTESIAN_POINT('',(1.506758962998,9.998284613535));
#2118 = CARTESIAN_POINT('',(1.572972953327,9.995123953716));
#2119 = CARTESIAN_POINT('',(1.63917531501,9.998642599363));
#2120 = CARTESIAN_POINT('',(1.704822350838,10.00846854307));
#2121 = CARTESIAN_POINT('',(1.814447701819,10.034317028188));
#2122 = CARTESIAN_POINT('',(1.859017262546,10.047604428621));
#2123 = CARTESIAN_POINT('',(1.902947361689,10.063244499434));
#2124 = CARTESIAN_POINT('',(1.946200153656,10.080902691569));
#2125 = CARTESIAN_POINT('',(1.98872363209,10.10020957432));
#2126 = CARTESIAN_POINT('',(2.06368532904,10.137165274186));
#2127 = CARTESIAN_POINT('',(2.096450991513,10.154370189955));
#2128 = CARTESIAN_POINT('',(2.128767900464,10.172232224738));
#2129 = CARTESIAN_POINT('',(2.16065707594,10.190597164801));
#2130 = CARTESIAN_POINT('',(2.192137657555,10.209319456568));
#2131 = CARTESIAN_POINT('',(2.265672899484,10.254126407692));
#2132 = CARTESIAN_POINT('',(2.307401022847,10.280409130982));
#2133 = CARTESIAN_POINT('',(2.348489586892,10.306786409196));
#2134 = CARTESIAN_POINT('',(2.389006865927,10.332966928898));
#2135 = CARTESIAN_POINT('',(2.429019017962,10.3586915802));
#2136 = CARTESIAN_POINT('',(2.520383857673,10.416496004972));
#2137 = CARTESIAN_POINT('',(2.571440479789,10.448096430723));
#2138 = CARTESIAN_POINT('',(2.621887963194,10.477995995273));
#2139 = CARTESIAN_POINT('',(2.671839934705,10.505732032437));
#2140 = CARTESIAN_POINT('',(2.72140673846,10.530909734931));
#2141 = CARTESIAN_POINT('',(2.833211861644,10.581458506384));
#2142 = CARTESIAN_POINT('',(2.895296500838,10.605076681415));
#2143 = CARTESIAN_POINT('',(2.957061810025,10.623314395902));
#2144 = CARTESIAN_POINT('',(3.018621170444,10.635653218386));
#2145 = CARTESIAN_POINT('',(3.080090688293,10.641828670152));
#2146 = CARTESIAN_POINT('',(3.17508640582,10.641828670152));
#2147 = CARTESIAN_POINT('',(3.20857834965,10.639997022843));
#2148 = CARTESIAN_POINT('',(3.242084738699,10.636334335018));
#2149 = CARTESIAN_POINT('',(3.275621507223,10.630864390785));
#2150 = CARTESIAN_POINT('',(3.309204270117,10.623634151562));
#2151 = CARTESIAN_POINT('',(3.372241611425,10.606920409662));
#2152 = CARTESIAN_POINT('',(3.401680947449,10.597837024222));
#2153 = CARTESIAN_POINT('',(3.431182031944,10.587508964011));
#2154 = CARTESIAN_POINT('',(3.460760406256,10.575992579186));
#2155 = CARTESIAN_POINT('',(3.490431452117,10.563355205802));
#2156 = CARTESIAN_POINT('',(3.607935586161,10.50937540405));
#2157 = CARTESIAN_POINT('',(3.696430808202,10.460102450165));
#2158 = CARTESIAN_POINT('',(3.786445819149,10.403750767546));
#2159 = CARTESIAN_POINT('',(3.878695741143,10.342725532867));
#2160 = CARTESIAN_POINT('',(3.973919008463,10.280191489481));
#2161 = CARTESIAN_POINT('',(4.103741848893,10.20178419368));
#2162 = CARTESIAN_POINT('',(4.134855475031,10.183475911835));
#2163 = CARTESIAN_POINT('',(4.1663709072,10.165549835847));
#2164 = CARTESIAN_POINT('',(4.19830525501,10.148147291459));
#2165 = CARTESIAN_POINT('',(4.230677528491,10.131417315711));
#2166 = CARTESIAN_POINT('',(4.304249595947,10.095782805188));
#2167 = CARTESIAN_POINT('',(4.345746978468,10.077301040158));
#2168 = CARTESIAN_POINT('',(4.387932532551,10.060427893037));
#2169 = CARTESIAN_POINT('',(4.430754512725,10.04550336505));
#2170 = CARTESIAN_POINT('',(4.474174115471,10.032833376228));
#2171 = CARTESIAN_POINT('',(4.58266876919,10.007774402976));
#2172 = CARTESIAN_POINT('',(4.648351616588,9.998284613535));
#2173 = CARTESIAN_POINT('',(4.714565606917,9.995123953716));
#2174 = CARTESIAN_POINT('',(4.7807679686,9.998642599363));
#2175 = CARTESIAN_POINT('',(4.846415004428,10.00846854307));
#2176 = CARTESIAN_POINT('',(4.956040355418,10.03431702819));
#2177 = CARTESIAN_POINT('',(5.000609916134,10.047604428622));
#2178 = CARTESIAN_POINT('',(5.044540015271,10.063244499432));
#2179 = CARTESIAN_POINT('',(5.087792807244,10.080902691567));
#2180 = CARTESIAN_POINT('',(5.130316285688,10.100209574324));
#2181 = CARTESIAN_POINT('',(5.205277982628,10.137165274185));
#2182 = CARTESIAN_POINT('',(5.238043645103,10.154370189955));
#2183 = CARTESIAN_POINT('',(5.270360554056,10.172232224739));
#2184 = CARTESIAN_POINT('',(5.302249729531,10.190597164802));
#2185 = CARTESIAN_POINT('',(5.333730311143,10.209319456567));
#2186 = CARTESIAN_POINT('',(5.407265553074,10.254126407692));
#2187 = CARTESIAN_POINT('',(5.448993676437,10.280409130982));
#2188 = CARTESIAN_POINT('',(5.490082240482,10.306786409196));
#2189 = CARTESIAN_POINT('',(5.530599519517,10.332966928899));
#2190 = CARTESIAN_POINT('',(5.570611671552,10.3586915802));
#2191 = CARTESIAN_POINT('',(5.661976511263,10.416496004972));
#2192 = CARTESIAN_POINT('',(5.713033133379,10.448096430723));
#2193 = CARTESIAN_POINT('',(5.763480616784,10.477995995273));
#2194 = CARTESIAN_POINT('',(5.813432588295,10.505732032437));
#2195 = CARTESIAN_POINT('',(5.86299939205,10.530909734931));
#2196 = CARTESIAN_POINT('',(5.974804515234,10.581458506384));
#2197 = CARTESIAN_POINT('',(6.036889154428,10.605076681415));
#2198 = CARTESIAN_POINT('',(6.098654463615,10.623314395902));
#2199 = CARTESIAN_POINT('',(6.160213824033,10.635653218386));
#2200 = CARTESIAN_POINT('',(6.221683341882,10.641828670152));
#2201 = CARTESIAN_POINT('',(6.28318530718,10.641828670152));
#2202 = ( GEOMETRIC_REPRESENTATION_CONTEXT(2) 
PARAMETRIC_REPRESENTATION_CONTEXT() REPRESENTATION_CONTEXT('2D SPACE',''
  ) );
#2203 = PCURVE('',#1925,#2204);
#2204 = DEFINITIONAL_REPRESENTATION('',(#2205),#2318);
#2205 = B_SPLINE_CURVE_WITH_KNOTS('',6,(#2206,#2207,#2208,#2209,#2210,
    #2211,#2212,#2213,#2214,#2215,#2216,#2217,#2218,#2219,#2220,#2221,
    #2222,#2223,#2224,#2225,#2226,#2227,#2228,#2229,#2230,#2231,#2232,
    #2233,#2234,#2235,#2236,#2237,#2238,#2239,#2240,#2241,#2242,#2243,
    #2244,#2245,#2246,#2247,#2248,#2249,#2250,#2251,#2252,#2253,#2254,
    #2255,#2256,#2257,#2258,#2259,#2260,#2261,#2262,#2263,#2264,#2265,
    #2266,#2267,#2268,#2269,#2270,#2271,#2272,#2273,#2274,#2275,#2276,
    #2277,#2278,#2279,#2280,#2281,#2282,#2283,#2284,#2285,#2286,#2287,
    #2288,#2289,#2290,#2291,#2292,#2293,#2294,#2295,#2296,#2297,#2298,
    #2299,#2300,#2301,#2302,#2303,#2304,#2305,#2306,#2307,#2308,#2309,
    #2310,#2311,#2312,#2313,#2314,#2315,#2316,#2317),.UNSPECIFIED.,.T.,
  .F.,(7,5,5,5,5,5,5,5,5,5,5,5,5,5,5,5,5,5,5,5,5,5,7),(0.,
    6.736432780083E-02,0.119217610608,0.159866696574,0.188539272511,
    0.224117638847,0.276294505303,0.312874212475,0.342015299881,
    0.381798698786,0.433854917703,0.499870963673,0.535823068233,
    0.56723279727,0.659762102633,0.688454380619,0.724057194241,
    0.776269913461,0.812874755985,0.842035867379,0.881846603021,
    0.93393859181,1.),.UNSPECIFIED.);
#2206 = CARTESIAN_POINT('',(1.104030987748,31.));
#2207 = CARTESIAN_POINT('',(1.104030987748,31.169476643606));
#2208 = CARTESIAN_POINT('',(1.106413408521,31.33885649997));
#2209 = CARTESIAN_POINT('',(1.11117322624,31.507292153704));
#2210 = CARTESIAN_POINT('',(1.118288696284,31.673924769003));
#2211 = CARTESIAN_POINT('',(1.127719959808,31.837838706064));
#2212 = CARTESIAN_POINT('',(1.148410517882,32.121315811327));
#2213 = CARTESIAN_POINT('',(1.158750610431,32.24242477935));
#2214 = CARTESIAN_POINT('',(1.1704177121,32.361026385947));
#2215 = CARTESIAN_POINT('',(1.183402535044,32.476747109033));
#2216 = CARTESIAN_POINT('',(1.197699823477,32.58913419152));
#2217 = CARTESIAN_POINT('',(1.225543418981,32.782684317698));
#2218 = CARTESIAN_POINT('',(1.238586937179,32.865364458048));
#2219 = CARTESIAN_POINT('',(1.252443442965,32.945434739387));
#2220 = CARTESIAN_POINT('',(1.267118117011,33.022595223624));
#2221 = CARTESIAN_POINT('',(1.282617042432,33.096481828149));
#2222 = CARTESIAN_POINT('',(1.310467235277,33.216170773332));
#2223 = CARTESIAN_POINT('',(1.322402499077,33.263842214568));
#2224 = CARTESIAN_POINT('',(1.334751863472,33.309506245969));
#2225 = CARTESIAN_POINT('',(1.347512542738,33.3529764607));
#2226 = CARTESIAN_POINT('',(1.360681005888,33.394052985482));
#2227 = CARTESIAN_POINT('',(1.391094145946,33.48025600848));
#2228 = CARTESIAN_POINT('',(1.408577134143,33.524032824625));
#2229 = CARTESIAN_POINT('',(1.426649491619,33.563291014671));
#2230 = CARTESIAN_POINT('',(1.445255631148,33.597531017924));
#2231 = CARTESIAN_POINT('',(1.464337083672,33.626309148342));
#2232 = CARTESIAN_POINT('',(1.512423379668,33.682848429841));
#2233 = CARTESIAN_POINT('',(1.541884812328,33.703848434677));
#2234 = CARTESIAN_POINT('',(1.571778944646,33.710740467643));
#2235 = CARTESIAN_POINT('',(1.601663546315,33.703060687013));
#2236 = CARTESIAN_POINT('',(1.631096399789,33.681304781404));
#2237 = CARTESIAN_POINT('',(1.679650892053,33.622944594299));
#2238 = CARTESIAN_POINT('',(1.699215885574,33.592733514104));
#2239 = CARTESIAN_POINT('',(1.718270827219,33.55679657736));
#2240 = CARTESIAN_POINT('',(1.736754790531,33.515617456998));
#2241 = CARTESIAN_POINT('',(1.754610092073,33.469737157546));
#2242 = CARTESIAN_POINT('',(1.785462709579,33.379946980964));
#2243 = CARTESIAN_POINT('',(1.798723996349,33.337491827894));
#2244 = CARTESIAN_POINT('',(1.811562800361,33.292616318968));
#2245 = CARTESIAN_POINT('',(1.823976180197,33.24552584719));
#2246 = CARTESIAN_POINT('',(1.835961929728,33.196410625448));
#2247 = CARTESIAN_POINT('',(1.863296150058,33.075869781365));
#2248 = CARTESIAN_POINT('',(1.878278025681,33.002830085076));
#2249 = CARTESIAN_POINT('',(1.892471677012,32.926718767949));
#2250 = CARTESIAN_POINT('',(1.905882797753,32.847868701477));
#2251 = CARTESIAN_POINT('',(1.918516141459,32.766554824575));
#2252 = CARTESIAN_POINT('',(1.945894918067,32.57365752754));
#2253 = CARTESIAN_POINT('',(1.960093571316,32.460446235418));
#2254 = CARTESIAN_POINT('',(1.972969672148,32.343918214138));
#2255 = CARTESIAN_POINT('',(1.984517234399,32.224527670402));
#2256 = CARTESIAN_POINT('',(1.994726327281,32.102650452553));
#2257 = CARTESIAN_POINT('',(2.014813971305,31.821302793641));
#2258 = CARTESIAN_POINT('',(2.023871982913,31.660483307097));
#2259 = CARTESIAN_POINT('',(2.030704516834,31.497102648002));
#2260 = CARTESIAN_POINT('',(2.035274464094,31.332023017848));
#2261 = CARTESIAN_POINT('',(2.037561665842,31.166055306302));
#2262 = CARTESIAN_POINT('',(2.037561665842,30.909566868977));
#2263 = CARTESIAN_POINT('',(2.036883312778,30.819138939989));
#2264 = CARTESIAN_POINT('',(2.035526737573,30.728853972802));
#2265 = CARTESIAN_POINT('',(2.033493925999,30.63885213146));
#2266 = CARTESIAN_POINT('',(2.030788718674,30.549275984282));
#2267 = CARTESIAN_POINT('',(2.024470927767,30.382510437876));
#2268 = CARTESIAN_POINT('',(2.021016240164,30.305188399438));
#2269 = CARTESIAN_POINT('',(2.017056033769,30.228386229217));
#2270 = CARTESIAN_POINT('',(2.012594011736,30.152190049861));
#2271 = CARTESIAN_POINT('',(2.007634294862,30.076690265998));
#2272 = CARTESIAN_POINT('',(1.986117909028,29.781898663469));
#2273 = CARTESIAN_POINT('',(1.965805243938,29.569101748733));
#2274 = CARTESIAN_POINT('',(1.941321949132,29.365053201083));
#2275 = CARTESIAN_POINT('',(1.912666925746,29.171925399075));
#2276 = CARTESIAN_POINT('',(1.879793124209,28.992983483362));
#2277 = CARTESIAN_POINT('',(1.831125418314,28.783829226671));
#2278 = CARTESIAN_POINT('',(1.819190154513,28.736157785431));
#2279 = CARTESIAN_POINT('',(1.806840790117,28.690493754028));
#2280 = CARTESIAN_POINT('',(1.794080110851,28.6470235393));
#2281 = CARTESIAN_POINT('',(1.780911647702,28.60594701452));
#2282 = CARTESIAN_POINT('',(1.750498507644,28.51974399152));
#2283 = CARTESIAN_POINT('',(1.733015519447,28.475967175375));
#2284 = CARTESIAN_POINT('',(1.714943161971,28.436708985328));
#2285 = CARTESIAN_POINT('',(1.696337022441,28.402468982076));
#2286 = CARTESIAN_POINT('',(1.677255569918,28.373690851658));
#2287 = CARTESIAN_POINT('',(1.629169273922,28.317151570159));
#2288 = CARTESIAN_POINT('',(1.599707841261,28.296151565323));
#2289 = CARTESIAN_POINT('',(1.569813708944,28.289259532357));
#2290 = CARTESIAN_POINT('',(1.539929107275,28.296939312987));
#2291 = CARTESIAN_POINT('',(1.510496253801,28.318695218597));
#2292 = CARTESIAN_POINT('',(1.461941761533,28.377055405706));
#2293 = CARTESIAN_POINT('',(1.442376768017,28.407266485897));
#2294 = CARTESIAN_POINT('',(1.423321826374,28.443203422634));
#2295 = CARTESIAN_POINT('',(1.404837863059,28.484382542998));
#2296 = CARTESIAN_POINT('',(1.386982561514,28.530262842463));
#2297 = CARTESIAN_POINT('',(1.356129944012,28.620053019033));
#2298 = CARTESIAN_POINT('',(1.34286865724,28.662508172107));
#2299 = CARTESIAN_POINT('',(1.330029853228,28.707383681036));
#2300 = CARTESIAN_POINT('',(1.317616473392,28.754474152811));
#2301 = CARTESIAN_POINT('',(1.305630723863,28.803589374549));
#2302 = CARTESIAN_POINT('',(1.278296503532,28.924130218635));
#2303 = CARTESIAN_POINT('',(1.263314627909,28.997169914924));
#2304 = CARTESIAN_POINT('',(1.249120976577,29.073281232052));
#2305 = CARTESIAN_POINT('',(1.235709855837,29.152131298523));
#2306 = CARTESIAN_POINT('',(1.223076512131,29.233445175426));
#2307 = CARTESIAN_POINT('',(1.195697735522,29.426342472461));
#2308 = CARTESIAN_POINT('',(1.181499082274,29.539553764583));
#2309 = CARTESIAN_POINT('',(1.168622981442,29.656081785862));
#2310 = CARTESIAN_POINT('',(1.157075419191,29.775472329598));
#2311 = CARTESIAN_POINT('',(1.146866326309,29.897349547448));
#2312 = CARTESIAN_POINT('',(1.126778682285,30.17869720636));
#2313 = CARTESIAN_POINT('',(1.117720670677,30.339516692904));
#2314 = CARTESIAN_POINT('',(1.110888136756,30.502897351998));
#2315 = CARTESIAN_POINT('',(1.106318189495,30.667976982152));
#2316 = CARTESIAN_POINT('',(1.104030987748,30.833944693698));
#2317 = CARTESIAN_POINT('',(1.104030987748,31.));
#2318 = ( GEOMETRIC_REPRESENTATION_CONTEXT(2) 
PARAMETRIC_REPRESENTATION_CONTEXT() REPRESENTATION_CONTEXT('2D SPACE',''
  ) );
#2319 = ORIENTED_EDGE('',*,*,#2320,.F.);
#2320 = EDGE_CURVE('',#1275,#1971,#2321,.T.);
#2321 = SEAM_CURVE('',#2322,(#2326,#2333),.PCURVE_S1.);
#2322 = LINE('',#2323,#2324);
#2323 = CARTESIAN_POINT('',(2.7,16.,1.085E+03));
#2324 = VECTOR('',#2325,1.);
#2325 = DIRECTION('',(0.,-1.,2.22044604925E-16));
#2326 = PCURVE('',#1480,#2327);
#2327 = DEFINITIONAL_REPRESENTATION('',(#2328),#2332);
#2328 = LINE('',#2329,#2330);
#2329 = CARTESIAN_POINT('',(6.28318530718,-0.));
#2330 = VECTOR('',#2331,1.);
#2331 = DIRECTION('',(0.,1.));
#2332 = ( GEOMETRIC_REPRESENTATION_CONTEXT(2) 
PARAMETRIC_REPRESENTATION_CONTEXT() REPRESENTATION_CONTEXT('2D SPACE',''
  ) );
#2333 = PCURVE('',#1480,#2334);
#2334 = DEFINITIONAL_REPRESENTATION('',(#2335),#2339);
#2335 = LINE('',#2336,#2337);
#2336 = CARTESIAN_POINT('',(0.,-0.));
#2337 = VECTOR('',#2338,1.);
#2338 = DIRECTION('',(0.,1.));
#2339 = ( GEOMETRIC_REPRESENTATION_CONTEXT(2) 
PARAMETRIC_REPRESENTATION_CONTEXT() REPRESENTATION_CONTEXT('2D SPACE',''
  ) );
#2340 = ORIENTED_EDGE('',*,*,#1274,.T.);
#2341 = ORIENTED_EDGE('',*,*,#2320,.T.);
#2342 = ADVANCED_FACE('',(#2343),#1795,.F.);
#2343 = FACE_BOUND('',#2344,.F.);
#2344 = EDGE_LOOP('',(#2345,#2346,#2369,#2717));
#2345 = ORIENTED_EDGE('',*,*,#1589,.F.);
#2346 = ORIENTED_EDGE('',*,*,#2347,.F.);
#2347 = EDGE_CURVE('',#2348,#1590,#2350,.T.);
#2348 = VERTEX_POINT('',#2349);
#2349 = CARTESIAN_POINT('',(2.7,-5.358171329848,1.085E+03));
#2350 = SEAM_CURVE('',#2351,(#2355,#2362),.PCURVE_S1.);
#2351 = LINE('',#2352,#2353);
#2352 = CARTESIAN_POINT('',(2.7,16.,1.085E+03));
#2353 = VECTOR('',#2354,1.);
#2354 = DIRECTION('',(0.,-1.,2.22044604925E-16));
#2355 = PCURVE('',#1795,#2356);
#2356 = DEFINITIONAL_REPRESENTATION('',(#2357),#2361);
#2357 = LINE('',#2358,#2359);
#2358 = CARTESIAN_POINT('',(6.28318530718,-0.));
#2359 = VECTOR('',#2360,1.);
#2360 = DIRECTION('',(0.,1.));
#2361 = ( GEOMETRIC_REPRESENTATION_CONTEXT(2) 
PARAMETRIC_REPRESENTATION_CONTEXT() REPRESENTATION_CONTEXT('2D SPACE',''
  ) );
#2362 = PCURVE('',#1795,#2363);
#2363 = DEFINITIONAL_REPRESENTATION('',(#2364),#2368);
#2364 = LINE('',#2365,#2366);
#2365 = CARTESIAN_POINT('',(0.,-0.));
#2366 = VECTOR('',#2367,1.);
#2367 = DIRECTION('',(0.,1.));
#2368 = ( GEOMETRIC_REPRESENTATION_CONTEXT(2) 
PARAMETRIC_REPRESENTATION_CONTEXT() REPRESENTATION_CONTEXT('2D SPACE',''
  ) );
#2369 = ORIENTED_EDGE('',*,*,#2370,.T.);
#2370 = EDGE_CURVE('',#2348,#2348,#2371,.T.);
#2371 = SURFACE_CURVE('',#2372,(#2485,#2601),.PCURVE_S1.);
#2372 = B_SPLINE_CURVE_WITH_KNOTS('',6,(#2373,#2374,#2375,#2376,#2377,
    #2378,#2379,#2380,#2381,#2382,#2383,#2384,#2385,#2386,#2387,#2388,
    #2389,#2390,#2391,#2392,#2393,#2394,#2395,#2396,#2397,#2398,#2399,
    #2400,#2401,#2402,#2403,#2404,#2405,#2406,#2407,#2408,#2409,#2410,
    #2411,#2412,#2413,#2414,#2415,#2416,#2417,#2418,#2419,#2420,#2421,
    #2422,#2423,#2424,#2425,#2426,#2427,#2428,#2429,#2430,#2431,#2432,
    #2433,#2434,#2435,#2436,#2437,#2438,#2439,#2440,#2441,#2442,#2443,
    #2444,#2445,#2446,#2447,#2448,#2449,#2450,#2451,#2452,#2453,#2454,
    #2455,#2456,#2457,#2458,#2459,#2460,#2461,#2462,#2463,#2464,#2465,
    #2466,#2467,#2468,#2469,#2470,#2471,#2472,#2473,#2474,#2475,#2476,
    #2477,#2478,#2479,#2480,#2481,#2482,#2483,#2484),.UNSPECIFIED.,.T.,
  .F.,(7,5,5,5,5,5,5,5,5,5,5,5,5,5,5,5,5,5,5,5,5,5,7),(0.,
    6.736432767976E-02,0.119217608829,0.159866694784,0.188539270713,
    0.224117637104,0.276294503747,0.312874211085,0.342015298651,
    0.381798697774,0.433854915343,0.499870961575,0.535823066277,
    0.567232795439,0.659762101169,0.688454379271,0.724057193038,
    0.776269912471,0.812874755152,0.842035866676,0.881846602494,
    0.933938591516,1.),.UNSPECIFIED.);
#2373 = CARTESIAN_POINT('',(2.7,-5.358171329848,1.085E+03));
#2374 = CARTESIAN_POINT('',(2.7,-5.358171329848,1.085169476644E+03));
#2375 = CARTESIAN_POINT('',(2.687234558214,-5.364603873885,
    1.0853388565E+03));
#2376 = CARTESIAN_POINT('',(2.661730746246,-5.377455342023,
    1.085507292154E+03));
#2377 = CARTESIAN_POINT('',(2.6234896483,-5.396439129219,
    1.085673924769E+03));
#2378 = CARTESIAN_POINT('',(2.57249766642,-5.420994045995,
    1.085837838706E+03));
#2379 = CARTESIAN_POINT('',(2.459727405394,-5.472902029842,
    1.086121315808E+03));
#2380 = CARTESIAN_POINT('',(2.403126642147,-5.498313411916,
    1.086242424785E+03));
#2381 = CARTESIAN_POINT('',(2.338920672049,-5.526224695761,
    1.086361026386E+03));
#2382 = CARTESIAN_POINT('',(2.267009696124,-5.556241392167,
    1.086476747103E+03));
#2383 = CARTESIAN_POINT('',(2.187263179743,-5.587902091925,
    1.086589134195E+03));
#2384 = CARTESIAN_POINT('',(2.030763471844,-5.646360706494,
    1.086782684318E+03));
#2385 = CARTESIAN_POINT('',(1.95707292488,-5.67273631699,
    1.086865364458E+03));
#2386 = CARTESIAN_POINT('',(1.878360905795,-5.699551966583,
    1.086945434739E+03));
#2387 = CARTESIAN_POINT('',(1.794524241451,-5.726527476122,
    1.087022595224E+03));
#2388 = CARTESIAN_POINT('',(1.705461400911,-5.753347073179,
    1.087096481828E+03));
#2389 = CARTESIAN_POINT('',(1.544496828788,-5.798215806321,
    1.087216170773E+03));
#2390 = CARTESIAN_POINT('',(1.475258558826,-5.816524088165,
    1.087263842215E+03));
#2391 = CARTESIAN_POINT('',(1.403351550819,-5.834450164152,
    1.087309506246E+03));
#2392 = CARTESIAN_POINT('',(1.3287771111,-5.851852708541,
    1.087352976461E+03));
#2393 = CARTESIAN_POINT('',(1.251546479125,-5.868582684289,
    1.087394052985E+03));
#2394 = CARTESIAN_POINT('',(1.072580815101,-5.904217194848,
    1.087480256009E+03));
#2395 = CARTESIAN_POINT('',(0.969303772661,-5.922698959822,
    1.087524032825E+03));
#2396 = CARTESIAN_POINT('',(0.8621529819,-5.939572106934,
    1.087563291015E+03));
#2397 = CARTESIAN_POINT('',(0.751474495586,-5.954496634953,
    1.087597531018E+03));
#2398 = CARTESIAN_POINT('',(0.637655990327,-5.967166623792,
    1.087626309148E+03));
#2399 = CARTESIAN_POINT('',(0.350228512901,-5.992225597024,
    1.08768284843E+03));
#2400 = CARTESIAN_POINT('',(0.173617028066,-6.001715386465,
    1.087703848435E+03));
#2401 = CARTESIAN_POINT('',(-5.900657849101E-03,-6.004876046284,
    1.087710740468E+03));
#2402 = CARTESIAN_POINT('',(-0.185354100561,-6.001357400637,
    1.087703060687E+03));
#2403 = CARTESIAN_POINT('',(-0.361774908498,-5.99153145693,
    1.087681304781E+03));
#2404 = CARTESIAN_POINT('',(-0.651952870744,-5.965682971802,
    1.087622944594E+03));
#2405 = CARTESIAN_POINT('',(-0.768624165926,-5.952395571377,
    1.087592733514E+03));
#2406 = CARTESIAN_POINT('',(-0.881926078986,-5.936755500581,
    1.087556796577E+03));
#2407 = CARTESIAN_POINT('',(-0.991455105522,-5.919097308441,
    1.087515617457E+03));
#2408 = CARTESIAN_POINT('',(-1.09685411267,-5.899790425661,
    1.087469737158E+03));
#2409 = CARTESIAN_POINT('',(-1.27824347417,-5.862834725814,
    1.087379946981E+03));
#2410 = CARTESIAN_POINT('',(-1.355940508035,-5.845629810046,
    1.087337491828E+03));
#2411 = CARTESIAN_POINT('',(-1.430888463719,-5.827767775262,
    1.087292616319E+03));
#2412 = CARTESIAN_POINT('',(-1.503081194622,-5.809402835199,
    1.087245525847E+03));
#2413 = CARTESIAN_POINT('',(-1.572522502045,-5.790680543432,
    1.087196410625E+03));
#2414 = CARTESIAN_POINT('',(-1.730288413351,-5.745873592308,
    1.087075869781E+03));
#2415 = CARTESIAN_POINT('',(-1.816270165693,-5.719590869018,
    1.087002830085E+03));
#2416 = CARTESIAN_POINT('',(-1.897264730852,-5.693213590804,
    1.086926718768E+03));
#2417 = CARTESIAN_POINT('',(-1.973368121561,-5.667033071102,
    1.086847868701E+03));
#2418 = CARTESIAN_POINT('',(-2.04467676797,-5.6413084198,
    1.086766554825E+03));
#2419 = CARTESIAN_POINT('',(-2.198443325924,-5.583503996056,
    1.086573657531E+03));
#2420 = CARTESIAN_POINT('',(-2.277576534121,-5.551903567877,
    1.08646044623E+03));
#2421 = CARTESIAN_POINT('',(-2.348828967683,-5.522004004557,
    1.086343918214E+03));
#2422 = CARTESIAN_POINT('',(-2.412328603445,-5.494267968882,
    1.086224527676E+03));
#2423 = CARTESIAN_POINT('',(-2.468172466372,-5.469090264404,
    1.086102650449E+03));
#2424 = CARTESIAN_POINT('',(-2.577585926773,-5.418541493616,
    1.085821302794E+03));
#2425 = CARTESIAN_POINT('',(-2.626542255085,-5.394923318585,
    1.085660483307E+03));
#2426 = CARTESIAN_POINT('',(-2.663258292544,-5.376685604098,
    1.085497102648E+03));
#2427 = CARTESIAN_POINT('',(-2.687744761372,-5.364346781614,
    1.085332023018E+03));
#2428 = CARTESIAN_POINT('',(-2.7,-5.358171329848,1.085166055306E+03));
#2429 = CARTESIAN_POINT('',(-2.7,-5.358171329848,1.084909566869E+03));
#2430 = CARTESIAN_POINT('',(-2.696365413252,-5.360002977157,
    1.08481913894E+03));
#2431 = CARTESIAN_POINT('',(-2.689096551011,-5.363665664982,
    1.084728853973E+03));
#2432 = CARTESIAN_POINT('',(-2.678194837884,-5.369135609215,
    1.084638852131E+03));
#2433 = CARTESIAN_POINT('',(-2.663662811832,-5.376365848438,
    1.084549275984E+03));
#2434 = CARTESIAN_POINT('',(-2.62963969937,-5.393079590338,
    1.084382510438E+03));
#2435 = CARTESIAN_POINT('',(-2.611007851176,-5.402162975778,
    1.084305188399E+03));
#2436 = CARTESIAN_POINT('',(-2.589608138402,-5.412491035989,
    1.084228386229E+03));
#2437 = CARTESIAN_POINT('',(-2.565438722161,-5.424007420814,
    1.08415219005E+03));
#2438 = CARTESIAN_POINT('',(-2.538496365862,-5.436644794198,
    1.084076690266E+03));
#2439 = CARTESIAN_POINT('',(-2.421225073807,-5.49062459595,
    1.083781898663E+03));
#2440 = CARTESIAN_POINT('',(-2.309738024136,-5.539897549835,
    1.083569101749E+03));
#2441 = CARTESIAN_POINT('',(-2.174010544959,-5.596249232454,
    1.083365053201E+03));
#2442 = CARTESIAN_POINT('',(-2.013110462333,-5.657274467133,
    1.083171925399E+03));
#2443 = CARTESIAN_POINT('',(-1.825779493489,-5.719808510519,
    1.082992983483E+03));
#2444 = CARTESIAN_POINT('',(-1.544496828788,-5.798215806321,
    1.082783829227E+03));
#2445 = CARTESIAN_POINT('',(-1.475258558825,-5.816524088165,
    1.082736157785E+03));
#2446 = CARTESIAN_POINT('',(-1.403351550819,-5.834450164152,
    1.082690493754E+03));
#2447 = CARTESIAN_POINT('',(-1.3287771111,-5.851852708541,
    1.082647023539E+03));
#2448 = CARTESIAN_POINT('',(-1.251546479124,-5.86858268429,
    1.082605947015E+03));
#2449 = CARTESIAN_POINT('',(-1.072580815283,-5.904217194812,
    1.082519743992E+03));
#2450 = CARTESIAN_POINT('',(-0.969303772613,-5.922698959842,
    1.082475967175E+03));
#2451 = CARTESIAN_POINT('',(-0.862152981689,-5.939572106963,
    1.082436708985E+03));
#2452 = CARTESIAN_POINT('',(-0.751474495519,-5.95449663495,
    1.082402468982E+03));
#2453 = CARTESIAN_POINT('',(-0.63765599056,-5.967166623772,
    1.082373690852E+03));
#2454 = CARTESIAN_POINT('',(-0.350228512899,-5.992225597024,
    1.08231715157E+03));
#2455 = CARTESIAN_POINT('',(-0.173617028066,-6.001715386465,
    1.082296151565E+03));
#2456 = CARTESIAN_POINT('',(5.900657850511E-03,-6.004876046284,
    1.082289259532E+03));
#2457 = CARTESIAN_POINT('',(0.185354100561,-6.001357400637,
    1.082296939313E+03));
#2458 = CARTESIAN_POINT('',(0.3617749085,-5.99153145693,
    1.082318695219E+03));
#2459 = CARTESIAN_POINT('',(0.651952870669,-5.965682971808,
    1.082377055406E+03));
#2460 = CARTESIAN_POINT('',(0.768624165949,-5.952395571378,
    1.082407266486E+03));
#2461 = CARTESIAN_POINT('',(0.881926079056,-5.936755500571,
    1.082443203423E+03));
#2462 = CARTESIAN_POINT('',(0.991455105538,-5.919097308435,
    1.082484382543E+03));
#2463 = CARTESIAN_POINT('',(1.096854112611,-5.899790425673,
    1.082530262842E+03));
#2464 = CARTESIAN_POINT('',(1.278243474165,-5.862834725815,
    1.082620053019E+03));
#2465 = CARTESIAN_POINT('',(1.355940508037,-5.845629810045,
    1.082662508172E+03));
#2466 = CARTESIAN_POINT('',(1.430888463725,-5.827767775261,
    1.082707383681E+03));
#2467 = CARTESIAN_POINT('',(1.503081194624,-5.809402835198,
    1.082754474153E+03));
#2468 = CARTESIAN_POINT('',(1.572522502042,-5.790680543433,
    1.082803589375E+03));
#2469 = CARTESIAN_POINT('',(1.730288413352,-5.745873592308,
    1.082924130219E+03));
#2470 = CARTESIAN_POINT('',(1.816270165693,-5.719590869018,
    1.082997169915E+03));
#2471 = CARTESIAN_POINT('',(1.897264730853,-5.693213590804,
    1.083073281232E+03));
#2472 = CARTESIAN_POINT('',(1.973368121561,-5.667033071101,
    1.083152131299E+03));
#2473 = CARTESIAN_POINT('',(2.044676767971,-5.6413084198,
    1.083233445175E+03));
#2474 = CARTESIAN_POINT('',(2.198443328659,-5.583503995028,
    1.083426342472E+03));
#2475 = CARTESIAN_POINT('',(2.277576530656,-5.551903569277,
    1.083539553765E+03));
#2476 = CARTESIAN_POINT('',(2.348828967079,-5.522004004727,
    1.083656081786E+03));
#2477 = CARTESIAN_POINT('',(2.412328606625,-5.494267967563,
    1.08377547233E+03));
#2478 = CARTESIAN_POINT('',(2.468172464933,-5.469090265069,
    1.083897349547E+03));
#2479 = CARTESIAN_POINT('',(2.577585926773,-5.418541493616,
    1.084178697206E+03));
#2480 = CARTESIAN_POINT('',(2.626542255085,-5.394923318585,
    1.084339516693E+03));
#2481 = CARTESIAN_POINT('',(2.663258292544,-5.376685604098,
    1.084502897352E+03));
#2482 = CARTESIAN_POINT('',(2.687744761372,-5.364346781614,
    1.084667976982E+03));
#2483 = CARTESIAN_POINT('',(2.7,-5.358171329848,1.084833944694E+03));
#2484 = CARTESIAN_POINT('',(2.7,-5.358171329848,1.085E+03));
#2485 = PCURVE('',#1795,#2486);
#2486 = DEFINITIONAL_REPRESENTATION('',(#2487),#2600);
#2487 = B_SPLINE_CURVE_WITH_KNOTS('',6,(#2488,#2489,#2490,#2491,#2492,
    #2493,#2494,#2495,#2496,#2497,#2498,#2499,#2500,#2501,#2502,#2503,
    #2504,#2505,#2506,#2507,#2508,#2509,#2510,#2511,#2512,#2513,#2514,
    #2515,#2516,#2517,#2518,#2519,#2520,#2521,#2522,#2523,#2524,#2525,
    #2526,#2527,#2528,#2529,#2530,#2531,#2532,#2533,#2534,#2535,#2536,
    #2537,#2538,#2539,#2540,#2541,#2542,#2543,#2544,#2545,#2546,#2547,
    #2548,#2549,#2550,#2551,#2552,#2553,#2554,#2555,#2556,#2557,#2558,
    #2559,#2560,#2561,#2562,#2563,#2564,#2565,#2566,#2567,#2568,#2569,
    #2570,#2571,#2572,#2573,#2574,#2575,#2576,#2577,#2578,#2579,#2580,
    #2581,#2582,#2583,#2584,#2585,#2586,#2587,#2588,#2589,#2590,#2591,
    #2592,#2593,#2594,#2595,#2596,#2597,#2598,#2599),.UNSPECIFIED.,.F.,
  .F.,(7,5,5,5,5,5,5,5,5,5,5,5,5,5,5,5,5,5,5,5,5,5,7),(0.,
    6.736432767976E-02,0.119217608829,0.159866694784,0.188539270713,
    0.224117637104,0.276294503747,0.312874211085,0.342015298651,
    0.381798697774,0.433854915343,0.499870961575,0.535823066277,
    0.567232795439,0.659762101169,0.688454379271,0.724057193038,
    0.776269912471,0.812874755152,0.842035866676,0.881846602494,
    0.933938591516,1.),.UNSPECIFIED.);
#2488 = CARTESIAN_POINT('',(0.,21.358171329848));
#2489 = CARTESIAN_POINT('',(6.276912726151E-02,21.358171329848));
#2490 = CARTESIAN_POINT('',(0.12550240229,21.364603873885));
#2491 = CARTESIAN_POINT('',(0.188331154028,21.377455342023));
#2492 = CARTESIAN_POINT('',(0.251379817501,21.396439129219));
#2493 = CARTESIAN_POINT('',(0.314769988434,21.420994045995));
#2494 = CARTESIAN_POINT('',(0.427764154658,21.472902029842));
#2495 = CARTESIAN_POINT('',(0.477191242402,21.498313411916));
#2496 = CARTESIAN_POINT('',(0.527010523619,21.526224695761));
#2497 = CARTESIAN_POINT('',(0.57733248102,21.556241392167));
#2498 = CARTESIAN_POINT('',(0.628270950788,21.587902091925));
#2499 = CARTESIAN_POINT('',(0.720458069337,21.646360706494));
#2500 = CARTESIAN_POINT('',(0.761430476482,21.67273631699));
#2501 = CARTESIAN_POINT('',(0.802940446646,21.699551966583));
#2502 = CARTESIAN_POINT('',(0.845058566856,21.726527476122));
#2503 = CARTESIAN_POINT('',(0.887857813062,21.753347073179));
#2504 = CARTESIAN_POINT('',(0.962149195305,21.798215806321));
#2505 = CARTESIAN_POINT('',(0.99326282144,21.816524088165));
#2506 = CARTESIAN_POINT('',(1.024778253608,21.834450164152));
#2507 = CARTESIAN_POINT('',(1.056712601419,21.851852708541));
#2508 = CARTESIAN_POINT('',(1.089084874903,21.868582684289));
#2509 = CARTESIAN_POINT('',(1.162656942432,21.904217194848));
#2510 = CARTESIAN_POINT('',(1.204154324856,21.922698959822));
#2511 = CARTESIAN_POINT('',(1.246339878878,21.939572106934));
#2512 = CARTESIAN_POINT('',(1.289161859113,21.954496634953));
#2513 = CARTESIAN_POINT('',(1.332581461969,21.967166623792));
#2514 = CARTESIAN_POINT('',(1.4410761156,21.992225597024));
#2515 = CARTESIAN_POINT('',(1.506758962998,22.001715386465));
#2516 = CARTESIAN_POINT('',(1.572972953327,22.004876046284));
#2517 = CARTESIAN_POINT('',(1.63917531501,22.001357400637));
#2518 = CARTESIAN_POINT('',(1.704822350838,21.99153145693));
#2519 = CARTESIAN_POINT('',(1.814447701864,21.965682971802));
#2520 = CARTESIAN_POINT('',(1.859017262534,21.952395571377));
#2521 = CARTESIAN_POINT('',(1.902947361646,21.936755500581));
#2522 = CARTESIAN_POINT('',(1.946200153645,21.919097308441));
#2523 = CARTESIAN_POINT('',(1.988723632129,21.899790425661));
#2524 = CARTESIAN_POINT('',(2.06368532904,21.862834725814));
#2525 = CARTESIAN_POINT('',(2.096450991512,21.845629810046));
#2526 = CARTESIAN_POINT('',(2.128767900464,21.827767775262));
#2527 = CARTESIAN_POINT('',(2.16065707594,21.809402835199));
#2528 = CARTESIAN_POINT('',(2.192137657555,21.790680543432));
#2529 = CARTESIAN_POINT('',(2.265672899484,21.745873592308));
#2530 = CARTESIAN_POINT('',(2.307401022847,21.719590869018));
#2531 = CARTESIAN_POINT('',(2.348489586892,21.693213590804));
#2532 = CARTESIAN_POINT('',(2.389006865927,21.667033071102));
#2533 = CARTESIAN_POINT('',(2.429019017961,21.6413084198));
#2534 = CARTESIAN_POINT('',(2.520383856048,21.583503996056));
#2535 = CARTESIAN_POINT('',(2.571440482285,21.551903567877));
#2536 = CARTESIAN_POINT('',(2.621887963268,21.522004004557));
#2537 = CARTESIAN_POINT('',(2.671839932246,21.494267968882));
#2538 = CARTESIAN_POINT('',(2.721406739931,21.469090264404));
#2539 = CARTESIAN_POINT('',(2.833211861644,21.418541493616));
#2540 = CARTESIAN_POINT('',(2.895296500838,21.394923318585));
#2541 = CARTESIAN_POINT('',(2.957061810025,21.376685604098));
#2542 = CARTESIAN_POINT('',(3.018621170444,21.364346781614));
#2543 = CARTESIAN_POINT('',(3.080090688293,21.358171329848));
#2544 = CARTESIAN_POINT('',(3.17508640582,21.358171329848));
#2545 = CARTESIAN_POINT('',(3.20857834965,21.360002977157));
#2546 = CARTESIAN_POINT('',(3.242084738699,21.363665664982));
#2547 = CARTESIAN_POINT('',(3.275621507223,21.369135609215));
#2548 = CARTESIAN_POINT('',(3.309204270117,21.376365848438));
#2549 = CARTESIAN_POINT('',(3.372241611424,21.393079590338));
#2550 = CARTESIAN_POINT('',(3.401680947449,21.402162975778));
#2551 = CARTESIAN_POINT('',(3.431182031944,21.412491035989));
#2552 = CARTESIAN_POINT('',(3.460760406256,21.424007420814));
#2553 = CARTESIAN_POINT('',(3.490431452117,21.436644794198));
#2554 = CARTESIAN_POINT('',(3.607935586161,21.49062459595));
#2555 = CARTESIAN_POINT('',(3.696430808201,21.539897549834));
#2556 = CARTESIAN_POINT('',(3.786445819149,21.596249232454));
#2557 = CARTESIAN_POINT('',(3.878695741143,21.657274467133));
#2558 = CARTESIAN_POINT('',(3.973919008463,21.719808510519));
#2559 = CARTESIAN_POINT('',(4.103741848895,21.798215806321));
#2560 = CARTESIAN_POINT('',(4.13485547503,21.816524088165));
#2561 = CARTESIAN_POINT('',(4.166370907198,21.834450164152));
#2562 = CARTESIAN_POINT('',(4.198305255009,21.851852708541));
#2563 = CARTESIAN_POINT('',(4.230677528493,21.86858268429));
#2564 = CARTESIAN_POINT('',(4.304249595947,21.904217194812));
#2565 = CARTESIAN_POINT('',(4.345746978468,21.922698959842));
#2566 = CARTESIAN_POINT('',(4.387932532551,21.939572106963));
#2567 = CARTESIAN_POINT('',(4.430754512725,21.95449663495));
#2568 = CARTESIAN_POINT('',(4.474174115471,21.967166623772));
#2569 = CARTESIAN_POINT('',(4.58266876919,21.992225597024));
#2570 = CARTESIAN_POINT('',(4.648351616588,22.001715386465));
#2571 = CARTESIAN_POINT('',(4.714565606918,22.004876046284));
#2572 = CARTESIAN_POINT('',(4.7807679686,22.001357400637));
#2573 = CARTESIAN_POINT('',(4.846415004428,21.99153145693));
#2574 = CARTESIAN_POINT('',(4.956040355426,21.965682971808));
#2575 = CARTESIAN_POINT('',(5.000609916132,21.952395571378));
#2576 = CARTESIAN_POINT('',(5.044540015263,21.936755500571));
#2577 = CARTESIAN_POINT('',(5.087792807242,21.919097308435));
#2578 = CARTESIAN_POINT('',(5.130316285695,21.899790425673));
#2579 = CARTESIAN_POINT('',(5.205277982628,21.862834725815));
#2580 = CARTESIAN_POINT('',(5.238043645103,21.845629810045));
#2581 = CARTESIAN_POINT('',(5.270360554056,21.827767775261));
#2582 = CARTESIAN_POINT('',(5.30224972953,21.809402835198));
#2583 = CARTESIAN_POINT('',(5.333730311143,21.790680543433));
#2584 = CARTESIAN_POINT('',(5.407265553074,21.745873592308));
#2585 = CARTESIAN_POINT('',(5.448993676437,21.719590869018));
#2586 = CARTESIAN_POINT('',(5.490082240482,21.693213590804));
#2587 = CARTESIAN_POINT('',(5.530599519517,21.667033071101));
#2588 = CARTESIAN_POINT('',(5.570611671552,21.6413084198));
#2589 = CARTESIAN_POINT('',(5.661976511263,21.583503995028));
#2590 = CARTESIAN_POINT('',(5.713033133379,21.551903569277));
#2591 = CARTESIAN_POINT('',(5.763480616784,21.522004004727));
#2592 = CARTESIAN_POINT('',(5.813432588295,21.494267967563));
#2593 = CARTESIAN_POINT('',(5.86299939205,21.469090265069));
#2594 = CARTESIAN_POINT('',(5.974804515234,21.418541493616));
#2595 = CARTESIAN_POINT('',(6.036889154428,21.394923318585));
#2596 = CARTESIAN_POINT('',(6.098654463615,21.376685604098));
#2597 = CARTESIAN_POINT('',(6.160213824033,21.364346781614));
#2598 = CARTESIAN_POINT('',(6.221683341883,21.358171329848));
#2599 = CARTESIAN_POINT('',(6.28318530718,21.358171329848));
#2600 = ( GEOMETRIC_REPRESENTATION_CONTEXT(2) 
PARAMETRIC_REPRESENTATION_CONTEXT() REPRESENTATION_CONTEXT('2D SPACE',''
  ) );
#2601 = PCURVE('',#1925,#2602);
#2602 = DEFINITIONAL_REPRESENTATION('',(#2603),#2716);
#2603 = B_SPLINE_CURVE_WITH_KNOTS('',6,(#2604,#2605,#2606,#2607,#2608,
    #2609,#2610,#2611,#2612,#2613,#2614,#2615,#2616,#2617,#2618,#2619,
    #2620,#2621,#2622,#2623,#2624,#2625,#2626,#2627,#2628,#2629,#2630,
    #2631,#2632,#2633,#2634,#2635,#2636,#2637,#2638,#2639,#2640,#2641,
    #2642,#2643,#2644,#2645,#2646,#2647,#2648,#2649,#2650,#2651,#2652,
    #2653,#2654,#2655,#2656,#2657,#2658,#2659,#2660,#2661,#2662,#2663,
    #2664,#2665,#2666,#2667,#2668,#2669,#2670,#2671,#2672,#2673,#2674,
    #2675,#2676,#2677,#2678,#2679,#2680,#2681,#2682,#2683,#2684,#2685,
    #2686,#2687,#2688,#2689,#2690,#2691,#2692,#2693,#2694,#2695,#2696,
    #2697,#2698,#2699,#2700,#2701,#2702,#2703,#2704,#2705,#2706,#2707,
    #2708,#2709,#2710,#2711,#2712,#2713,#2714,#2715),.UNSPECIFIED.,.T.,
  .F.,(7,5,5,5,5,5,5,5,5,5,5,5,5,5,5,5,5,5,5,5,5,5,7),(0.,
    6.736432767976E-02,0.119217608829,0.159866694784,0.188539270713,
    0.224117637104,0.276294503747,0.312874211085,0.342015298651,
    0.381798697774,0.433854915343,0.499870961575,0.535823066277,
    0.567232795439,0.659762101169,0.688454379271,0.724057193038,
    0.776269912471,0.812874755152,0.842035866676,0.881846602494,
    0.933938591516,1.),.UNSPECIFIED.);
#2604 = CARTESIAN_POINT('',(5.179154319432,31.));
#2605 = CARTESIAN_POINT('',(5.179154319432,31.169476643606));
#2606 = CARTESIAN_POINT('',(5.176771898659,31.33885649997));
#2607 = CARTESIAN_POINT('',(5.172012080939,31.507292153703));
#2608 = CARTESIAN_POINT('',(5.164896610896,31.673924769003));
#2609 = CARTESIAN_POINT('',(5.155465347372,31.837838706064));
#2610 = CARTESIAN_POINT('',(5.134774789569,32.121315807605));
#2611 = CARTESIAN_POINT('',(5.124434696162,32.242424785133));
#2612 = CARTESIAN_POINT('',(5.112767595184,32.361026386071));
#2613 = CARTESIAN_POINT('',(5.099782772771,32.476747103303));
#2614 = CARTESIAN_POINT('',(5.085485483208,32.58913419496));
#2615 = CARTESIAN_POINT('',(5.057641888198,32.782684317698));
#2616 = CARTESIAN_POINT('',(5.04459837,32.865364458048));
#2617 = CARTESIAN_POINT('',(5.030741864215,32.945434739387));
#2618 = CARTESIAN_POINT('',(5.016067190168,33.022595223624));
#2619 = CARTESIAN_POINT('',(5.000568264747,33.096481828149));
#2620 = CARTESIAN_POINT('',(4.972718071903,33.216170773332));
#2621 = CARTESIAN_POINT('',(4.960782808103,33.263842214568));
#2622 = CARTESIAN_POINT('',(4.948433443707,33.309506245969));
#2623 = CARTESIAN_POINT('',(4.935672764441,33.3529764607));
#2624 = CARTESIAN_POINT('',(4.922504301291,33.394052985482));
#2625 = CARTESIAN_POINT('',(4.892091161203,33.480256008568));
#2626 = CARTESIAN_POINT('',(4.874608173045,33.524032824578));
#2627 = CARTESIAN_POINT('',(4.856535815596,33.563291014603));
#2628 = CARTESIAN_POINT('',(4.837929676042,33.597531017934));
#2629 = CARTESIAN_POINT('',(4.818848223469,33.626309148388));
#2630 = CARTESIAN_POINT('',(4.770761927512,33.682848429841));
#2631 = CARTESIAN_POINT('',(4.741300494851,33.703848434677));
#2632 = CARTESIAN_POINT('',(4.711406362534,33.710740467643));
#2633 = CARTESIAN_POINT('',(4.681521760865,33.703060687013));
#2634 = CARTESIAN_POINT('',(4.652088907391,33.681304781404));
#2635 = CARTESIAN_POINT('',(4.603534415106,33.622944594275));
#2636 = CARTESIAN_POINT('',(4.583969421612,33.592733514099));
#2637 = CARTESIAN_POINT('',(4.564914479979,33.556796577396));
#2638 = CARTESIAN_POINT('',(4.546430516653,33.515617457023));
#2639 = CARTESIAN_POINT('',(4.528575215091,33.4697371575));
#2640 = CARTESIAN_POINT('',(4.497722597601,33.379946980964));
#2641 = CARTESIAN_POINT('',(4.484461310831,33.337491827894));
#2642 = CARTESIAN_POINT('',(4.471622506819,33.292616318968));
#2643 = CARTESIAN_POINT('',(4.459209126982,33.24552584719));
#2644 = CARTESIAN_POINT('',(4.447223377452,33.196410625448));
#2645 = CARTESIAN_POINT('',(4.419889157121,33.075869781365));
#2646 = CARTESIAN_POINT('',(4.404907281499,33.002830085076));
#2647 = CARTESIAN_POINT('',(4.390713630167,32.926718767949));
#2648 = CARTESIAN_POINT('',(4.377302509427,32.847868701478));
#2649 = CARTESIAN_POINT('',(4.364669165721,32.766554824575));
#2650 = CARTESIAN_POINT('',(4.337290389599,32.57365753097));
#2651 = CARTESIAN_POINT('',(4.32309173524,32.460446229711));
#2652 = CARTESIAN_POINT('',(4.310215634928,32.343918214258));
#2653 = CARTESIAN_POINT('',(4.298668073355,32.224527676159));
#2654 = CARTESIAN_POINT('',(4.288458979634,32.102650448851));
#2655 = CARTESIAN_POINT('',(4.268371335875,31.821302793641));
#2656 = CARTESIAN_POINT('',(4.259313324267,31.660483307097));
#2657 = CARTESIAN_POINT('',(4.252480790346,31.497102648002));
#2658 = CARTESIAN_POINT('',(4.247910843085,31.332023017848));
#2659 = CARTESIAN_POINT('',(4.245623641337,31.166055306302));
#2660 = CARTESIAN_POINT('',(4.245623641337,30.909566868977));
#2661 = CARTESIAN_POINT('',(4.246301994402,30.819138939989));
#2662 = CARTESIAN_POINT('',(4.247658569606,30.728853972802));
#2663 = CARTESIAN_POINT('',(4.249691381181,30.63885213146));
#2664 = CARTESIAN_POINT('',(4.252396588506,30.549275984282));
#2665 = CARTESIAN_POINT('',(4.258714379412,30.382510437876));
#2666 = CARTESIAN_POINT('',(4.262169067015,30.305188399438));
#2667 = CARTESIAN_POINT('',(4.266129273411,30.228386229217));
#2668 = CARTESIAN_POINT('',(4.270591295443,30.152190049861));
#2669 = CARTESIAN_POINT('',(4.275551012317,30.076690265998));
#2670 = CARTESIAN_POINT('',(4.297067398152,29.781898663469));
#2671 = CARTESIAN_POINT('',(4.317380063241,29.569101748734));
#2672 = CARTESIAN_POINT('',(4.341863358048,29.365053201083));
#2673 = CARTESIAN_POINT('',(4.370518381433,29.171925399075));
#2674 = CARTESIAN_POINT('',(4.403392182971,28.992983483362));
#2675 = CARTESIAN_POINT('',(4.452059888866,28.783829226668));
#2676 = CARTESIAN_POINT('',(4.463995152667,28.736157785432));
#2677 = CARTESIAN_POINT('',(4.476344517062,28.69049375403));
#2678 = CARTESIAN_POINT('',(4.489105196328,28.6470235393));
#2679 = CARTESIAN_POINT('',(4.502273659478,28.605947014517));
#2680 = CARTESIAN_POINT('',(4.532686799536,28.51974399152));
#2681 = CARTESIAN_POINT('',(4.550169787733,28.475967175375));
#2682 = CARTESIAN_POINT('',(4.568242145209,28.436708985328));
#2683 = CARTESIAN_POINT('',(4.586848284738,28.402468982076));
#2684 = CARTESIAN_POINT('',(4.605929737262,28.373690851658));
#2685 = CARTESIAN_POINT('',(4.654016033258,28.317151570159));
#2686 = CARTESIAN_POINT('',(4.683477465918,28.296151565323));
#2687 = CARTESIAN_POINT('',(4.713371598236,28.289259532357));
#2688 = CARTESIAN_POINT('',(4.743256199904,28.296939312987));
#2689 = CARTESIAN_POINT('',(4.772689053379,28.318695218597));
#2690 = CARTESIAN_POINT('',(4.821243545651,28.37705540571));
#2691 = CARTESIAN_POINT('',(4.840808539161,28.407266485898));
#2692 = CARTESIAN_POINT('',(4.859863480802,28.443203422627));
#2693 = CARTESIAN_POINT('',(4.878347444119,28.484382542993));
#2694 = CARTESIAN_POINT('',(4.896202745668,28.530262842471));
#2695 = CARTESIAN_POINT('',(4.927055363168,28.620053019033));
#2696 = CARTESIAN_POINT('',(4.940316649939,28.662508172107));
#2697 = CARTESIAN_POINT('',(4.953155453952,28.707383681036));
#2698 = CARTESIAN_POINT('',(4.965568833787,28.754474152811));
#2699 = CARTESIAN_POINT('',(4.977554583317,28.803589374549));
#2700 = CARTESIAN_POINT('',(5.004888803648,28.924130218635));
#2701 = CARTESIAN_POINT('',(5.01987067927,28.997169914924));
#2702 = CARTESIAN_POINT('',(5.034064330602,29.073281232052));
#2703 = CARTESIAN_POINT('',(5.047475451342,29.152131298523));
#2704 = CARTESIAN_POINT('',(5.060108795049,29.233445175426));
#2705 = CARTESIAN_POINT('',(5.087487571657,29.426342472461));
#2706 = CARTESIAN_POINT('',(5.101686224906,29.539553764583));
#2707 = CARTESIAN_POINT('',(5.114562325738,29.656081785862));
#2708 = CARTESIAN_POINT('',(5.126109887989,29.775472329598));
#2709 = CARTESIAN_POINT('',(5.136318980871,29.897349547448));
#2710 = CARTESIAN_POINT('',(5.156406624895,30.178697206359));
#2711 = CARTESIAN_POINT('',(5.165464636502,30.339516692903));
#2712 = CARTESIAN_POINT('',(5.172297170423,30.502897351998));
#2713 = CARTESIAN_POINT('',(5.176867117684,30.667976982152));
#2714 = CARTESIAN_POINT('',(5.179154319432,30.833944693698));
#2715 = CARTESIAN_POINT('',(5.179154319432,31.));
#2716 = ( GEOMETRIC_REPRESENTATION_CONTEXT(2) 
PARAMETRIC_REPRESENTATION_CONTEXT() REPRESENTATION_CONTEXT('2D SPACE',''
  ) );
#2717 = ORIENTED_EDGE('',*,*,#2347,.T.);
#2718 = ADVANCED_FACE('',(#2719,#2745,#2748),#1925,.F.);
#2719 = FACE_BOUND('',#2720,.F.);
#2720 = EDGE_LOOP('',(#2721,#2742,#2743,#2744));
#2721 = ORIENTED_EDGE('',*,*,#2722,.T.);
#2722 = EDGE_CURVE('',#1909,#1944,#2723,.T.);
#2723 = SEAM_CURVE('',#2724,(#2728,#2735),.PCURVE_S1.);
#2724 = LINE('',#2725,#2726);
#2725 = CARTESIAN_POINT('',(6.,-1.469576158977E-15,1.054E+03));
#2726 = VECTOR('',#2727,1.);
#2727 = DIRECTION('',(0.,0.,1.));
#2728 = PCURVE('',#1925,#2729);
#2729 = DEFINITIONAL_REPRESENTATION('',(#2730),#2734);
#2730 = LINE('',#2731,#2732);
#2731 = CARTESIAN_POINT('',(6.28318530718,-0.));
#2732 = VECTOR('',#2733,1.);
#2733 = DIRECTION('',(0.,1.));
#2734 = ( GEOMETRIC_REPRESENTATION_CONTEXT(2) 
PARAMETRIC_REPRESENTATION_CONTEXT() REPRESENTATION_CONTEXT('2D SPACE',''
  ) );
#2735 = PCURVE('',#1925,#2736);
#2736 = DEFINITIONAL_REPRESENTATION('',(#2737),#2741);
#2737 = LINE('',#2738,#2739);
#2738 = CARTESIAN_POINT('',(0.,-0.));
#2739 = VECTOR('',#2740,1.);
#2740 = DIRECTION('',(0.,1.));
#2741 = ( GEOMETRIC_REPRESENTATION_CONTEXT(2) 
PARAMETRIC_REPRESENTATION_CONTEXT() REPRESENTATION_CONTEXT('2D SPACE',''
  ) );
#2742 = ORIENTED_EDGE('',*,*,#1943,.F.);
#2743 = ORIENTED_EDGE('',*,*,#2722,.F.);
#2744 = ORIENTED_EDGE('',*,*,#1908,.T.);
#2745 = FACE_BOUND('',#2746,.F.);
#2746 = EDGE_LOOP('',(#2747));
#2747 = ORIENTED_EDGE('',*,*,#1970,.T.);
#2748 = FACE_BOUND('',#2749,.F.);
#2749 = EDGE_LOOP('',(#2750));
#2750 = ORIENTED_EDGE('',*,*,#2370,.F.);
#2751 = MANIFOLD_SOLID_BREP('',#2752);
#2752 = CLOSED_SHELL('',(#2753,#3550,#3554,#3558));
#2753 = ADVANCED_FACE('',(#2754,#2841,#3198),#2768,.T.);
#2754 = FACE_BOUND('',#2755,.T.);
#2755 = EDGE_LOOP('',(#2756,#2786,#2813,#2814));
#2756 = ORIENTED_EDGE('',*,*,#2757,.T.);
#2757 = EDGE_CURVE('',#2758,#2760,#2762,.T.);
#2758 = VERTEX_POINT('',#2759);
#2759 = CARTESIAN_POINT('',(5.75,-1.408343819019E-15,1.995E+03));
#2760 = VERTEX_POINT('',#2761);
#2761 = CARTESIAN_POINT('',(5.75,-1.408343819019E-15,2.115E+03));
#2762 = SEAM_CURVE('',#2763,(#2767,#2779),.PCURVE_S1.);
#2763 = LINE('',#2764,#2765);
#2764 = CARTESIAN_POINT('',(5.75,-1.408343819019E-15,1.995E+03));
#2765 = VECTOR('',#2766,1.);
#2766 = DIRECTION('',(0.,0.,1.));
#2767 = PCURVE('',#2768,#2773);
#2768 = CYLINDRICAL_SURFACE('',#2769,5.75);
#2769 = AXIS2_PLACEMENT_3D('',#2770,#2771,#2772);
#2770 = CARTESIAN_POINT('',(0.,0.,1.995E+03));
#2771 = DIRECTION('',(0.,0.,1.));
#2772 = DIRECTION('',(1.,0.,-0.));
#2773 = DEFINITIONAL_REPRESENTATION('',(#2774),#2778);
#2774 = LINE('',#2775,#2776);
#2775 = CARTESIAN_POINT('',(6.28318530718,-0.));
#2776 = VECTOR('',#2777,1.);
#2777 = DIRECTION('',(0.,1.));
#2778 = ( GEOMETRIC_REPRESENTATION_CONTEXT(2) 
PARAMETRIC_REPRESENTATION_CONTEXT() REPRESENTATION_CONTEXT('2D SPACE',''
  ) );
#2779 = PCURVE('',#2768,#2780);
#2780 = DEFINITIONAL_REPRESENTATION('',(#2781),#2785);
#2781 = LINE('',#2782,#2783);
#2782 = CARTESIAN_POINT('',(0.,-0.));
#2783 = VECTOR('',#2784,1.);
#2784 = DIRECTION('',(0.,1.));
#2785 = ( GEOMETRIC_REPRESENTATION_CONTEXT(2) 
PARAMETRIC_REPRESENTATION_CONTEXT() REPRESENTATION_CONTEXT('2D SPACE',''
  ) );
#2786 = ORIENTED_EDGE('',*,*,#2787,.F.);
#2787 = EDGE_CURVE('',#2760,#2760,#2788,.T.);
#2788 = SURFACE_CURVE('',#2789,(#2794,#2801),.PCURVE_S1.);
#2789 = CIRCLE('',#2790,5.75);
#2790 = AXIS2_PLACEMENT_3D('',#2791,#2792,#2793);
#2791 = CARTESIAN_POINT('',(0.,0.,2.115E+03));
#2792 = DIRECTION('',(0.,0.,1.));
#2793 = DIRECTION('',(1.,0.,-0.));
#2794 = PCURVE('',#2768,#2795);
#2795 = DEFINITIONAL_REPRESENTATION('',(#2796),#2800);
#2796 = LINE('',#2797,#2798);
#2797 = CARTESIAN_POINT('',(0.,120.));
#2798 = VECTOR('',#2799,1.);
#2799 = DIRECTION('',(1.,0.));
#2800 = ( GEOMETRIC_REPRESENTATION_CONTEXT(2) 
PARAMETRIC_REPRESENTATION_CONTEXT() REPRESENTATION_CONTEXT('2D SPACE',''
  ) );
#2801 = PCURVE('',#2802,#2807);
#2802 = PLANE('',#2803);
#2803 = AXIS2_PLACEMENT_3D('',#2804,#2805,#2806);
#2804 = CARTESIAN_POINT('',(0.,0.,2.115E+03));
#2805 = DIRECTION('',(0.,0.,1.));
#2806 = DIRECTION('',(1.,0.,-0.));
#2807 = DEFINITIONAL_REPRESENTATION('',(#2808),#2812);
#2808 = CIRCLE('',#2809,5.75);
#2809 = AXIS2_PLACEMENT_2D('',#2810,#2811);
#2810 = CARTESIAN_POINT('',(0.,0.));
#2811 = DIRECTION('',(1.,0.));
#2812 = ( GEOMETRIC_REPRESENTATION_CONTEXT(2) 
PARAMETRIC_REPRESENTATION_CONTEXT() REPRESENTATION_CONTEXT('2D SPACE',''
  ) );
#2813 = ORIENTED_EDGE('',*,*,#2757,.F.);
#2814 = ORIENTED_EDGE('',*,*,#2815,.T.);
#2815 = EDGE_CURVE('',#2758,#2758,#2816,.T.);
#2816 = SURFACE_CURVE('',#2817,(#2822,#2829),.PCURVE_S1.);
#2817 = CIRCLE('',#2818,5.75);
#2818 = AXIS2_PLACEMENT_3D('',#2819,#2820,#2821);
#2819 = CARTESIAN_POINT('',(0.,0.,1.995E+03));
#2820 = DIRECTION('',(0.,0.,1.));
#2821 = DIRECTION('',(1.,0.,-0.));
#2822 = PCURVE('',#2768,#2823);
#2823 = DEFINITIONAL_REPRESENTATION('',(#2824),#2828);
#2824 = LINE('',#2825,#2826);
#2825 = CARTESIAN_POINT('',(0.,0.));
#2826 = VECTOR('',#2827,1.);
#2827 = DIRECTION('',(1.,0.));
#2828 = ( GEOMETRIC_REPRESENTATION_CONTEXT(2) 
PARAMETRIC_REPRESENTATION_CONTEXT() REPRESENTATION_CONTEXT('2D SPACE',''
  ) );
#2829 = PCURVE('',#2830,#2835);
#2830 = PLANE('',#2831);
#2831 = AXIS2_PLACEMENT_3D('',#2832,#2833,#2834);
#2832 = CARTESIAN_POINT('',(0.,0.,1.995E+03));
#2833 = DIRECTION('',(0.,0.,1.));
#2834 = DIRECTION('',(1.,0.,-0.));
#2835 = DEFINITIONAL_REPRESENTATION('',(#2836),#2840);
#2836 = CIRCLE('',#2837,5.75);
#2837 = AXIS2_PLACEMENT_2D('',#2838,#2839);
#2838 = CARTESIAN_POINT('',(0.,0.));
#2839 = DIRECTION('',(1.,0.));
#2840 = ( GEOMETRIC_REPRESENTATION_CONTEXT(2) 
PARAMETRIC_REPRESENTATION_CONTEXT() REPRESENTATION_CONTEXT('2D SPACE',''
  ) );
#2841 = FACE_BOUND('',#2842,.T.);
#2842 = EDGE_LOOP('',(#2843));
#2843 = ORIENTED_EDGE('',*,*,#2844,.T.);
#2844 = EDGE_CURVE('',#2845,#2845,#2847,.T.);
#2845 = VERTEX_POINT('',#2846);
#2846 = CARTESIAN_POINT('',(2.7,5.076662289339,2.085E+03));
#2847 = SURFACE_CURVE('',#2848,(#2961,#3077),.PCURVE_S1.);
#2848 = B_SPLINE_CURVE_WITH_KNOTS('',6,(#2849,#2850,#2851,#2852,#2853,
    #2854,#2855,#2856,#2857,#2858,#2859,#2860,#2861,#2862,#2863,#2864,
    #2865,#2866,#2867,#2868,#2869,#2870,#2871,#2872,#2873,#2874,#2875,
    #2876,#2877,#2878,#2879,#2880,#2881,#2882,#2883,#2884,#2885,#2886,
    #2887,#2888,#2889,#2890,#2891,#2892,#2893,#2894,#2895,#2896,#2897,
    #2898,#2899,#2900,#2901,#2902,#2903,#2904,#2905,#2906,#2907,#2908,
    #2909,#2910,#2911,#2912,#2913,#2914,#2915,#2916,#2917,#2918,#2919,
    #2920,#2921,#2922,#2923,#2924,#2925,#2926,#2927,#2928,#2929,#2930,
    #2931,#2932,#2933,#2934,#2935,#2936,#2937,#2938,#2939,#2940,#2941,
    #2942,#2943,#2944,#2945,#2946,#2947,#2948,#2949,#2950,#2951,#2952,
    #2953,#2954,#2955,#2956,#2957,#2958,#2959,#2960),.UNSPECIFIED.,.T.,
  .F.,(7,5,5,5,5,5,5,5,5,5,5,5,5,5,5,5,5,5,5,5,5,5,7),(0.,
    7.488202308599E-02,0.123499665538,0.159909293905,0.188629123449,
    0.224227463031,0.27638045906,0.311251162012,0.3395361294,
    0.377671363353,0.426493689818,0.499659990076,0.5395466065,
    0.574890029649,0.65988822079,0.68860704259,0.724204133068,
    0.776355299108,0.811224778492,0.839508753399,0.877642649238,
    0.926463262595,1.),.UNSPECIFIED.);
#2849 = CARTESIAN_POINT('',(2.7,5.076662289339,2.085E+03));
#2850 = CARTESIAN_POINT('',(2.7,5.076662289339,2.08518877356E+03));
#2851 = CARTESIAN_POINT('',(2.684162138517,5.085085571805,
    2.085377356132E+03));
#2852 = CARTESIAN_POINT('',(2.652545698574,5.101900687073,
    2.085564587851E+03));
#2853 = CARTESIAN_POINT('',(2.605165328338,5.126624244323,
    2.085749285943E+03));
#2854 = CARTESIAN_POINT('',(2.542015505463,5.15832032776,
    2.085930166306E+03));
#2855 = CARTESIAN_POINT('',(2.411999403029,5.219958559054,
    2.086219785898E+03));
#2856 = CARTESIAN_POINT('',(2.354181461259,5.246628077666,
    2.08633163082E+03));
#2857 = CARTESIAN_POINT('',(2.289668549569,5.275385375237,
    2.086441058902E+03));
#2858 = CARTESIAN_POINT('',(2.218372164426,5.305864110365,
    2.08654775505E+03));
#2859 = CARTESIAN_POINT('',(2.140177269917,5.337646450095,
    2.086651335092E+03));
#2860 = CARTESIAN_POINT('',(1.991113541848,5.394686071463,
    2.086826239481E+03));
#2861 = CARTESIAN_POINT('',(1.923326157605,5.419581370225,
    2.086899143073E+03));
#2862 = CARTESIAN_POINT('',(1.851504994883,5.444755156655,
    2.086969878018E+03));
#2863 = CARTESIAN_POINT('',(1.775572926773,5.46999329069,
    2.087038225382E+03));
#2864 = CARTESIAN_POINT('',(1.695453971548,5.495057989161,
    2.087103923085E+03));
#2865 = CARTESIAN_POINT('',(1.544516018392,5.539113439392,
    2.087216156504E+03));
#2866 = CARTESIAN_POINT('',(1.475293998893,5.558272661539,
    2.087263818062E+03));
#2867 = CARTESIAN_POINT('',(1.403396906704,5.577027241281,
    2.087309478302E+03));
#2868 = CARTESIAN_POINT('',(1.328822432,5.595230543227,
    2.087352951572E+03));
#2869 = CARTESIAN_POINT('',(1.251578005659,5.612727723972,
    2.0873940378E+03));
#2870 = CARTESIAN_POINT('',(1.07264924894,5.649969541826,
    2.087480223046E+03));
#2871 = CARTESIAN_POINT('',(0.969418112014,5.669274685881,
    2.087523985996E+03));
#2872 = CARTESIAN_POINT('',(0.862287172167,5.686899305692,
    2.087563245568E+03));
#2873 = CARTESIAN_POINT('',(0.75159879096,5.702488959699,
    2.087597497704E+03));
#2874 = CARTESIAN_POINT('',(0.637736842414,5.715724158022,
    2.087626293244E+03));
#2875 = CARTESIAN_POINT('',(0.350284086719,5.741883786105,
    2.087682837498E+03));
#2876 = CARTESIAN_POINT('',(0.17365984149,5.751790529563,
    2.08770384895E+03));
#2877 = CARTESIAN_POINT('',(-5.903949647504E-03,5.755090244797,
    2.087710747107E+03));
#2878 = CARTESIAN_POINT('',(-0.185402769635,5.751416694183,
    2.087703060433E+03));
#2879 = CARTESIAN_POINT('',(-0.361834152526,5.741158997841,
    2.087681292866E+03));
#2880 = CARTESIAN_POINT('',(-0.646378074,5.714701027308,
    2.08762406579E+03));
#2881 = CARTESIAN_POINT('',(-0.757724924572,5.701599295442,
    2.087595539871E+03));
#2882 = CARTESIAN_POINT('',(-0.866006700936,5.686252648939,
    2.08756179857E+03));
#2883 = CARTESIAN_POINT('',(-0.970866016237,5.668962181841,
    2.087523265513E+03));
#2884 = CARTESIAN_POINT('',(-1.071983716204,5.650060636564,
    2.087480414089E+03));
#2885 = CARTESIAN_POINT('',(-1.247839118365,5.613543262379,
    2.087395940686E+03));
#2886 = CARTESIAN_POINT('',(-1.324026973946,5.596343262464,
    2.087355579193E+03));
#2887 = CARTESIAN_POINT('',(-1.39762596752,5.57845250255,
    2.087312894457E+03));
#2888 = CARTESIAN_POINT('',(-1.468628008913,5.560019281015,
    2.087268078381E+03));
#2889 = CARTESIAN_POINT('',(-1.537034289133,5.541184253736,
    2.08722130944E+03));
#2890 = CARTESIAN_POINT('',(-1.691597192808,5.496320375535,
    2.087107287344E+03));
#2891 = CARTESIAN_POINT('',(-1.775660502652,5.470064386604,
    2.08703855708E+03));
#2892 = CARTESIAN_POINT('',(-1.85512907256,5.443614392004,
    2.086966916231E+03));
#2893 = CARTESIAN_POINT('',(-1.93009012589,5.417243648686,
    2.086892666088E+03));
#2894 = CARTESIAN_POINT('',(-2.000632206136,5.391197010963,
    2.086816056087E+03));
#2895 = CARTESIAN_POINT('',(-2.151610410483,5.333040800411,
    2.086636437629E+03));
#2896 = CARTESIAN_POINT('',(-2.229295307227,5.301271622619,
    2.086532028943E+03));
#2897 = CARTESIAN_POINT('',(-2.300036180547,5.270858934242,
    2.086424514669E+03));
#2898 = CARTESIAN_POINT('',(-2.363946081924,5.242222686927,
    2.086314280274E+03));
#2899 = CARTESIAN_POINT('',(-2.42111119451,5.215730632753,
    2.086201642738E+03));
#2900 = CARTESIAN_POINT('',(-2.547235523931,5.155687204381,
    2.085914826125E+03));
#2901 = CARTESIAN_POINT('',(-2.607910574012,5.125179487429,
    2.085737853813E+03));
#2902 = CARTESIAN_POINT('',(-2.653532658153,5.10136893141,
    2.085557289465E+03));
#2903 = CARTESIAN_POINT('',(-2.684103457464,5.085116714493,
    2.085374332072E+03));
#2904 = CARTESIAN_POINT('',(-2.699608251952,5.076870638196,
    2.08519008952E+03));
#2905 = CARTESIAN_POINT('',(-2.700204432945,5.076553562907,
    2.084905100035E+03));
#2906 = CARTESIAN_POINT('',(-2.695921452358,5.078831357062,
    2.084804554308E+03));
#2907 = CARTESIAN_POINT('',(-2.687146638545,5.083499433905,
    2.084704204639E+03));
#2908 = CARTESIAN_POINT('',(-2.673883354119,5.090518153237,
    2.084604248606E+03));
#2909 = CARTESIAN_POINT('',(-2.656138449023,5.099809121329,
    2.084504888023E+03));
#2910 = CARTESIAN_POINT('',(-2.614239597954,5.121400364076,
    2.084318996477E+03));
#2911 = CARTESIAN_POINT('',(-2.591046806863,5.133236899011,
    2.084232297337E+03));
#2912 = CARTESIAN_POINT('',(-2.56434754523,5.146689365554,
    2.084146345499E+03));
#2913 = CARTESIAN_POINT('',(-2.534140068837,5.161661677403,
    2.084061262364E+03));
#2914 = CARTESIAN_POINT('',(-2.500420143823,5.178039919976,
    2.083977177235E+03));
#2915 = CARTESIAN_POINT('',(-2.373628331896,5.23814957473,
    2.083694739966E+03));
#2916 = CARTESIAN_POINT('',(-2.263849838417,5.28792532599,
    2.083502091964E+03));
#2917 = CARTESIAN_POINT('',(-2.133554886263,5.34331874853,
    2.08331744364E+03));
#2918 = CARTESIAN_POINT('',(-1.981955280369,5.402279078507,
    2.083142485867E+03));
#2919 = CARTESIAN_POINT('',(-1.808065202045,5.462189261603,
    2.082979811611E+03));
#2920 = CARTESIAN_POINT('',(-1.544516018395,5.539113439391,
    2.082783843496E+03));
#2921 = CARTESIAN_POINT('',(-1.475293998892,5.55827266154,
    2.082736181938E+03));
#2922 = CARTESIAN_POINT('',(-1.403396906698,5.577027241282,
    2.082690521698E+03));
#2923 = CARTESIAN_POINT('',(-1.328822431998,5.595230543228,
    2.082647048428E+03));
#2924 = CARTESIAN_POINT('',(-1.251578005663,5.612727723971,
    2.0826059622E+03));
#2925 = CARTESIAN_POINT('',(-1.072649248938,5.649969541826,
    2.082519776954E+03));
#2926 = CARTESIAN_POINT('',(-0.969418112012,5.669274685881,
    2.082476014004E+03));
#2927 = CARTESIAN_POINT('',(-0.862287172166,5.686899305692,
    2.082436754432E+03));
#2928 = CARTESIAN_POINT('',(-0.751598790958,5.702488959699,
    2.082402502296E+03));
#2929 = CARTESIAN_POINT('',(-0.637736842412,5.715724158023,
    2.082373706756E+03));
#2930 = CARTESIAN_POINT('',(-0.350284086716,5.741883786105,
    2.082317162502E+03));
#2931 = CARTESIAN_POINT('',(-0.173659841488,5.751790529563,
    2.08229615105E+03));
#2932 = CARTESIAN_POINT('',(5.903949650055E-03,5.755090244797,
    2.082289252893E+03));
#2933 = CARTESIAN_POINT('',(0.185402769636,5.751416694183,
    2.082296939567E+03));
#2934 = CARTESIAN_POINT('',(0.361834152529,5.74115899784,
    2.082318707134E+03));
#2935 = CARTESIAN_POINT('',(0.646378074016,5.714701027307,
    2.08237593421E+03));
#2936 = CARTESIAN_POINT('',(0.75772492457,5.701599295441,
    2.082404460129E+03));
#2937 = CARTESIAN_POINT('',(0.866006700924,5.68625264894,
    2.08243820143E+03));
#2938 = CARTESIAN_POINT('',(0.970866016236,5.668962181842,
    2.082476734487E+03));
#2939 = CARTESIAN_POINT('',(1.071983716217,5.650060636561,
    2.082519585911E+03));
#2940 = CARTESIAN_POINT('',(1.247839118364,5.613543262379,
    2.082604059314E+03));
#2941 = CARTESIAN_POINT('',(1.324026973947,5.596343262464,
    2.082644420807E+03));
#2942 = CARTESIAN_POINT('',(1.397625967522,5.578452502549,
    2.082687105543E+03));
#2943 = CARTESIAN_POINT('',(1.468628008915,5.560019281014,
    2.082731921619E+03));
#2944 = CARTESIAN_POINT('',(1.537034289132,5.541184253736,
    2.08277869056E+03));
#2945 = CARTESIAN_POINT('',(1.691597192809,5.496320375534,
    2.082892712656E+03));
#2946 = CARTESIAN_POINT('',(1.775660502653,5.470064386604,
    2.08296144292E+03));
#2947 = CARTESIAN_POINT('',(1.85512907256,5.443614392004,
    2.083033083769E+03));
#2948 = CARTESIAN_POINT('',(1.93009012589,5.417243648686,
    2.083107333912E+03));
#2949 = CARTESIAN_POINT('',(2.000632206137,5.391197010962,
    2.083183943913E+03));
#2950 = CARTESIAN_POINT('',(2.151610410484,5.33304080041,
    2.083363562371E+03));
#2951 = CARTESIAN_POINT('',(2.229295307228,5.301271622619,
    2.083467971057E+03));
#2952 = CARTESIAN_POINT('',(2.300036180547,5.270858934242,
    2.083575485331E+03));
#2953 = CARTESIAN_POINT('',(2.363946081924,5.242222686927,
    2.083685719726E+03));
#2954 = CARTESIAN_POINT('',(2.421111194511,5.215730632753,
    2.083798357262E+03));
#2955 = CARTESIAN_POINT('',(2.547621187649,5.155503603232,
    2.084086050905E+03));
#2956 = CARTESIAN_POINT('',(2.608529773956,5.124868122958,
    2.084263952903E+03));
#2957 = CARTESIAN_POINT('',(2.654230724525,5.101004506534,
    2.084445477588E+03));
#2958 = CARTESIAN_POINT('',(2.684725772022,5.084785807992,
    2.084629407049E+03));
#2959 = CARTESIAN_POINT('',(2.7,5.076662289339,2.084814615932E+03));
#2960 = CARTESIAN_POINT('',(2.7,5.076662289339,2.085E+03));
#2961 = PCURVE('',#2768,#2962);
#2962 = DEFINITIONAL_REPRESENTATION('',(#2963),#3076);
#2963 = B_SPLINE_CURVE_WITH_KNOTS('',6,(#2964,#2965,#2966,#2967,#2968,
    #2969,#2970,#2971,#2972,#2973,#2974,#2975,#2976,#2977,#2978,#2979,
    #2980,#2981,#2982,#2983,#2984,#2985,#2986,#2987,#2988,#2989,#2990,
    #2991,#2992,#2993,#2994,#2995,#2996,#2997,#2998,#2999,#3000,#3001,
    #3002,#3003,#3004,#3005,#3006,#3007,#3008,#3009,#3010,#3011,#3012,
    #3013,#3014,#3015,#3016,#3017,#3018,#3019,#3020,#3021,#3022,#3023,
    #3024,#3025,#3026,#3027,#3028,#3029,#3030,#3031,#3032,#3033,#3034,
    #3035,#3036,#3037,#3038,#3039,#3040,#3041,#3042,#3043,#3044,#3045,
    #3046,#3047,#3048,#3049,#3050,#3051,#3052,#3053,#3054,#3055,#3056,
    #3057,#3058,#3059,#3060,#3061,#3062,#3063,#3064,#3065,#3066,#3067,
    #3068,#3069,#3070,#3071,#3072,#3073,#3074,#3075),.UNSPECIFIED.,.T.,
  .F.,(7,5,5,5,5,5,5,5,5,5,5,5,5,5,5,5,5,5,5,5,5,5,7),(0.,
    7.488202308599E-02,0.123499665538,0.159909293905,0.188629123449,
    0.224227463031,0.27638045906,0.311251162012,0.3395361294,
    0.377671363353,0.426493689818,0.499659990076,0.5395466065,
    0.574890029649,0.65988822079,0.68860704259,0.724204133068,
    0.776355299108,0.811224778492,0.839508753399,0.877642649238,
    0.926463262595,1.),.UNSPECIFIED.);
#2964 = CARTESIAN_POINT('',(1.081998062844,90.));
#2965 = CARTESIAN_POINT('',(1.081998062844,90.188773560343));
#2966 = CARTESIAN_POINT('',(1.085117788165,90.377356132224));
#2967 = CARTESIAN_POINT('',(1.091345652464,90.564587850881));
#2968 = CARTESIAN_POINT('',(1.100639653951,90.749285943457));
#2969 = CARTESIAN_POINT('',(1.11292486732,90.930166306328));
#2970 = CARTESIAN_POINT('',(1.137948687171,91.219785898469));
#2971 = CARTESIAN_POINT('',(1.149021525569,91.331630820257));
#2972 = CARTESIAN_POINT('',(1.161303779267,91.44105890172));
#2973 = CARTESIAN_POINT('',(1.174785786884,91.54775505018));
#2974 = CARTESIAN_POINT('',(1.189462184834,91.65133509247));
#2975 = CARTESIAN_POINT('',(1.217219443967,91.826239480997));
#2976 = CARTESIAN_POINT('',(1.229777304537,91.899143072997));
#2977 = CARTESIAN_POINT('',(1.243010708841,91.969878018196));
#2978 = CARTESIAN_POINT('',(1.256923569164,92.038225382258));
#2979 = CARTESIAN_POINT('',(1.271520551953,92.103923084623));
#2980 = CARTESIAN_POINT('',(1.298865937009,92.216156504456));
#2981 = CARTESIAN_POINT('',(1.311355942066,92.263818062496));
#2982 = CARTESIAN_POINT('',(1.324275979784,92.309478302072));
#2983 = CARTESIAN_POINT('',(1.33762357932,92.352951572493));
#2984 = CARTESIAN_POINT('',(1.351395604341,92.394037799985));
#2985 = CARTESIAN_POINT('',(1.38318053995,92.480223045799));
#2986 = CARTESIAN_POINT('',(1.401441260174,92.523985995742));
#2987 = CARTESIAN_POINT('',(1.420316147489,92.563245567902));
#2988 = CARTESIAN_POINT('',(1.439748058737,92.59749770436));
#2989 = CARTESIAN_POINT('',(1.459677232884,92.626293244136));
#2990 = CARTESIAN_POINT('',(1.509875603201,92.682837498027));
#2991 = CARTESIAN_POINT('',(1.540622651815,92.703848950205));
#2992 = CARTESIAN_POINT('',(1.571822162286,92.710747106584));
#2993 = CARTESIAN_POINT('',(1.60301171148,92.703060433106));
#2994 = CARTESIAN_POINT('',(1.633728858737,92.681292866327));
#2995 = CARTESIAN_POINT('',(1.683428224859,92.624065789622));
#2996 = CARTESIAN_POINT('',(1.702920661155,92.595539870896));
#2997 = CARTESIAN_POINT('',(1.721932763197,92.561798570348));
#2998 = CARTESIAN_POINT('',(1.740408827734,92.523265513115));
#2999 = CARTESIAN_POINT('',(1.758295567192,92.480414088749));
#3000 = CARTESIAN_POINT('',(1.789531551039,92.395940685569));
#3001 = CARTESIAN_POINT('',(1.803113041316,92.355579192827));
#3002 = CARTESIAN_POINT('',(1.816283053527,92.312894457373));
#3003 = CARTESIAN_POINT('',(1.829038453428,92.268078380722));
#3004 = CARTESIAN_POINT('',(1.841376743316,92.221309439636));
#3005 = CARTESIAN_POINT('',(1.869366727352,92.107287343665));
#3006 = CARTESIAN_POINT('',(1.88467981437,92.038557080148));
#3007 = CARTESIAN_POINT('',(1.899242346511,91.966916230965));
#3008 = CARTESIAN_POINT('',(1.913059647014,91.892666088121));
#3009 = CARTESIAN_POINT('',(1.926136131206,91.81605608719));
#3010 = CARTESIAN_POINT('',(1.954273822905,91.636437629051));
#3011 = CARTESIAN_POINT('',(1.968867264841,91.532028943066));
#3012 = CARTESIAN_POINT('',(1.982256008566,91.424514668896));
#3013 = CARTESIAN_POINT('',(1.994433977407,91.314280274044));
#3014 = CARTESIAN_POINT('',(2.005390834716,91.201642738066));
#3015 = CARTESIAN_POINT('',(2.029684289387,90.914826124522));
#3016 = CARTESIAN_POINT('',(2.041492493917,90.737853812528));
#3017 = CARTESIAN_POINT('',(2.050441978257,90.557289464805));
#3018 = CARTESIAN_POINT('',(2.056463309984,90.374332072069));
#3019 = CARTESIAN_POINT('',(2.059517424335,90.190089520279));
#3020 = CARTESIAN_POINT('',(2.059634859884,89.905100035426));
#3021 = CARTESIAN_POINT('',(2.058791211955,89.804554308249));
#3022 = CARTESIAN_POINT('',(2.05706263467,89.704204639455));
#3023 = CARTESIAN_POINT('',(2.054452934174,89.604248606365));
#3024 = CARTESIAN_POINT('',(2.050969512007,89.504888022572));
#3025 = CARTESIAN_POINT('',(2.042772144207,89.318996477121));
#3026 = CARTESIAN_POINT('',(2.038243727287,89.232297337306));
#3027 = CARTESIAN_POINT('',(2.03304438924,89.146345499053));
#3028 = CARTESIAN_POINT('',(2.027181248475,89.061262363889));
#3029 = CARTESIAN_POINT('',(2.020662048389,88.977177234605));
#3030 = CARTESIAN_POINT('',(1.996258798324,88.694739965915));
#3031 = CARTESIAN_POINT('',(1.975299022454,88.502091964107));
#3032 = CARTESIAN_POINT('',(1.95068747199,88.317443639693));
#3033 = CARTESIAN_POINT('',(1.922423612096,88.142485866799));
#3034 = CARTESIAN_POINT('',(1.8904738455,87.979811610634));
#3035 = CARTESIAN_POINT('',(1.842726716581,87.783843495546));
#3036 = CARTESIAN_POINT('',(1.830236711523,87.736181937502));
#3037 = CARTESIAN_POINT('',(1.817316673804,87.690521697924));
#3038 = CARTESIAN_POINT('',(1.803969074269,87.647048427506));
#3039 = CARTESIAN_POINT('',(1.790197049249,87.605962200016));
#3040 = CARTESIAN_POINT('',(1.758412113639,87.5197769542));
#3041 = CARTESIAN_POINT('',(1.740151393415,87.476014004258));
#3042 = CARTESIAN_POINT('',(1.7212765061,87.436754432097));
#3043 = CARTESIAN_POINT('',(1.701844594852,87.402502295639));
#3044 = CARTESIAN_POINT('',(1.681915420706,87.373706755863));
#3045 = CARTESIAN_POINT('',(1.631717050388,87.317162501973));
#3046 = CARTESIAN_POINT('',(1.600970001775,87.296151049795));
#3047 = CARTESIAN_POINT('',(1.569770491303,87.289252893416));
#3048 = CARTESIAN_POINT('',(1.538580942109,87.296939566894));
#3049 = CARTESIAN_POINT('',(1.507863794852,87.318707133673));
#3050 = CARTESIAN_POINT('',(1.458164428728,87.375934210381));
#3051 = CARTESIAN_POINT('',(1.438671992435,87.404460129105));
#3052 = CARTESIAN_POINT('',(1.419659890395,87.438201429648));
#3053 = CARTESIAN_POINT('',(1.401183825856,87.476734486883));
#3054 = CARTESIAN_POINT('',(1.383297086396,87.519585911258));
#3055 = CARTESIAN_POINT('',(1.352061102551,87.604059314431));
#3056 = CARTESIAN_POINT('',(1.338479612274,87.644420807174));
#3057 = CARTESIAN_POINT('',(1.325309600062,87.687105542629));
#3058 = CARTESIAN_POINT('',(1.312554200161,87.731921619279));
#3059 = CARTESIAN_POINT('',(1.300215910274,87.778690560363));
#3060 = CARTESIAN_POINT('',(1.272225926238,87.892712656336));
#3061 = CARTESIAN_POINT('',(1.25691283922,87.961442919852));
#3062 = CARTESIAN_POINT('',(1.242350307079,88.033083769034));
#3063 = CARTESIAN_POINT('',(1.228533006576,88.10733391188));
#3064 = CARTESIAN_POINT('',(1.215456522384,88.183943912812));
#3065 = CARTESIAN_POINT('',(1.187318830685,88.36356237095));
#3066 = CARTESIAN_POINT('',(1.172725388748,88.467971056934));
#3067 = CARTESIAN_POINT('',(1.159336645024,88.575485331104));
#3068 = CARTESIAN_POINT('',(1.147158676183,88.685719725956));
#3069 = CARTESIAN_POINT('',(1.136201818874,88.798357261935));
#3070 = CARTESIAN_POINT('',(1.111834079534,89.08605090501));
#3071 = CARTESIAN_POINT('',(1.099979653054,89.263952902759));
#3072 = CARTESIAN_POINT('',(1.091013730093,89.445477588016));
#3073 = CARTESIAN_POINT('',(1.085006765454,89.629407049105));
#3074 = CARTESIAN_POINT('',(1.081998062844,89.814615931701));
#3075 = CARTESIAN_POINT('',(1.081998062844,90.));
#3076 = ( GEOMETRIC_REPRESENTATION_CONTEXT(2) 
PARAMETRIC_REPRESENTATION_CONTEXT() REPRESENTATION_CONTEXT('2D SPACE',''
  ) );
#3077 = PCURVE('',#3078,#3083);
#3078 = CYLINDRICAL_SURFACE('',#3079,2.7);
#3079 = AXIS2_PLACEMENT_3D('',#3080,#3081,#3082);
#3080 = CARTESIAN_POINT('',(0.,16.,2.085E+03));
#3081 = DIRECTION('',(0.,-1.,2.22044604925E-16));
#3082 = DIRECTION('',(1.,0.,0.));
#3083 = DEFINITIONAL_REPRESENTATION('',(#3084),#3197);
#3084 = B_SPLINE_CURVE_WITH_KNOTS('',6,(#3085,#3086,#3087,#3088,#3089,
    #3090,#3091,#3092,#3093,#3094,#3095,#3096,#3097,#3098,#3099,#3100,
    #3101,#3102,#3103,#3104,#3105,#3106,#3107,#3108,#3109,#3110,#3111,
    #3112,#3113,#3114,#3115,#3116,#3117,#3118,#3119,#3120,#3121,#3122,
    #3123,#3124,#3125,#3126,#3127,#3128,#3129,#3130,#3131,#3132,#3133,
    #3134,#3135,#3136,#3137,#3138,#3139,#3140,#3141,#3142,#3143,#3144,
    #3145,#3146,#3147,#3148,#3149,#3150,#3151,#3152,#3153,#3154,#3155,
    #3156,#3157,#3158,#3159,#3160,#3161,#3162,#3163,#3164,#3165,#3166,
    #3167,#3168,#3169,#3170,#3171,#3172,#3173,#3174,#3175,#3176,#3177,
    #3178,#3179,#3180,#3181,#3182,#3183,#3184,#3185,#3186,#3187,#3188,
    #3189,#3190,#3191,#3192,#3193,#3194,#3195,#3196),.UNSPECIFIED.,.F.,
  .F.,(7,5,5,5,5,5,5,5,5,5,5,5,5,5,5,5,5,5,5,5,5,5,7),(0.,
    7.488202308599E-02,0.123499665538,0.159909293905,0.188629123449,
    0.224227463031,0.27638045906,0.311251162012,0.3395361294,
    0.377671363353,0.426493689818,0.499659990076,0.5395466065,
    0.574890029649,0.65988822079,0.68860704259,0.724204133068,
    0.776355299108,0.811224778492,0.839508753399,0.877642649238,
    0.926463262595,1.),.UNSPECIFIED.);
#3085 = CARTESIAN_POINT('',(0.,10.923337710661));
#3086 = CARTESIAN_POINT('',(6.99161334602E-02,10.923337710661));
#3087 = CARTESIAN_POINT('',(0.139761509823,10.914914428195));
#3088 = CARTESIAN_POINT('',(0.209721864108,10.898099312927));
#3089 = CARTESIAN_POINT('',(0.279967710107,10.873375755677));
#3090 = CARTESIAN_POINT('',(0.350663262237,10.84167967224));
#3091 = CARTESIAN_POINT('',(0.46824269868,10.780041440946));
#3092 = CARTESIAN_POINT('',(0.514803387717,10.753371922334));
#3093 = CARTESIAN_POINT('',(0.561741710121,10.724614624763));
#3094 = CARTESIAN_POINT('',(0.609153284505,10.694135889635));
#3095 = CARTESIAN_POINT('',(0.657136506645,10.662353549905));
#3096 = CARTESIAN_POINT('',(0.742250438319,10.605313928537));
#3097 = CARTESIAN_POINT('',(0.779086049,10.580418629775));
#3098 = CARTESIAN_POINT('',(0.816366667185,10.555244843345));
#3099 = CARTESIAN_POINT('',(0.854145350089,10.53000670931));
#3100 = CARTESIAN_POINT('',(0.892476629179,10.504942010839));
#3101 = CARTESIAN_POINT('',(0.96214033856,10.460886560608));
#3102 = CARTESIAN_POINT('',(0.993246950387,10.441727338461));
#3103 = CARTESIAN_POINT('',(1.024758553169,10.422972758719));
#3104 = CARTESIAN_POINT('',(1.056693478349,10.404769456773));
#3105 = CARTESIAN_POINT('',(1.089071914471,10.387272276028));
#3106 = CARTESIAN_POINT('',(1.162628809555,10.350030458174));
#3107 = CARTESIAN_POINT('',(1.204108643835,10.330725314119));
#3108 = CARTESIAN_POINT('',(1.246287548999,10.313100694308));
#3109 = CARTESIAN_POINT('',(1.289114306183,10.297511040301));
#3110 = CARTESIAN_POINT('',(1.3325509429,10.284275841978));
#3111 = CARTESIAN_POINT('',(1.441055138266,10.258116213895));
#3112 = CARTESIAN_POINT('',(1.506743439505,10.248209470437));
#3113 = CARTESIAN_POINT('',(1.572974159268,10.244909755203));
#3114 = CARTESIAN_POINT('',(1.639193006957,10.248583305817));
#3115 = CARTESIAN_POINT('',(1.704844732439,10.258841002159));
#3116 = CARTESIAN_POINT('',(1.812341618256,10.285298972692));
#3117 = CARTESIAN_POINT('',(1.85485480253,10.298400704558));
#3118 = CARTESIAN_POINT('',(1.8967796331,10.313747351061));
#3119 = CARTESIAN_POINT('',(1.938080853033,10.331037818159));
#3120 = CARTESIAN_POINT('',(1.97871104128,10.349939363436));
#3121 = CARTESIAN_POINT('',(2.050967327942,10.386456737621));
#3122 = CARTESIAN_POINT('',(2.082875399734,10.403656737536));
#3123 = CARTESIAN_POINT('',(2.114352713844,10.42154749745));
#3124 = CARTESIAN_POINT('',(2.145418359642,10.439980718985));
#3125 = CARTESIAN_POINT('',(2.17608965149,10.458815746264));
#3126 = CARTESIAN_POINT('',(2.247226538757,10.503679624465));
#3127 = CARTESIAN_POINT('',(2.287393021624,10.529935613396));
#3128 = CARTESIAN_POINT('',(2.3269525306,10.556385607996));
#3129 = CARTESIAN_POINT('',(2.365967512189,10.582756351314));
#3130 = CARTESIAN_POINT('',(2.404498686937,10.608802989037));
#3131 = CARTESIAN_POINT('',(2.491403400134,10.666959199589));
#3132 = CARTESIAN_POINT('',(2.539518289428,10.698728377381));
#3133 = CARTESIAN_POINT('',(2.587067704902,10.729141065758));
#3134 = CARTESIAN_POINT('',(2.634150069969,10.757777313073));
#3135 = CARTESIAN_POINT('',(2.680861076303,10.784269367247));
#3136 = CARTESIAN_POINT('',(2.796906521895,10.844312795619));
#3137 = CARTESIAN_POINT('',(2.865952825098,10.874820512571));
#3138 = CARTESIAN_POINT('',(2.934579735727,10.89863106859));
#3139 = CARTESIAN_POINT('',(3.002939149258,10.914883285507));
#3140 = CARTESIAN_POINT('',(3.071188976562,10.923129361804));
#3141 = CARTESIAN_POINT('',(3.176740868576,10.923446437093));
#3142 = CARTESIAN_POINT('',(3.213976631387,10.921168642938));
#3143 = CARTESIAN_POINT('',(3.251229243964,10.916500566095));
#3144 = CARTESIAN_POINT('',(3.288518435435,10.909481846763));
#3145 = CARTESIAN_POINT('',(3.325863128147,10.900190878671));
#3146 = CARTESIAN_POINT('',(3.396439027218,10.878599635924));
#3147 = CARTESIAN_POINT('',(3.42965272046,10.866763100989));
#3148 = CARTESIAN_POINT('',(3.462947571756,10.853310634446));
#3149 = CARTESIAN_POINT('',(3.496346615483,10.838338322597));
#3150 = CARTESIAN_POINT('',(3.529872480919,10.821960080024));
#3151 = CARTESIAN_POINT('',(3.644536045762,10.76185042527));
#3152 = CARTESIAN_POINT('',(3.726280908212,10.71207467401));
#3153 = CARTESIAN_POINT('',(3.809388746064,10.65668125147));
#3154 = CARTESIAN_POINT('',(3.894461805651,10.597720921493));
#3155 = CARTESIAN_POINT('',(3.982094839825,10.537810738397));
#3156 = CARTESIAN_POINT('',(4.103732992149,10.460886560609));
#3157 = CARTESIAN_POINT('',(4.134839603977,10.44172733846));
#3158 = CARTESIAN_POINT('',(4.166351206761,10.422972758718));
#3159 = CARTESIAN_POINT('',(4.19828613194,10.404769456772));
#3160 = CARTESIAN_POINT('',(4.230664568059,10.387272276029));
#3161 = CARTESIAN_POINT('',(4.304221463146,10.350030458174));
#3162 = CARTESIAN_POINT('',(4.345701297425,10.330725314119));
#3163 = CARTESIAN_POINT('',(4.387880202589,10.313100694308));
#3164 = CARTESIAN_POINT('',(4.430706959773,10.297511040301));
#3165 = CARTESIAN_POINT('',(4.47414359649,10.284275841977));
#3166 = CARTESIAN_POINT('',(4.582647791857,10.258116213895));
#3167 = CARTESIAN_POINT('',(4.648336093096,10.248209470437));
#3168 = CARTESIAN_POINT('',(4.714566812859,10.244909755203));
#3169 = CARTESIAN_POINT('',(4.780785660548,10.248583305817));
#3170 = CARTESIAN_POINT('',(4.846437386029,10.25884100216));
#3171 = CARTESIAN_POINT('',(4.953934271852,10.285298972693));
#3172 = CARTESIAN_POINT('',(4.996447456119,10.298400704559));
#3173 = CARTESIAN_POINT('',(5.038372286685,10.31374735106));
#3174 = CARTESIAN_POINT('',(5.079673506622,10.331037818158));
#3175 = CARTESIAN_POINT('',(5.120303694875,10.349939363439));
#3176 = CARTESIAN_POINT('',(5.192559981531,10.386456737621));
#3177 = CARTESIAN_POINT('',(5.224468053325,10.403656737536));
#3178 = CARTESIAN_POINT('',(5.255945367435,10.421547497451));
#3179 = CARTESIAN_POINT('',(5.287011013233,10.439980718986));
#3180 = CARTESIAN_POINT('',(5.317682305079,10.458815746264));
#3181 = CARTESIAN_POINT('',(5.388819192347,10.503679624466));
#3182 = CARTESIAN_POINT('',(5.428985675214,10.529935613396));
#3183 = CARTESIAN_POINT('',(5.46854518419,10.556385607996));
#3184 = CARTESIAN_POINT('',(5.507560165779,10.582756351315));
#3185 = CARTESIAN_POINT('',(5.546091340528,10.608802989038));
#3186 = CARTESIAN_POINT('',(5.632996053724,10.66695919959));
#3187 = CARTESIAN_POINT('',(5.681110943018,10.698728377381));
#3188 = CARTESIAN_POINT('',(5.728660358492,10.729141065758));
#3189 = CARTESIAN_POINT('',(5.775742723559,10.757777313073));
#3190 = CARTESIAN_POINT('',(5.822453729893,10.784269367247));
#3191 = CARTESIAN_POINT('',(5.938854019932,10.844496396768));
#3192 = CARTESIAN_POINT('',(6.008250339002,10.875131877042));
#3193 = CARTESIAN_POINT('',(6.077223932429,10.898995493466));
#3194 = CARTESIAN_POINT('',(6.1459286782,10.915214192008));
#3195 = CARTESIAN_POINT('',(6.214524541143,10.923337710661));
#3196 = CARTESIAN_POINT('',(6.28318530718,10.923337710661));
#3197 = ( GEOMETRIC_REPRESENTATION_CONTEXT(2) 
PARAMETRIC_REPRESENTATION_CONTEXT() REPRESENTATION_CONTEXT('2D SPACE',''
  ) );
#3198 = FACE_BOUND('',#3199,.T.);
#3199 = EDGE_LOOP('',(#3200));
#3200 = ORIENTED_EDGE('',*,*,#3201,.F.);
#3201 = EDGE_CURVE('',#3202,#3202,#3204,.T.);
#3202 = VERTEX_POINT('',#3203);
#3203 = CARTESIAN_POINT('',(2.7,-5.076662289339,2.085E+03));
#3204 = SURFACE_CURVE('',#3205,(#3318,#3434),.PCURVE_S1.);
#3205 = B_SPLINE_CURVE_WITH_KNOTS('',6,(#3206,#3207,#3208,#3209,#3210,
    #3211,#3212,#3213,#3214,#3215,#3216,#3217,#3218,#3219,#3220,#3221,
    #3222,#3223,#3224,#3225,#3226,#3227,#3228,#3229,#3230,#3231,#3232,
    #3233,#3234,#3235,#3236,#3237,#3238,#3239,#3240,#3241,#3242,#3243,
    #3244,#3245,#3246,#3247,#3248,#3249,#3250,#3251,#3252,#3253,#3254,
    #3255,#3256,#3257,#3258,#3259,#3260,#3261,#3262,#3263,#3264,#3265,
    #3266,#3267,#3268,#3269,#3270,#3271,#3272,#3273,#3274,#3275,#3276,
    #3277,#3278,#3279,#3280,#3281,#3282,#3283,#3284,#3285,#3286,#3287,
    #3288,#3289,#3290,#3291,#3292,#3293,#3294,#3295,#3296,#3297,#3298,
    #3299,#3300,#3301,#3302,#3303,#3304,#3305,#3306,#3307,#3308,#3309,
    #3310,#3311,#3312,#3313,#3314,#3315,#3316,#3317),.UNSPECIFIED.,.T.,
  .F.,(7,5,5,5,5,5,5,5,5,5,5,5,5,5,5,5,5,5,5,5,5,5,7),(0.,
    7.488202300042E-02,0.123499665397,0.159909293722,0.188629123233,
    0.224227462791,0.276380458809,0.311251161759,0.33953612915,
    0.37767136311,0.426493689583,0.499659989852,0.539546606283,
    0.574890029437,0.659888220592,0.688607042397,0.724204132889,
    0.776355298963,0.81122477837,0.839508753294,0.877642649159,
    0.926463262547,1.),.UNSPECIFIED.);
#3206 = CARTESIAN_POINT('',(2.7,-5.076662289339,2.085E+03));
#3207 = CARTESIAN_POINT('',(2.7,-5.076662289339,2.08518877356E+03));
#3208 = CARTESIAN_POINT('',(2.684162138517,-5.085085571805,
    2.085377356132E+03));
#3209 = CARTESIAN_POINT('',(2.652545698574,-5.101900687073,
    2.085564587851E+03));
#3210 = CARTESIAN_POINT('',(2.605165328338,-5.126624244323,
    2.085749285943E+03));
#3211 = CARTESIAN_POINT('',(2.542015505463,-5.15832032776,
    2.085930166306E+03));
#3212 = CARTESIAN_POINT('',(2.411999403029,-5.219958559054,
    2.086219785898E+03));
#3213 = CARTESIAN_POINT('',(2.354181461259,-5.246628077666,
    2.08633163082E+03));
#3214 = CARTESIAN_POINT('',(2.289668549569,-5.275385375237,
    2.086441058902E+03));
#3215 = CARTESIAN_POINT('',(2.218372164426,-5.305864110365,
    2.08654775505E+03));
#3216 = CARTESIAN_POINT('',(2.140177269917,-5.337646450095,
    2.086651335092E+03));
#3217 = CARTESIAN_POINT('',(1.991113541848,-5.394686071463,
    2.086826239481E+03));
#3218 = CARTESIAN_POINT('',(1.923326157605,-5.419581370225,
    2.086899143073E+03));
#3219 = CARTESIAN_POINT('',(1.851504994883,-5.444755156655,
    2.086969878018E+03));
#3220 = CARTESIAN_POINT('',(1.775572926773,-5.46999329069,
    2.087038225382E+03));
#3221 = CARTESIAN_POINT('',(1.695453971548,-5.495057989161,
    2.087103923085E+03));
#3222 = CARTESIAN_POINT('',(1.544516018392,-5.539113439392,
    2.087216156504E+03));
#3223 = CARTESIAN_POINT('',(1.475293998893,-5.558272661539,
    2.087263818062E+03));
#3224 = CARTESIAN_POINT('',(1.403396906703,-5.577027241281,
    2.087309478302E+03));
#3225 = CARTESIAN_POINT('',(1.328822432001,-5.595230543227,
    2.087352951572E+03));
#3226 = CARTESIAN_POINT('',(1.251578005659,-5.612727723972,
    2.0873940378E+03));
#3227 = CARTESIAN_POINT('',(1.072649248894,-5.649969541835,
    2.087480223046E+03));
#3228 = CARTESIAN_POINT('',(0.969418112025,-5.669274685876,
    2.087523985996E+03));
#3229 = CARTESIAN_POINT('',(0.862287172219,-5.686899305684,
    2.087563245568E+03));
#3230 = CARTESIAN_POINT('',(0.751598790977,-5.702488959699,
    2.087597497704E+03));
#3231 = CARTESIAN_POINT('',(0.637736842356,-5.715724158028,
    2.087626293244E+03));
#3232 = CARTESIAN_POINT('',(0.350284086719,-5.741883786105,
    2.087682837498E+03));
#3233 = CARTESIAN_POINT('',(0.17365984149,-5.751790529563,
    2.08770384895E+03));
#3234 = CARTESIAN_POINT('',(-5.903949647437E-03,-5.755090244797,
    2.087710747107E+03));
#3235 = CARTESIAN_POINT('',(-0.185402769635,-5.751416694183,
    2.087703060433E+03));
#3236 = CARTESIAN_POINT('',(-0.361834152526,-5.741158997841,
    2.087681292866E+03));
#3237 = CARTESIAN_POINT('',(-0.646378074014,-5.714701027307,
    2.08762406579E+03));
#3238 = CARTESIAN_POINT('',(-0.757724924568,-5.701599295442,
    2.087595539871E+03));
#3239 = CARTESIAN_POINT('',(-0.866006700923,-5.686252648941,
    2.08756179857E+03));
#3240 = CARTESIAN_POINT('',(-0.970866016235,-5.668962181842,
    2.087523265513E+03));
#3241 = CARTESIAN_POINT('',(-1.071983716215,-5.650060636562,
    2.087480414089E+03));
#3242 = CARTESIAN_POINT('',(-1.24783911837,-5.613543262378,
    2.087395940686E+03));
#3243 = CARTESIAN_POINT('',(-1.324026973944,-5.596343262464,
    2.087355579193E+03));
#3244 = CARTESIAN_POINT('',(-1.397625967515,-5.578452502551,
    2.087312894457E+03));
#3245 = CARTESIAN_POINT('',(-1.468628008912,-5.560019281015,
    2.087268078381E+03));
#3246 = CARTESIAN_POINT('',(-1.537034289137,-5.541184253735,
    2.08722130944E+03));
#3247 = CARTESIAN_POINT('',(-1.691597192808,-5.496320375535,
    2.087107287344E+03));
#3248 = CARTESIAN_POINT('',(-1.775660502652,-5.470064386604,
    2.08703855708E+03));
#3249 = CARTESIAN_POINT('',(-1.85512907256,-5.443614392004,
    2.086966916231E+03));
#3250 = CARTESIAN_POINT('',(-1.93009012589,-5.417243648686,
    2.086892666088E+03));
#3251 = CARTESIAN_POINT('',(-2.000632206136,-5.391197010963,
    2.086816056087E+03));
#3252 = CARTESIAN_POINT('',(-2.151610410483,-5.333040800411,
    2.086636437629E+03));
#3253 = CARTESIAN_POINT('',(-2.229295307227,-5.301271622619,
    2.086532028943E+03));
#3254 = CARTESIAN_POINT('',(-2.300036180547,-5.270858934242,
    2.086424514669E+03));
#3255 = CARTESIAN_POINT('',(-2.363946081924,-5.242222686927,
    2.086314280274E+03));
#3256 = CARTESIAN_POINT('',(-2.42111119451,-5.215730632753,
    2.086201642738E+03));
#3257 = CARTESIAN_POINT('',(-2.547235523931,-5.155687204381,
    2.085914826125E+03));
#3258 = CARTESIAN_POINT('',(-2.607910574012,-5.125179487429,
    2.085737853813E+03));
#3259 = CARTESIAN_POINT('',(-2.653532658153,-5.10136893141,
    2.085557289465E+03));
#3260 = CARTESIAN_POINT('',(-2.684103457464,-5.085116714493,
    2.085374332072E+03));
#3261 = CARTESIAN_POINT('',(-2.699608251952,-5.076870638196,
    2.08519008952E+03));
#3262 = CARTESIAN_POINT('',(-2.700204432945,-5.076553562907,
    2.084905100035E+03));
#3263 = CARTESIAN_POINT('',(-2.695921452358,-5.078831357062,
    2.084804554308E+03));
#3264 = CARTESIAN_POINT('',(-2.687146638545,-5.083499433905,
    2.084704204639E+03));
#3265 = CARTESIAN_POINT('',(-2.673883354119,-5.090518153237,
    2.084604248606E+03));
#3266 = CARTESIAN_POINT('',(-2.656138449023,-5.099809121329,
    2.084504888023E+03));
#3267 = CARTESIAN_POINT('',(-2.614239597954,-5.121400364076,
    2.084318996477E+03));
#3268 = CARTESIAN_POINT('',(-2.591046806863,-5.133236899011,
    2.084232297337E+03));
#3269 = CARTESIAN_POINT('',(-2.56434754523,-5.146689365554,
    2.084146345499E+03));
#3270 = CARTESIAN_POINT('',(-2.534140068837,-5.161661677403,
    2.084061262364E+03));
#3271 = CARTESIAN_POINT('',(-2.500420143823,-5.178039919976,
    2.083977177235E+03));
#3272 = CARTESIAN_POINT('',(-2.373628331896,-5.23814957473,
    2.083694739966E+03));
#3273 = CARTESIAN_POINT('',(-2.263849838417,-5.28792532599,
    2.083502091964E+03));
#3274 = CARTESIAN_POINT('',(-2.133554886263,-5.34331874853,
    2.08331744364E+03));
#3275 = CARTESIAN_POINT('',(-1.981955280369,-5.402279078507,
    2.083142485867E+03));
#3276 = CARTESIAN_POINT('',(-1.808065202045,-5.462189261603,
    2.082979811611E+03));
#3277 = CARTESIAN_POINT('',(-1.544516018395,-5.539113439391,
    2.082783843496E+03));
#3278 = CARTESIAN_POINT('',(-1.475293998892,-5.55827266154,
    2.082736181938E+03));
#3279 = CARTESIAN_POINT('',(-1.403396906698,-5.577027241282,
    2.082690521698E+03));
#3280 = CARTESIAN_POINT('',(-1.328822431998,-5.595230543228,
    2.082647048428E+03));
#3281 = CARTESIAN_POINT('',(-1.251578005663,-5.612727723971,
    2.0826059622E+03));
#3282 = CARTESIAN_POINT('',(-1.072649248915,-5.649969541831,
    2.082519776954E+03));
#3283 = CARTESIAN_POINT('',(-0.969418112018,-5.669274685878,
    2.082476014004E+03));
#3284 = CARTESIAN_POINT('',(-0.862287172192,-5.686899305688,
    2.082436754432E+03));
#3285 = CARTESIAN_POINT('',(-0.751598790967,-5.702488959699,
    2.082402502296E+03));
#3286 = CARTESIAN_POINT('',(-0.637736842382,-5.715724158025,
    2.082373706756E+03));
#3287 = CARTESIAN_POINT('',(-0.350284086716,-5.741883786105,
    2.082317162502E+03));
#3288 = CARTESIAN_POINT('',(-0.173659841488,-5.751790529563,
    2.08229615105E+03));
#3289 = CARTESIAN_POINT('',(5.903949650155E-03,-5.755090244797,
    2.082289252893E+03));
#3290 = CARTESIAN_POINT('',(0.185402769636,-5.751416694183,
    2.082296939567E+03));
#3291 = CARTESIAN_POINT('',(0.361834152529,-5.74115899784,
    2.082318707134E+03));
#3292 = CARTESIAN_POINT('',(0.646378074016,-5.714701027307,
    2.08237593421E+03));
#3293 = CARTESIAN_POINT('',(0.75772492457,-5.701599295441,
    2.082404460129E+03));
#3294 = CARTESIAN_POINT('',(0.866006700924,-5.68625264894,
    2.08243820143E+03));
#3295 = CARTESIAN_POINT('',(0.970866016236,-5.668962181842,
    2.082476734487E+03));
#3296 = CARTESIAN_POINT('',(1.071983716217,-5.650060636561,
    2.082519585911E+03));
#3297 = CARTESIAN_POINT('',(1.247839118364,-5.613543262379,
    2.082604059314E+03));
#3298 = CARTESIAN_POINT('',(1.324026973947,-5.596343262464,
    2.082644420807E+03));
#3299 = CARTESIAN_POINT('',(1.397625967522,-5.578452502549,
    2.082687105543E+03));
#3300 = CARTESIAN_POINT('',(1.468628008915,-5.560019281014,
    2.082731921619E+03));
#3301 = CARTESIAN_POINT('',(1.537034289133,-5.541184253736,
    2.08277869056E+03));
#3302 = CARTESIAN_POINT('',(1.691597192809,-5.496320375534,
    2.082892712656E+03));
#3303 = CARTESIAN_POINT('',(1.775660502652,-5.470064386604,
    2.08296144292E+03));
#3304 = CARTESIAN_POINT('',(1.85512907256,-5.443614392004,
    2.083033083769E+03));
#3305 = CARTESIAN_POINT('',(1.930090125891,-5.417243648685,
    2.083107333912E+03));
#3306 = CARTESIAN_POINT('',(2.000632206137,-5.391197010962,
    2.083183943913E+03));
#3307 = CARTESIAN_POINT('',(2.151610410484,-5.33304080041,
    2.083363562371E+03));
#3308 = CARTESIAN_POINT('',(2.229295307228,-5.301271622619,
    2.083467971057E+03));
#3309 = CARTESIAN_POINT('',(2.300036180547,-5.270858934242,
    2.083575485331E+03));
#3310 = CARTESIAN_POINT('',(2.363946081924,-5.242222686927,
    2.083685719726E+03));
#3311 = CARTESIAN_POINT('',(2.421111194511,-5.215730632753,
    2.083798357262E+03));
#3312 = CARTESIAN_POINT('',(2.547621187649,-5.155503603232,
    2.084086050905E+03));
#3313 = CARTESIAN_POINT('',(2.608529773956,-5.124868122958,
    2.084263952903E+03));
#3314 = CARTESIAN_POINT('',(2.654230724525,-5.101004506534,
    2.084445477588E+03));
#3315 = CARTESIAN_POINT('',(2.684725772022,-5.084785807992,
    2.084629407049E+03));
#3316 = CARTESIAN_POINT('',(2.7,-5.076662289339,2.084814615932E+03));
#3317 = CARTESIAN_POINT('',(2.7,-5.076662289339,2.085E+03));
#3318 = PCURVE('',#2768,#3319);
#3319 = DEFINITIONAL_REPRESENTATION('',(#3320),#3433);
#3320 = B_SPLINE_CURVE_WITH_KNOTS('',6,(#3321,#3322,#3323,#3324,#3325,
    #3326,#3327,#3328,#3329,#3330,#3331,#3332,#3333,#3334,#3335,#3336,
    #3337,#3338,#3339,#3340,#3341,#3342,#3343,#3344,#3345,#3346,#3347,
    #3348,#3349,#3350,#3351,#3352,#3353,#3354,#3355,#3356,#3357,#3358,
    #3359,#3360,#3361,#3362,#3363,#3364,#3365,#3366,#3367,#3368,#3369,
    #3370,#3371,#3372,#3373,#3374,#3375,#3376,#3377,#3378,#3379,#3380,
    #3381,#3382,#3383,#3384,#3385,#3386,#3387,#3388,#3389,#3390,#3391,
    #3392,#3393,#3394,#3395,#3396,#3397,#3398,#3399,#3400,#3401,#3402,
    #3403,#3404,#3405,#3406,#3407,#3408,#3409,#3410,#3411,#3412,#3413,
    #3414,#3415,#3416,#3417,#3418,#3419,#3420,#3421,#3422,#3423,#3424,
    #3425,#3426,#3427,#3428,#3429,#3430,#3431,#3432),.UNSPECIFIED.,.T.,
  .F.,(7,5,5,5,5,5,5,5,5,5,5,5,5,5,5,5,5,5,5,5,5,5,7),(0.,
    7.488202300042E-02,0.123499665397,0.159909293722,0.188629123233,
    0.224227462791,0.276380458809,0.311251161759,0.33953612915,
    0.37767136311,0.426493689583,0.499659989852,0.539546606283,
    0.574890029437,0.659888220592,0.688607042397,0.724204132889,
    0.776355298963,0.81122477837,0.839508753294,0.877642649159,
    0.926463262547,1.),.UNSPECIFIED.);
#3321 = CARTESIAN_POINT('',(5.201187244336,90.));
#3322 = CARTESIAN_POINT('',(5.201187244336,90.188773560342));
#3323 = CARTESIAN_POINT('',(5.198067519015,90.377356132224));
#3324 = CARTESIAN_POINT('',(5.191839654716,90.564587850882));
#3325 = CARTESIAN_POINT('',(5.182545653228,90.749285943457));
#3326 = CARTESIAN_POINT('',(5.170260439859,90.930166306328));
#3327 = CARTESIAN_POINT('',(5.145236620009,91.219785898469));
#3328 = CARTESIAN_POINT('',(5.134163781611,91.331630820257));
#3329 = CARTESIAN_POINT('',(5.121881527913,91.44105890172));
#3330 = CARTESIAN_POINT('',(5.108399520296,91.54775505018));
#3331 = CARTESIAN_POINT('',(5.093723122346,91.65133509247));
#3332 = CARTESIAN_POINT('',(5.065965863212,91.826239480997));
#3333 = CARTESIAN_POINT('',(5.053408002642,91.899143072997));
#3334 = CARTESIAN_POINT('',(5.040174598339,91.969878018196));
#3335 = CARTESIAN_POINT('',(5.026261738016,92.038225382258));
#3336 = CARTESIAN_POINT('',(5.011664755227,92.103923084623));
#3337 = CARTESIAN_POINT('',(4.98431937017,92.216156504456));
#3338 = CARTESIAN_POINT('',(4.971829365114,92.263818062496));
#3339 = CARTESIAN_POINT('',(4.958909327395,92.309478302072));
#3340 = CARTESIAN_POINT('',(4.945561727859,92.352951572493));
#3341 = CARTESIAN_POINT('',(4.931789702838,92.394037799985));
#3342 = CARTESIAN_POINT('',(4.900004767221,92.480223045821));
#3343 = CARTESIAN_POINT('',(4.881744047008,92.52398599573));
#3344 = CARTESIAN_POINT('',(4.8628691597,92.563245567885));
#3345 = CARTESIAN_POINT('',(4.843437248445,92.597497704362));
#3346 = CARTESIAN_POINT('',(4.823508074286,92.626293244148));
#3347 = CARTESIAN_POINT('',(4.773309703978,92.682837498027));
#3348 = CARTESIAN_POINT('',(4.742562655365,92.703848950205));
#3349 = CARTESIAN_POINT('',(4.711363144894,92.710747106584));
#3350 = CARTESIAN_POINT('',(4.680173595699,92.703060433106));
#3351 = CARTESIAN_POINT('',(4.649456448442,92.681292866327));
#3352 = CARTESIAN_POINT('',(4.599757082318,92.624065789619));
#3353 = CARTESIAN_POINT('',(4.580264646025,92.595539870896));
#3354 = CARTESIAN_POINT('',(4.561252543985,92.561798570352));
#3355 = CARTESIAN_POINT('',(4.542776479446,92.523265513118));
#3356 = CARTESIAN_POINT('',(4.524889739986,92.480414088743));
#3357 = CARTESIAN_POINT('',(4.493653756139,92.395940685567));
#3358 = CARTESIAN_POINT('',(4.480072265864,92.355579192827));
#3359 = CARTESIAN_POINT('',(4.466902253653,92.312894457376));
#3360 = CARTESIAN_POINT('',(4.454146853752,92.268078380723));
#3361 = CARTESIAN_POINT('',(4.441808563863,92.221309439633));
#3362 = CARTESIAN_POINT('',(4.413818579828,92.107287343665));
#3363 = CARTESIAN_POINT('',(4.39850549281,92.038557080148));
#3364 = CARTESIAN_POINT('',(4.383942960668,91.966916230966));
#3365 = CARTESIAN_POINT('',(4.370125660166,91.892666088121));
#3366 = CARTESIAN_POINT('',(4.357049175974,91.81605608719));
#3367 = CARTESIAN_POINT('',(4.328911484275,91.636437629051));
#3368 = CARTESIAN_POINT('',(4.314318042338,91.532028943066));
#3369 = CARTESIAN_POINT('',(4.300929298614,91.424514668896));
#3370 = CARTESIAN_POINT('',(4.288751329773,91.314280274044));
#3371 = CARTESIAN_POINT('',(4.277794472464,91.201642738066));
#3372 = CARTESIAN_POINT('',(4.253501017792,90.914826124522));
#3373 = CARTESIAN_POINT('',(4.241692813263,90.737853812528));
#3374 = CARTESIAN_POINT('',(4.232743328923,90.557289464805));
#3375 = CARTESIAN_POINT('',(4.226721997196,90.374332072069));
#3376 = CARTESIAN_POINT('',(4.223667882844,90.190089520279));
#3377 = CARTESIAN_POINT('',(4.223550447295,89.905100035426));
#3378 = CARTESIAN_POINT('',(4.224394095225,89.804554308249));
#3379 = CARTESIAN_POINT('',(4.22612267251,89.704204639455));
#3380 = CARTESIAN_POINT('',(4.228732373006,89.604248606365));
#3381 = CARTESIAN_POINT('',(4.232215795173,89.504888022572));
#3382 = CARTESIAN_POINT('',(4.240413162972,89.318996477121));
#3383 = CARTESIAN_POINT('',(4.244941579893,89.232297337306));
#3384 = CARTESIAN_POINT('',(4.250140917939,89.146345499053));
#3385 = CARTESIAN_POINT('',(4.256004058705,89.061262363889));
#3386 = CARTESIAN_POINT('',(4.26252325879,88.977177234605));
#3387 = CARTESIAN_POINT('',(4.286926508855,88.694739965915));
#3388 = CARTESIAN_POINT('',(4.307886284725,88.502091964107));
#3389 = CARTESIAN_POINT('',(4.332497835189,88.317443639693));
#3390 = CARTESIAN_POINT('',(4.360761695083,88.142485866799));
#3391 = CARTESIAN_POINT('',(4.392711461679,87.979811610634));
#3392 = CARTESIAN_POINT('',(4.440458590598,87.783843495546));
#3393 = CARTESIAN_POINT('',(4.452948595656,87.736181937502));
#3394 = CARTESIAN_POINT('',(4.465868633375,87.690521697924));
#3395 = CARTESIAN_POINT('',(4.47921623291,87.647048427506));
#3396 = CARTESIAN_POINT('',(4.49298825793,87.605962200017));
#3397 = CARTESIAN_POINT('',(4.524773193545,87.519776954189));
#3398 = CARTESIAN_POINT('',(4.543033913763,87.476014004264));
#3399 = CARTESIAN_POINT('',(4.561908801075,87.436754432106));
#3400 = CARTESIAN_POINT('',(4.581340712326,87.402502295638));
#3401 = CARTESIAN_POINT('',(4.601269886479,87.373706755858));
#3402 = CARTESIAN_POINT('',(4.651468256792,87.317162501973));
#3403 = CARTESIAN_POINT('',(4.682215305405,87.296151049795));
#3404 = CARTESIAN_POINT('',(4.713414815876,87.289252893416));
#3405 = CARTESIAN_POINT('',(4.74460436507,87.296939566894));
#3406 = CARTESIAN_POINT('',(4.775321512328,87.318707133673));
#3407 = CARTESIAN_POINT('',(4.825020878451,87.375934210381));
#3408 = CARTESIAN_POINT('',(4.844513314744,87.404460129105));
#3409 = CARTESIAN_POINT('',(4.863525416785,87.438201429648));
#3410 = CARTESIAN_POINT('',(4.882001481324,87.476734486883));
#3411 = CARTESIAN_POINT('',(4.899888220784,87.519585911258));
#3412 = CARTESIAN_POINT('',(4.931124204629,87.604059314431));
#3413 = CARTESIAN_POINT('',(4.944705694906,87.644420807174));
#3414 = CARTESIAN_POINT('',(4.957875707118,87.687105542629));
#3415 = CARTESIAN_POINT('',(4.970631107018,87.73192161928));
#3416 = CARTESIAN_POINT('',(4.982969396905,87.778690560364));
#3417 = CARTESIAN_POINT('',(5.010959380942,87.892712656336));
#3418 = CARTESIAN_POINT('',(5.02627246796,87.961442919852));
#3419 = CARTESIAN_POINT('',(5.040835000101,88.033083769034));
#3420 = CARTESIAN_POINT('',(5.054652300604,88.10733391188));
#3421 = CARTESIAN_POINT('',(5.067728784796,88.183943912812));
#3422 = CARTESIAN_POINT('',(5.095866476495,88.36356237095));
#3423 = CARTESIAN_POINT('',(5.110459918431,88.467971056934));
#3424 = CARTESIAN_POINT('',(5.123848662156,88.575485331104));
#3425 = CARTESIAN_POINT('',(5.136026630996,88.685719725956));
#3426 = CARTESIAN_POINT('',(5.146983488305,88.798357261935));
#3427 = CARTESIAN_POINT('',(5.171351227646,89.08605090501));
#3428 = CARTESIAN_POINT('',(5.183205654126,89.263952902759));
#3429 = CARTESIAN_POINT('',(5.192171577087,89.445477588016));
#3430 = CARTESIAN_POINT('',(5.198178541726,89.629407049105));
#3431 = CARTESIAN_POINT('',(5.201187244336,89.814615931701));
#3432 = CARTESIAN_POINT('',(5.201187244336,90.));
#3433 = ( GEOMETRIC_REPRESENTATION_CONTEXT(2) 
PARAMETRIC_REPRESENTATION_CONTEXT() REPRESENTATION_CONTEXT('2D SPACE',''
  ) );
#3434 = PCURVE('',#3078,#3435);
#3435 = DEFINITIONAL_REPRESENTATION('',(#3436),#3549);
#3436 = B_SPLINE_CURVE_WITH_KNOTS('',6,(#3437,#3438,#3439,#3440,#3441,
    #3442,#3443,#3444,#3445,#3446,#3447,#3448,#3449,#3450,#3451,#3452,
    #3453,#3454,#3455,#3456,#3457,#3458,#3459,#3460,#3461,#3462,#3463,
    #3464,#3465,#3466,#3467,#3468,#3469,#3470,#3471,#3472,#3473,#3474,
    #3475,#3476,#3477,#3478,#3479,#3480,#3481,#3482,#3483,#3484,#3485,
    #3486,#3487,#3488,#3489,#3490,#3491,#3492,#3493,#3494,#3495,#3496,
    #3497,#3498,#3499,#3500,#3501,#3502,#3503,#3504,#3505,#3506,#3507,
    #3508,#3509,#3510,#3511,#3512,#3513,#3514,#3515,#3516,#3517,#3518,
    #3519,#3520,#3521,#3522,#3523,#3524,#3525,#3526,#3527,#3528,#3529,
    #3530,#3531,#3532,#3533,#3534,#3535,#3536,#3537,#3538,#3539,#3540,
    #3541,#3542,#3543,#3544,#3545,#3546,#3547,#3548),.UNSPECIFIED.,.F.,
  .F.,(7,5,5,5,5,5,5,5,5,5,5,5,5,5,5,5,5,5,5,5,5,5,7),(0.,
    7.488202300042E-02,0.123499665397,0.159909293722,0.188629123233,
    0.224227462791,0.276380458809,0.311251161759,0.33953612915,
    0.37767136311,0.426493689583,0.499659989852,0.539546606283,
    0.574890029437,0.659888220592,0.688607042397,0.724204132889,
    0.776355298963,0.81122477837,0.839508753294,0.877642649159,
    0.926463262547,1.),.UNSPECIFIED.);
#3437 = CARTESIAN_POINT('',(0.,21.076662289339));
#3438 = CARTESIAN_POINT('',(6.991613346018E-02,21.076662289339));
#3439 = CARTESIAN_POINT('',(0.139761509823,21.085085571805));
#3440 = CARTESIAN_POINT('',(0.209721864108,21.101900687073));
#3441 = CARTESIAN_POINT('',(0.279967710107,21.126624244323));
#3442 = CARTESIAN_POINT('',(0.350663262237,21.15832032776));
#3443 = CARTESIAN_POINT('',(0.46824269868,21.219958559054));
#3444 = CARTESIAN_POINT('',(0.514803387717,21.246628077666));
#3445 = CARTESIAN_POINT('',(0.561741710121,21.275385375237));
#3446 = CARTESIAN_POINT('',(0.609153284505,21.305864110365));
#3447 = CARTESIAN_POINT('',(0.657136506645,21.337646450095));
#3448 = CARTESIAN_POINT('',(0.742250438319,21.394686071463));
#3449 = CARTESIAN_POINT('',(0.779086049,21.419581370225));
#3450 = CARTESIAN_POINT('',(0.816366667185,21.444755156655));
#3451 = CARTESIAN_POINT('',(0.854145350089,21.46999329069));
#3452 = CARTESIAN_POINT('',(0.892476629179,21.495057989161));
#3453 = CARTESIAN_POINT('',(0.96214033856,21.539113439392));
#3454 = CARTESIAN_POINT('',(0.993246950387,21.558272661539));
#3455 = CARTESIAN_POINT('',(1.024758553169,21.577027241281));
#3456 = CARTESIAN_POINT('',(1.056693478349,21.595230543227));
#3457 = CARTESIAN_POINT('',(1.089071914471,21.612727723972));
#3458 = CARTESIAN_POINT('',(1.162628809574,21.649969541835));
#3459 = CARTESIAN_POINT('',(1.20410864383,21.669274685876));
#3460 = CARTESIAN_POINT('',(1.246287548979,21.686899305684));
#3461 = CARTESIAN_POINT('',(1.289114306177,21.702488959699));
#3462 = CARTESIAN_POINT('',(1.332550942922,21.715724158028));
#3463 = CARTESIAN_POINT('',(1.441055138266,21.741883786105));
#3464 = CARTESIAN_POINT('',(1.506743439505,21.751790529563));
#3465 = CARTESIAN_POINT('',(1.572974159268,21.755090244797));
#3466 = CARTESIAN_POINT('',(1.639193006957,21.751416694183));
#3467 = CARTESIAN_POINT('',(1.704844732439,21.741158997841));
#3468 = CARTESIAN_POINT('',(1.812341618261,21.714701027307));
#3469 = CARTESIAN_POINT('',(1.854854802528,21.701599295442));
#3470 = CARTESIAN_POINT('',(1.896779633095,21.686252648941));
#3471 = CARTESIAN_POINT('',(1.938080853031,21.668962181842));
#3472 = CARTESIAN_POINT('',(1.978711041285,21.650060636562));
#3473 = CARTESIAN_POINT('',(2.050967327944,21.613543262378));
#3474 = CARTESIAN_POINT('',(2.082875399734,21.596343262464));
#3475 = CARTESIAN_POINT('',(2.114352713842,21.578452502551));
#3476 = CARTESIAN_POINT('',(2.145418359642,21.560019281015));
#3477 = CARTESIAN_POINT('',(2.176089651492,21.541184253735));
#3478 = CARTESIAN_POINT('',(2.247226538757,21.496320375535));
#3479 = CARTESIAN_POINT('',(2.287393021624,21.470064386604));
#3480 = CARTESIAN_POINT('',(2.3269525306,21.443614392004));
#3481 = CARTESIAN_POINT('',(2.365967512189,21.417243648686));
#3482 = CARTESIAN_POINT('',(2.404498686937,21.391197010963));
#3483 = CARTESIAN_POINT('',(2.491403400134,21.333040800411));
#3484 = CARTESIAN_POINT('',(2.539518289428,21.301271622619));
#3485 = CARTESIAN_POINT('',(2.587067704902,21.270858934242));
#3486 = CARTESIAN_POINT('',(2.634150069969,21.242222686927));
#3487 = CARTESIAN_POINT('',(2.680861076303,21.215730632753));
#3488 = CARTESIAN_POINT('',(2.796906521895,21.155687204381));
#3489 = CARTESIAN_POINT('',(2.865952825098,21.125179487429));
#3490 = CARTESIAN_POINT('',(2.934579735727,21.10136893141));
#3491 = CARTESIAN_POINT('',(3.002939149258,21.085116714493));
#3492 = CARTESIAN_POINT('',(3.071188976562,21.076870638196));
#3493 = CARTESIAN_POINT('',(3.176740868576,21.076553562907));
#3494 = CARTESIAN_POINT('',(3.213976631387,21.078831357062));
#3495 = CARTESIAN_POINT('',(3.251229243964,21.083499433905));
#3496 = CARTESIAN_POINT('',(3.288518435435,21.090518153237));
#3497 = CARTESIAN_POINT('',(3.325863128147,21.099809121329));
#3498 = CARTESIAN_POINT('',(3.396439027218,21.121400364076));
#3499 = CARTESIAN_POINT('',(3.42965272046,21.133236899011));
#3500 = CARTESIAN_POINT('',(3.462947571756,21.146689365554));
#3501 = CARTESIAN_POINT('',(3.496346615483,21.161661677403));
#3502 = CARTESIAN_POINT('',(3.529872480919,21.178039919976));
#3503 = CARTESIAN_POINT('',(3.644536045762,21.23814957473));
#3504 = CARTESIAN_POINT('',(3.726280908212,21.28792532599));
#3505 = CARTESIAN_POINT('',(3.809388746064,21.34331874853));
#3506 = CARTESIAN_POINT('',(3.894461805651,21.402279078507));
#3507 = CARTESIAN_POINT('',(3.982094839825,21.462189261603));
#3508 = CARTESIAN_POINT('',(4.103732992149,21.539113439391));
#3509 = CARTESIAN_POINT('',(4.134839603977,21.55827266154));
#3510 = CARTESIAN_POINT('',(4.166351206761,21.577027241282));
#3511 = CARTESIAN_POINT('',(4.19828613194,21.595230543228));
#3512 = CARTESIAN_POINT('',(4.230664568059,21.612727723971));
#3513 = CARTESIAN_POINT('',(4.304221463155,21.649969541831));
#3514 = CARTESIAN_POINT('',(4.345701297423,21.669274685878));
#3515 = CARTESIAN_POINT('',(4.387880202579,21.686899305688));
#3516 = CARTESIAN_POINT('',(4.430706959771,21.702488959699));
#3517 = CARTESIAN_POINT('',(4.474143596501,21.715724158025));
#3518 = CARTESIAN_POINT('',(4.582647791857,21.741883786105));
#3519 = CARTESIAN_POINT('',(4.648336093096,21.751790529563));
#3520 = CARTESIAN_POINT('',(4.714566812859,21.755090244797));
#3521 = CARTESIAN_POINT('',(4.780785660548,21.751416694183));
#3522 = CARTESIAN_POINT('',(4.846437386029,21.74115899784));
#3523 = CARTESIAN_POINT('',(4.953934271852,21.714701027307));
#3524 = CARTESIAN_POINT('',(4.996447456119,21.701599295441));
#3525 = CARTESIAN_POINT('',(5.038372286685,21.68625264894));
#3526 = CARTESIAN_POINT('',(5.079673506622,21.668962181842));
#3527 = CARTESIAN_POINT('',(5.120303694875,21.650060636561));
#3528 = CARTESIAN_POINT('',(5.192559981531,21.613543262379));
#3529 = CARTESIAN_POINT('',(5.224468053324,21.596343262464));
#3530 = CARTESIAN_POINT('',(5.255945367435,21.578452502549));
#3531 = CARTESIAN_POINT('',(5.287011013233,21.560019281014));
#3532 = CARTESIAN_POINT('',(5.317682305079,21.541184253736));
#3533 = CARTESIAN_POINT('',(5.388819192347,21.496320375534));
#3534 = CARTESIAN_POINT('',(5.428985675214,21.470064386604));
#3535 = CARTESIAN_POINT('',(5.46854518419,21.443614392004));
#3536 = CARTESIAN_POINT('',(5.507560165779,21.417243648685));
#3537 = CARTESIAN_POINT('',(5.546091340528,21.391197010962));
#3538 = CARTESIAN_POINT('',(5.632996053724,21.33304080041));
#3539 = CARTESIAN_POINT('',(5.681110943018,21.301271622619));
#3540 = CARTESIAN_POINT('',(5.728660358492,21.270858934242));
#3541 = CARTESIAN_POINT('',(5.775742723559,21.242222686927));
#3542 = CARTESIAN_POINT('',(5.822453729893,21.215730632753));
#3543 = CARTESIAN_POINT('',(5.938854019932,21.155503603232));
#3544 = CARTESIAN_POINT('',(6.008250339001,21.124868122958));
#3545 = CARTESIAN_POINT('',(6.07722393243,21.101004506534));
#3546 = CARTESIAN_POINT('',(6.1459286782,21.084785807992));
#3547 = CARTESIAN_POINT('',(6.214524541143,21.076662289339));
#3548 = CARTESIAN_POINT('',(6.28318530718,21.076662289339));
#3549 = ( GEOMETRIC_REPRESENTATION_CONTEXT(2) 
PARAMETRIC_REPRESENTATION_CONTEXT() REPRESENTATION_CONTEXT('2D SPACE',''
  ) );
#3550 = ADVANCED_FACE('',(#3551),#2830,.F.);
#3551 = FACE_BOUND('',#3552,.T.);
#3552 = EDGE_LOOP('',(#3553));
#3553 = ORIENTED_EDGE('',*,*,#2815,.F.);
#3554 = ADVANCED_FACE('',(#3555),#2802,.T.);
#3555 = FACE_BOUND('',#3556,.T.);
#3556 = EDGE_LOOP('',(#3557));
#3557 = ORIENTED_EDGE('',*,*,#2787,.T.);
#3558 = ADVANCED_FACE('',(#3559),#3078,.F.);
#3559 = FACE_BOUND('',#3560,.F.);
#3560 = EDGE_LOOP('',(#3561,#3562,#3583,#3584));
#3561 = ORIENTED_EDGE('',*,*,#3201,.F.);
#3562 = ORIENTED_EDGE('',*,*,#3563,.F.);
#3563 = EDGE_CURVE('',#2845,#3202,#3564,.T.);
#3564 = SEAM_CURVE('',#3565,(#3569,#3576),.PCURVE_S1.);
#3565 = LINE('',#3566,#3567);
#3566 = CARTESIAN_POINT('',(2.7,16.,2.085E+03));
#3567 = VECTOR('',#3568,1.);
#3568 = DIRECTION('',(0.,-1.,2.22044604925E-16));
#3569 = PCURVE('',#3078,#3570);
#3570 = DEFINITIONAL_REPRESENTATION('',(#3571),#3575);
#3571 = LINE('',#3572,#3573);
#3572 = CARTESIAN_POINT('',(6.28318530718,-0.));
#3573 = VECTOR('',#3574,1.);
#3574 = DIRECTION('',(0.,1.));
#3575 = ( GEOMETRIC_REPRESENTATION_CONTEXT(2) 
PARAMETRIC_REPRESENTATION_CONTEXT() REPRESENTATION_CONTEXT('2D SPACE',''
  ) );
#3576 = PCURVE('',#3078,#3577);
#3577 = DEFINITIONAL_REPRESENTATION('',(#3578),#3582);
#3578 = LINE('',#3579,#3580);
#3579 = CARTESIAN_POINT('',(0.,-0.));
#3580 = VECTOR('',#3581,1.);
#3581 = DIRECTION('',(0.,1.));
#3582 = ( GEOMETRIC_REPRESENTATION_CONTEXT(2) 
PARAMETRIC_REPRESENTATION_CONTEXT() REPRESENTATION_CONTEXT('2D SPACE',''
  ) );
#3583 = ORIENTED_EDGE('',*,*,#2844,.T.);
#3584 = ORIENTED_EDGE('',*,*,#3563,.T.);
#3585 = MANIFOLD_SOLID_BREP('',#3586);
#3586 = CLOSED_SHELL('',(#3587,#4334,#4411,#4439,#4469,#4845,#5221));
#3587 = ADVANCED_FACE('',(#3588,#3704,#4019),#3603,.T.);
#3588 = FACE_BOUND('',#3589,.T.);
#3589 = EDGE_LOOP('',(#3590,#3626,#3649,#3676,#3677));
#3590 = ORIENTED_EDGE('',*,*,#3591,.F.);
#3591 = EDGE_CURVE('',#3592,#3594,#3596,.T.);
#3592 = VERTEX_POINT('',#3593);
#3593 = CARTESIAN_POINT('',(8.,-1.959434878636E-15,3.055E+03));
#3594 = VERTEX_POINT('',#3595);
#3595 = CARTESIAN_POINT('',(-8.,3.363505082609E-13,3.055E+03));
#3596 = SURFACE_CURVE('',#3597,(#3602,#3614),.PCURVE_S1.);
#3597 = CIRCLE('',#3598,8.);
#3598 = AXIS2_PLACEMENT_3D('',#3599,#3600,#3601);
#3599 = CARTESIAN_POINT('',(0.,0.,3.055E+03));
#3600 = DIRECTION('',(0.,0.,1.));
#3601 = DIRECTION('',(1.,0.,-0.));
#3602 = PCURVE('',#3603,#3608);
#3603 = CYLINDRICAL_SURFACE('',#3604,8.);
#3604 = AXIS2_PLACEMENT_3D('',#3605,#3606,#3607);
#3605 = CARTESIAN_POINT('',(0.,0.,2.055E+03));
#3606 = DIRECTION('',(0.,0.,1.));
#3607 = DIRECTION('',(1.,0.,-0.));
#3608 = DEFINITIONAL_REPRESENTATION('',(#3609),#3613);
#3609 = LINE('',#3610,#3611);
#3610 = CARTESIAN_POINT('',(0.,1.E+03));
#3611 = VECTOR('',#3612,1.);
#3612 = DIRECTION('',(1.,0.));
#3613 = ( GEOMETRIC_REPRESENTATION_CONTEXT(2) 
PARAMETRIC_REPRESENTATION_CONTEXT() REPRESENTATION_CONTEXT('2D SPACE',''
  ) );
#3614 = PCURVE('',#3615,#3620);
#3615 = PLANE('',#3616);
#3616 = AXIS2_PLACEMENT_3D('',#3617,#3618,#3619);
#3617 = CARTESIAN_POINT('',(0.,0.,3.055E+03));
#3618 = DIRECTION('',(0.,0.,1.));
#3619 = DIRECTION('',(1.,0.,-0.));
#3620 = DEFINITIONAL_REPRESENTATION('',(#3621),#3625);
#3621 = CIRCLE('',#3622,8.);
#3622 = AXIS2_PLACEMENT_2D('',#3623,#3624);
#3623 = CARTESIAN_POINT('',(0.,0.));
#3624 = DIRECTION('',(1.,0.));
#3625 = ( GEOMETRIC_REPRESENTATION_CONTEXT(2) 
PARAMETRIC_REPRESENTATION_CONTEXT() REPRESENTATION_CONTEXT('2D SPACE',''
  ) );
#3626 = ORIENTED_EDGE('',*,*,#3627,.F.);
#3627 = EDGE_CURVE('',#3628,#3592,#3630,.T.);
#3628 = VERTEX_POINT('',#3629);
#3629 = CARTESIAN_POINT('',(8.,-1.959434878636E-15,2.055E+03));
#3630 = SEAM_CURVE('',#3631,(#3635,#3642),.PCURVE_S1.);
#3631 = LINE('',#3632,#3633);
#3632 = CARTESIAN_POINT('',(8.,-1.959434878636E-15,2.055E+03));
#3633 = VECTOR('',#3634,1.);
#3634 = DIRECTION('',(0.,0.,1.));
#3635 = PCURVE('',#3603,#3636);
#3636 = DEFINITIONAL_REPRESENTATION('',(#3637),#3641);
#3637 = LINE('',#3638,#3639);
#3638 = CARTESIAN_POINT('',(6.28318530718,-0.));
#3639 = VECTOR('',#3640,1.);
#3640 = DIRECTION('',(0.,1.));
#3641 = ( GEOMETRIC_REPRESENTATION_CONTEXT(2) 
PARAMETRIC_REPRESENTATION_CONTEXT() REPRESENTATION_CONTEXT('2D SPACE',''
  ) );
#3642 = PCURVE('',#3603,#3643);
#3643 = DEFINITIONAL_REPRESENTATION('',(#3644),#3648);
#3644 = LINE('',#3645,#3646);
#3645 = CARTESIAN_POINT('',(0.,-0.));
#3646 = VECTOR('',#3647,1.);
#3647 = DIRECTION('',(0.,1.));
#3648 = ( GEOMETRIC_REPRESENTATION_CONTEXT(2) 
PARAMETRIC_REPRESENTATION_CONTEXT() REPRESENTATION_CONTEXT('2D SPACE',''
  ) );
#3649 = ORIENTED_EDGE('',*,*,#3650,.T.);
#3650 = EDGE_CURVE('',#3628,#3628,#3651,.T.);
#3651 = SURFACE_CURVE('',#3652,(#3657,#3664),.PCURVE_S1.);
#3652 = CIRCLE('',#3653,8.);
#3653 = AXIS2_PLACEMENT_3D('',#3654,#3655,#3656);
#3654 = CARTESIAN_POINT('',(0.,0.,2.055E+03));
#3655 = DIRECTION('',(0.,0.,1.));
#3656 = DIRECTION('',(1.,0.,-0.));
#3657 = PCURVE('',#3603,#3658);
#3658 = DEFINITIONAL_REPRESENTATION('',(#3659),#3663);
#3659 = LINE('',#3660,#3661);
#3660 = CARTESIAN_POINT('',(0.,0.));
#3661 = VECTOR('',#3662,1.);
#3662 = DIRECTION('',(1.,0.));
#3663 = ( GEOMETRIC_REPRESENTATION_CONTEXT(2) 
PARAMETRIC_REPRESENTATION_CONTEXT() REPRESENTATION_CONTEXT('2D SPACE',''
  ) );
#3664 = PCURVE('',#3665,#3670);
#3665 = PLANE('',#3666);
#3666 = AXIS2_PLACEMENT_3D('',#3667,#3668,#3669);
#3667 = CARTESIAN_POINT('',(0.,0.,2.055E+03));
#3668 = DIRECTION('',(0.,0.,1.));
#3669 = DIRECTION('',(1.,0.,-0.));
#3670 = DEFINITIONAL_REPRESENTATION('',(#3671),#3675);
#3671 = CIRCLE('',#3672,8.);
#3672 = AXIS2_PLACEMENT_2D('',#3673,#3674);
#3673 = CARTESIAN_POINT('',(0.,0.));
#3674 = DIRECTION('',(1.,0.));
#3675 = ( GEOMETRIC_REPRESENTATION_CONTEXT(2) 
PARAMETRIC_REPRESENTATION_CONTEXT() REPRESENTATION_CONTEXT('2D SPACE',''
  ) );
#3676 = ORIENTED_EDGE('',*,*,#3627,.T.);
#3677 = ORIENTED_EDGE('',*,*,#3678,.F.);
#3678 = EDGE_CURVE('',#3594,#3592,#3679,.T.);
#3679 = SURFACE_CURVE('',#3680,(#3685,#3692),.PCURVE_S1.);
#3680 = CIRCLE('',#3681,8.);
#3681 = AXIS2_PLACEMENT_3D('',#3682,#3683,#3684);
#3682 = CARTESIAN_POINT('',(0.,0.,3.055E+03));
#3683 = DIRECTION('',(0.,0.,1.));
#3684 = DIRECTION('',(1.,0.,-0.));
#3685 = PCURVE('',#3603,#3686);
#3686 = DEFINITIONAL_REPRESENTATION('',(#3687),#3691);
#3687 = LINE('',#3688,#3689);
#3688 = CARTESIAN_POINT('',(0.,1.E+03));
#3689 = VECTOR('',#3690,1.);
#3690 = DIRECTION('',(1.,0.));
#3691 = ( GEOMETRIC_REPRESENTATION_CONTEXT(2) 
PARAMETRIC_REPRESENTATION_CONTEXT() REPRESENTATION_CONTEXT('2D SPACE',''
  ) );
#3692 = PCURVE('',#3693,#3698);
#3693 = PLANE('',#3694);
#3694 = AXIS2_PLACEMENT_3D('',#3695,#3696,#3697);
#3695 = CARTESIAN_POINT('',(0.,0.,3.055E+03));
#3696 = DIRECTION('',(0.,0.,1.));
#3697 = DIRECTION('',(1.,0.,-0.));
#3698 = DEFINITIONAL_REPRESENTATION('',(#3699),#3703);
#3699 = CIRCLE('',#3700,8.);
#3700 = AXIS2_PLACEMENT_2D('',#3701,#3702);
#3701 = CARTESIAN_POINT('',(0.,0.));
#3702 = DIRECTION('',(1.,0.));
#3703 = ( GEOMETRIC_REPRESENTATION_CONTEXT(2) 
PARAMETRIC_REPRESENTATION_CONTEXT() REPRESENTATION_CONTEXT('2D SPACE',''
  ) );
#3704 = FACE_BOUND('',#3705,.T.);
#3705 = EDGE_LOOP('',(#3706));
#3706 = ORIENTED_EDGE('',*,*,#3707,.T.);
#3707 = EDGE_CURVE('',#3708,#3708,#3710,.T.);
#3708 = VERTEX_POINT('',#3709);
#3709 = CARTESIAN_POINT('',(2.7,7.530604225426,2.085E+03));
#3710 = SURFACE_CURVE('',#3711,(#3810,#3912),.PCURVE_S1.);
#3711 = B_SPLINE_CURVE_WITH_KNOTS('',7,(#3712,#3713,#3714,#3715,#3716,
    #3717,#3718,#3719,#3720,#3721,#3722,#3723,#3724,#3725,#3726,#3727,
    #3728,#3729,#3730,#3731,#3732,#3733,#3734,#3735,#3736,#3737,#3738,
    #3739,#3740,#3741,#3742,#3743,#3744,#3745,#3746,#3747,#3748,#3749,
    #3750,#3751,#3752,#3753,#3754,#3755,#3756,#3757,#3758,#3759,#3760,
    #3761,#3762,#3763,#3764,#3765,#3766,#3767,#3768,#3769,#3770,#3771,
    #3772,#3773,#3774,#3775,#3776,#3777,#3778,#3779,#3780,#3781,#3782,
    #3783,#3784,#3785,#3786,#3787,#3788,#3789,#3790,#3791,#3792,#3793,
    #3794,#3795,#3796,#3797,#3798,#3799,#3800,#3801,#3802,#3803,#3804,
    #3805,#3806,#3807,#3808,#3809),.UNSPECIFIED.,.T.,.F.,(8,6,6,6,6,6,6,
    6,6,6,6,6,6,6,6,6,8),(0.,0.117620550602,0.180839916683,
    0.222120566081,0.278776848191,0.319669817578,0.35462043738,
    0.408492260464,0.499910885678,0.572009648712,0.617874881221,
    0.681033542115,0.722274552559,0.778876431559,0.819730134254,
    0.854647193391,1.),.UNSPECIFIED.);
#3712 = CARTESIAN_POINT('',(2.7,7.530604225426,2.085E+03));
#3713 = CARTESIAN_POINT('',(2.7,7.530604225426,2.085250930884E+03));
#3714 = CARTESIAN_POINT('',(2.672792662466,7.540359091837,
    2.085501484288E+03));
#3715 = CARTESIAN_POINT('',(2.618522940663,7.559816629528,
    2.085749669546E+03));
#3716 = CARTESIAN_POINT('',(2.536914243097,7.588377964338,
    2.085993408484E+03));
#3717 = CARTESIAN_POINT('',(2.42736369245,7.624879847444,
    2.086230318493E+03));
#3718 = CARTESIAN_POINT('',(2.289028057618,7.667511158458,
    2.086457430806E+03));
#3719 = CARTESIAN_POINT('',(2.030649760117,7.738555235745,
    2.086785432276E+03));
#3720 = CARTESIAN_POINT('',(1.931619225797,7.764457597037,
    2.08689626946E+03));
#3721 = CARTESIAN_POINT('',(1.823703309533,7.791033084489,
    2.087002635547E+03));
#3722 = CARTESIAN_POINT('',(1.706727691163,7.817818954065,
    2.087103776975E+03));
#3723 = CARTESIAN_POINT('',(1.580548893922,7.844272089946,
    2.087198810938E+03));
#3724 = CARTESIAN_POINT('',(1.445082725143,7.869768478124,
    2.087286703839E+03));
#3725 = CARTESIAN_POINT('',(1.205821123497,7.909182702545,
    2.087418186579E+03));
#3726 = CARTESIAN_POINT('',(1.107269158996,7.924061303922,
    2.087466609619E+03));
#3727 = CARTESIAN_POINT('',(1.004896101197,7.93801593895,
    2.087511045523E+03));
#3728 = CARTESIAN_POINT('',(0.898951281281,7.950816164086,
    2.087551059602E+03));
#3729 = CARTESIAN_POINT('',(0.789717242624,7.962241815811,
    2.087586250998E+03));
#3730 = CARTESIAN_POINT('',(0.677508963557,7.972090970679,
    2.087616250677E+03));
#3731 = CARTESIAN_POINT('',(0.40506475022,7.991300671816,
    2.087674301912E+03));
#3732 = CARTESIAN_POINT('',(0.242637897007,7.999103576936,
    2.087697438439E+03));
#3733 = CARTESIAN_POINT('',(7.72692516907E-02,8.003083998913,
    2.087709079014E+03));
#3734 = CARTESIAN_POINT('',(-8.905809987824E-02,8.002959091411,
    2.08770871362E+03));
#3735 = CARTESIAN_POINT('',(-0.254326422881,7.998734652859,
    2.087696352678E+03));
#3736 = CARTESIAN_POINT('',(-0.416555015269,7.990704507099,
    2.087672527163E+03));
#3737 = CARTESIAN_POINT('',(-0.687418905787,7.971224176088,
    2.087613610181E+03));
#3738 = CARTESIAN_POINT('',(-0.798355593651,7.961350877318,
    2.08758350858E+03));
#3739 = CARTESIAN_POINT('',(-0.906349745694,7.949943016083,
    2.087548335856E+03));
#3740 = CARTESIAN_POINT('',(-1.011099688147,7.937197672781,
    2.087508452141E+03));
#3741 = CARTESIAN_POINT('',(-1.112334957461,7.923328947239,
    2.087464247316E+03));
#3742 = CARTESIAN_POINT('',(-1.20981700083,7.908560414759,
    2.087416142925E+03));
#3743 = CARTESIAN_POINT('',(-1.383272503923,7.879918820147,
    2.087320536041E+03));
#3744 = CARTESIAN_POINT('',(-1.460395115493,7.866213915433,
    2.087273916833E+03));
#3745 = CARTESIAN_POINT('',(-1.534695506205,7.85212090014,
    2.087224941386E+03));
#3746 = CARTESIAN_POINT('',(-1.606169570296,7.837752092423,
    2.087173802026E+03));
#3747 = CARTESIAN_POINT('',(-1.674820920258,7.823213379604,
    2.087120678732E+03));
#3748 = CARTESIAN_POINT('',(-1.740660505648,7.808603501312,
    2.087065739396E+03));
#3749 = CARTESIAN_POINT('',(-1.900882998125,7.771524490046,
    2.086921899595E+03));
#3750 = CARTESIAN_POINT('',(-1.991455070944,7.749074758459,
    2.086830685454E+03));
#3751 = CARTESIAN_POINT('',(-2.075536882001,7.726984420331,
    2.086736011808E+03));
#3752 = CARTESIAN_POINT('',(-2.153252326224,7.705531789638,
    2.086638316165E+03));
#3753 = CARTESIAN_POINT('',(-2.224725901486,7.684957512312,
    2.08653796983E+03));
#3754 = CARTESIAN_POINT('',(-2.290073848289,7.66546886669,
    2.086435288339E+03));
#3755 = CARTESIAN_POINT('',(-2.450061728497,7.616317202511,
    2.086152790833E+03));
#3756 = CARTESIAN_POINT('',(-2.53341821364,7.589016392153,
    2.085969015611E+03));
#3757 = CARTESIAN_POINT('',(-2.599812334304,7.566253486374,
    2.085780719603E+03));
#3758 = CARTESIAN_POINT('',(-2.649524953015,7.548696970073,
    2.085589167446E+03));
#3759 = CARTESIAN_POINT('',(-2.682752227149,7.536788168292,
    2.085395462569E+03));
#3760 = CARTESIAN_POINT('',(-2.69958621871,7.530752580951,
    2.085200621963E+03));
#3761 = CARTESIAN_POINT('',(-2.700315768035,7.530491011194,
    2.084851879066E+03));
#3762 = CARTESIAN_POINT('',(-2.69042037446,7.534038910482,
    2.084698129824E+03));
#3763 = CARTESIAN_POINT('',(-2.670316773335,7.541248689437,
    2.084544910272E+03));
#3764 = CARTESIAN_POINT('',(-2.639973255067,7.552035552556,
    2.08439273421E+03));
#3765 = CARTESIAN_POINT('',(-2.599321743698,7.566229198849,
    2.084242140173E+03));
#3766 = CARTESIAN_POINT('',(-2.548262002064,7.583571759813,
    2.084093712148E+03));
#3767 = CARTESIAN_POINT('',(-2.447481774493,7.616530218229,
    2.083855470094E+03));
#3768 = CARTESIAN_POINT('',(-2.404032779171,7.63047872136,
    2.083763976507E+03));
#3769 = CARTESIAN_POINT('',(-2.35627286949,7.645475855605,
    2.083673760034E+03));
#3770 = CARTESIAN_POINT('',(-2.304149442466,7.661421804324,
    2.083584982567E+03));
#3771 = CARTESIAN_POINT('',(-2.247603410113,7.678201426781,
    2.083497827814E+03));
#3772 = CARTESIAN_POINT('',(-2.186569335922,7.695683359503,
    2.083412501725E+03));
#3773 = CARTESIAN_POINT('',(-2.030649760117,7.738555235745,
    2.083214567724E+03));
#3774 = CARTESIAN_POINT('',(-1.931619225796,7.764457597037,
    2.08310373054E+03));
#3775 = CARTESIAN_POINT('',(-1.823703309532,7.791033084489,
    2.082997364453E+03));
#3776 = CARTESIAN_POINT('',(-1.706727691164,7.817818954065,
    2.082896223025E+03));
#3777 = CARTESIAN_POINT('',(-1.580548893923,7.844272089946,
    2.082801189062E+03));
#3778 = CARTESIAN_POINT('',(-1.445082725141,7.869768478125,
    2.082713296161E+03));
#3779 = CARTESIAN_POINT('',(-1.205821123497,7.909182702545,
    2.082581813421E+03));
#3780 = CARTESIAN_POINT('',(-1.107269158995,7.924061303922,
    2.082533390381E+03));
#3781 = CARTESIAN_POINT('',(-1.004896101196,7.938015938951,
    2.082488954477E+03));
#3782 = CARTESIAN_POINT('',(-0.89895128128,7.950816164086,
    2.082448940398E+03));
#3783 = CARTESIAN_POINT('',(-0.789717242624,7.962241815811,
    2.082413749002E+03));
#3784 = CARTESIAN_POINT('',(-0.677508963558,7.972090970679,
    2.082383749323E+03));
#3785 = CARTESIAN_POINT('',(-0.405064750219,7.991300671816,
    2.082325698088E+03));
#3786 = CARTESIAN_POINT('',(-0.242637897006,7.999103576936,
    2.082302561561E+03));
#3787 = CARTESIAN_POINT('',(-7.72692516905E-02,8.003083998913,
    2.082290920986E+03));
#3788 = CARTESIAN_POINT('',(8.905809987833E-02,8.002959091411,
    2.08229128638E+03));
#3789 = CARTESIAN_POINT('',(0.254326422882,7.998734652859,
    2.082303647322E+03));
#3790 = CARTESIAN_POINT('',(0.41655501527,7.990704507099,
    2.082327472837E+03));
#3791 = CARTESIAN_POINT('',(0.687418905786,7.971224176088,
    2.082386389819E+03));
#3792 = CARTESIAN_POINT('',(0.798355593652,7.961350877318,
    2.08241649142E+03));
#3793 = CARTESIAN_POINT('',(0.906349745695,7.949943016083,
    2.082451664144E+03));
#3794 = CARTESIAN_POINT('',(1.011099688148,7.93719767278,
    2.082491547859E+03));
#3795 = CARTESIAN_POINT('',(1.112334957461,7.923328947239,
    2.082535752684E+03));
#3796 = CARTESIAN_POINT('',(1.20981700083,7.908560414759,
    2.082583857075E+03));
#3797 = CARTESIAN_POINT('',(1.383272503923,7.879918820147,
    2.082679463959E+03));
#3798 = CARTESIAN_POINT('',(1.460395115493,7.866213915433,
    2.082726083167E+03));
#3799 = CARTESIAN_POINT('',(1.534695506206,7.85212090014,
    2.082775058614E+03));
#3800 = CARTESIAN_POINT('',(1.606169570297,7.837752092423,
    2.082826197974E+03));
#3801 = CARTESIAN_POINT('',(1.674820920258,7.823213379604,
    2.082879321268E+03));
#3802 = CARTESIAN_POINT('',(1.740660505648,7.808603501312,
    2.082934260604E+03));
#3803 = CARTESIAN_POINT('',(2.066153112592,7.733277347952,
    2.083226471711E+03));
#3804 = CARTESIAN_POINT('',(2.280947872677,7.672706361872,
    2.083491535026E+03));
#3805 = CARTESIAN_POINT('',(2.449855052935,7.618639382449,
    2.08377599921E+03));
#3806 = CARTESIAN_POINT('',(2.575074656369,7.575395155589,
    2.0840733868E+03));
#3807 = CARTESIAN_POINT('',(2.658189208117,7.545594771424,
    2.084378913325E+03));
#3808 = CARTESIAN_POINT('',(2.7,7.530604225426,2.08468893485E+03));
#3809 = CARTESIAN_POINT('',(2.7,7.530604225426,2.085E+03));
#3810 = PCURVE('',#3603,#3811);
#3811 = DEFINITIONAL_REPRESENTATION('',(#3812),#3911);
#3812 = B_SPLINE_CURVE_WITH_KNOTS('',7,(#3813,#3814,#3815,#3816,#3817,
    #3818,#3819,#3820,#3821,#3822,#3823,#3824,#3825,#3826,#3827,#3828,
    #3829,#3830,#3831,#3832,#3833,#3834,#3835,#3836,#3837,#3838,#3839,
    #3840,#3841,#3842,#3843,#3844,#3845,#3846,#3847,#3848,#3849,#3850,
    #3851,#3852,#3853,#3854,#3855,#3856,#3857,#3858,#3859,#3860,#3861,
    #3862,#3863,#3864,#3865,#3866,#3867,#3868,#3869,#3870,#3871,#3872,
    #3873,#3874,#3875,#3876,#3877,#3878,#3879,#3880,#3881,#3882,#3883,
    #3884,#3885,#3886,#3887,#3888,#3889,#3890,#3891,#3892,#3893,#3894,
    #3895,#3896,#3897,#3898,#3899,#3900,#3901,#3902,#3903,#3904,#3905,
    #3906,#3907,#3908,#3909,#3910),.UNSPECIFIED.,.T.,.F.,(8,6,6,6,6,6,6,
    6,6,6,6,6,6,6,6,6,8),(0.,0.117620550602,0.180839916683,
    0.222120566081,0.278776848191,0.319669817578,0.35462043738,
    0.408492260464,0.499910885678,0.572009648712,0.617874881221,
    0.681033542115,0.722274552559,0.778876431559,0.819730134254,
    0.854647193391,1.),.UNSPECIFIED.);
#3813 = CARTESIAN_POINT('',(1.226536527446,30.));
#3814 = CARTESIAN_POINT('',(1.226536527446,30.250930883865));
#3815 = CARTESIAN_POINT('',(1.230149429228,30.501484287678));
#3816 = CARTESIAN_POINT('',(1.23735598864,30.749669546366));
#3817 = CARTESIAN_POINT('',(1.248163432453,30.993408484332));
#3818 = CARTESIAN_POINT('',(1.262593779366,31.230318493203));
#3819 = CARTESIAN_POINT('',(1.280679752733,31.457430805955));
#3820 = CARTESIAN_POINT('',(1.314175695943,31.785432275874));
#3821 = CARTESIAN_POINT('',(1.326969943059,31.896269459616));
#3822 = CARTESIAN_POINT('',(1.340860059746,32.002635547028));
#3823 = CARTESIAN_POINT('',(1.35585649686,32.103776974795));
#3824 = CARTESIAN_POINT('',(1.371966648692,32.1988109382));
#3825 = CARTESIAN_POINT('',(1.389192761587,32.286703839167));
#3826 = CARTESIAN_POINT('',(1.41950354636,32.418186578685));
#3827 = CARTESIAN_POINT('',(1.431961032272,32.466609618605));
#3828 = CARTESIAN_POINT('',(1.444873795945,32.51104552337));
#3829 = CARTESIAN_POINT('',(1.458210288976,32.551059602131));
#3830 = CARTESIAN_POINT('',(1.471936074444,32.586250998317));
#3831 = CARTESIAN_POINT('',(1.486013950359,32.616250676705));
#3832 = CARTESIAN_POINT('',(1.520154025325,32.674301912315));
#3833 = CARTESIAN_POINT('',(1.540475728863,32.697438438615));
#3834 = CARTESIAN_POINT('',(1.561143100107,32.709079013894));
#3835 = CARTESIAN_POINT('',(1.581922591797,32.70871362043));
#3836 = CARTESIAN_POINT('',(1.602578213088,32.696352677558));
#3837 = CARTESIAN_POINT('',(1.622876576811,32.672527162833));
#3838 = CARTESIAN_POINT('',(1.656822013379,32.613610181165));
#3839 = CARTESIAN_POINT('',(1.670741892634,32.583508579515));
#3840 = CARTESIAN_POINT('',(1.684313407739,32.548335856185));
#3841 = CARTESIAN_POINT('',(1.697500898557,32.508452141082));
#3842 = CARTESIAN_POINT('',(1.710271366486,32.464247316465));
#3843 = CARTESIAN_POINT('',(1.722594592201,32.416142925455));
#3844 = CARTESIAN_POINT('',(1.744570129914,32.320536040588));
#3845 = CARTESIAN_POINT('',(1.754360754691,32.273916833245));
#3846 = CARTESIAN_POINT('',(1.763812915403,32.224941386163));
#3847 = CARTESIAN_POINT('',(1.772925006994,32.173802025624));
#3848 = CARTESIAN_POINT('',(1.78169607616,32.120678732089));
#3849 = CARTESIAN_POINT('',(1.790125865846,32.065739395742));
#3850 = CARTESIAN_POINT('',(1.810682989069,31.921899594728));
#3851 = CARTESIAN_POINT('',(1.822345699496,31.830685454272));
#3852 = CARTESIAN_POINT('',(1.833211017921,31.736011807876));
#3853 = CARTESIAN_POINT('',(1.84328757224,31.638316165157));
#3854 = CARTESIAN_POINT('',(1.852583870815,31.537969829501));
#3855 = CARTESIAN_POINT('',(1.861107581927,31.435288339415));
#3856 = CARTESIAN_POINT('',(1.882028567169,31.152790832697));
#3857 = CARTESIAN_POINT('',(1.892990878376,30.969015611035));
#3858 = CARTESIAN_POINT('',(1.90176351984,30.780719603026));
#3859 = CARTESIAN_POINT('',(1.908353660747,30.589167446252));
#3860 = CARTESIAN_POINT('',(1.912765768372,30.39546256854));
#3861 = CARTESIAN_POINT('',(1.915001179534,30.200621962884));
#3862 = CARTESIAN_POINT('',(1.915098057433,29.851879066381));
#3863 = CARTESIAN_POINT('',(1.913784074,29.698129824026));
#3864 = CARTESIAN_POINT('',(1.911114330214,29.544910272295));
#3865 = CARTESIAN_POINT('',(1.907088868099,29.392734209726));
#3866 = CARTESIAN_POINT('',(1.901706868522,29.242140172683));
#3867 = CARTESIAN_POINT('',(1.894966686902,29.093712147508));
#3868 = CARTESIAN_POINT('',(1.881712610731,28.85547009381));
#3869 = CARTESIAN_POINT('',(1.876008566467,28.763976507443));
#3870 = CARTESIAN_POINT('',(1.869751372974,28.673760033852));
#3871 = CARTESIAN_POINT('',(1.862938237493,28.58498256686));
#3872 = CARTESIAN_POINT('',(1.855565843929,28.497827813651));
#3873 = CARTESIAN_POINT('',(1.847630239129,28.412501724574));
#3874 = CARTESIAN_POINT('',(1.827416957647,28.214567724126));
#3875 = CARTESIAN_POINT('',(1.814622710531,28.103730540383));
#3876 = CARTESIAN_POINT('',(1.800732593844,27.997364452971));
#3877 = CARTESIAN_POINT('',(1.78573615673,27.896223025206));
#3878 = CARTESIAN_POINT('',(1.769626004898,27.8011890618));
#3879 = CARTESIAN_POINT('',(1.752399892003,27.713296160832));
#3880 = CARTESIAN_POINT('',(1.72208910723,27.581813421315));
#3881 = CARTESIAN_POINT('',(1.709631621317,27.533390381395));
#3882 = CARTESIAN_POINT('',(1.696718857645,27.488954476629));
#3883 = CARTESIAN_POINT('',(1.683382364614,27.448940397869));
#3884 = CARTESIAN_POINT('',(1.669656579146,27.413749001683));
#3885 = CARTESIAN_POINT('',(1.655578703231,27.383749323295));
#3886 = CARTESIAN_POINT('',(1.621438628264,27.325698087685));
#3887 = CARTESIAN_POINT('',(1.601116924727,27.302561561385));
#3888 = CARTESIAN_POINT('',(1.580449553483,27.290920986106));
#3889 = CARTESIAN_POINT('',(1.559670061793,27.29128637957));
#3890 = CARTESIAN_POINT('',(1.539014440502,27.303647322442));
#3891 = CARTESIAN_POINT('',(1.518716076779,27.327472837167));
#3892 = CARTESIAN_POINT('',(1.484770640211,27.386389818835));
#3893 = CARTESIAN_POINT('',(1.470850760956,27.416491420485));
#3894 = CARTESIAN_POINT('',(1.45727924585,27.451664143816));
#3895 = CARTESIAN_POINT('',(1.444091755033,27.491547858918));
#3896 = CARTESIAN_POINT('',(1.431321287103,27.535752683535));
#3897 = CARTESIAN_POINT('',(1.418998061388,27.583857074545));
#3898 = CARTESIAN_POINT('',(1.397022523676,27.679463959412));
#3899 = CARTESIAN_POINT('',(1.387231898898,27.726083166755));
#3900 = CARTESIAN_POINT('',(1.377779738186,27.775058613837));
#3901 = CARTESIAN_POINT('',(1.368667646596,27.826197974376));
#3902 = CARTESIAN_POINT('',(1.359896577429,27.879321267911));
#3903 = CARTESIAN_POINT('',(1.351466787744,27.934260604258));
#3904 = CARTESIAN_POINT('',(1.309704913206,28.226471710767));
#3905 = CARTESIAN_POINT('',(1.281839830195,28.49153502571));
#3906 = CARTESIAN_POINT('',(1.259683917288,28.775999209716));
#3907 = CARTESIAN_POINT('',(1.243125585258,29.073386799787));
#3908 = CARTESIAN_POINT('',(1.23208863554,29.378913324574));
#3909 = CARTESIAN_POINT('',(1.226536527446,29.688934850494));
#3910 = CARTESIAN_POINT('',(1.226536527446,30.));
#3911 = ( GEOMETRIC_REPRESENTATION_CONTEXT(2) 
PARAMETRIC_REPRESENTATION_CONTEXT() REPRESENTATION_CONTEXT('2D SPACE',''
  ) );
#3912 = PCURVE('',#3913,#3918);
#3913 = CYLINDRICAL_SURFACE('',#3914,2.7);
#3914 = AXIS2_PLACEMENT_3D('',#3915,#3916,#3917);
#3915 = CARTESIAN_POINT('',(0.,16.,2.085E+03));
#3916 = DIRECTION('',(0.,-1.,2.22044604925E-16));
#3917 = DIRECTION('',(1.,0.,0.));
#3918 = DEFINITIONAL_REPRESENTATION('',(#3919),#4018);
#3919 = B_SPLINE_CURVE_WITH_KNOTS('',7,(#3920,#3921,#3922,#3923,#3924,
    #3925,#3926,#3927,#3928,#3929,#3930,#3931,#3932,#3933,#3934,#3935,
    #3936,#3937,#3938,#3939,#3940,#3941,#3942,#3943,#3944,#3945,#3946,
    #3947,#3948,#3949,#3950,#3951,#3952,#3953,#3954,#3955,#3956,#3957,
    #3958,#3959,#3960,#3961,#3962,#3963,#3964,#3965,#3966,#3967,#3968,
    #3969,#3970,#3971,#3972,#3973,#3974,#3975,#3976,#3977,#3978,#3979,
    #3980,#3981,#3982,#3983,#3984,#3985,#3986,#3987,#3988,#3989,#3990,
    #3991,#3992,#3993,#3994,#3995,#3996,#3997,#3998,#3999,#4000,#4001,
    #4002,#4003,#4004,#4005,#4006,#4007,#4008,#4009,#4010,#4011,#4012,
    #4013,#4014,#4015,#4016,#4017),.UNSPECIFIED.,.F.,.F.,(8,6,6,6,6,6,6,
    6,6,6,6,6,6,6,6,6,8),(0.,0.117620550602,0.180839916683,
    0.222120566081,0.278776848191,0.319669817578,0.35462043738,
    0.408492260464,0.499910885678,0.572009648712,0.617874881221,
    0.681033542115,0.722274552559,0.778876431559,0.819730134254,
    0.854647193391,1.),.UNSPECIFIED.);
#3920 = CARTESIAN_POINT('',(0.,8.469395774574));
#3921 = CARTESIAN_POINT('',(9.293736439435E-02,8.469395774574));
#3922 = CARTESIAN_POINT('',(0.185734848604,8.459640908163));
#3923 = CARTESIAN_POINT('',(0.278966779968,8.440183370472));
#3924 = CARTESIAN_POINT('',(0.373155466777,8.411622035662));
#3925 = CARTESIAN_POINT('',(0.468852060278,8.375120152556));
#3926 = CARTESIAN_POINT('',(0.566633493898,8.332488841542));
#3927 = CARTESIAN_POINT('',(0.721280003905,8.261444764255));
#3928 = CARTESIAN_POINT('',(0.776223803043,8.235542402963));
#3929 = CARTESIAN_POINT('',(0.832161040105,8.208966915511));
#3930 = CARTESIAN_POINT('',(0.889208942444,8.182181045935));
#3931 = CARTESIAN_POINT('',(0.947490226065,8.155727910054));
#3932 = CARTESIAN_POINT('',(1.007138660926,8.130231521876));
#3933 = CARTESIAN_POINT('',(1.108253044819,8.090817297455));
#3934 = CARTESIAN_POINT('',(1.14887914056,8.075938696078));
#3935 = CARTESIAN_POINT('',(1.190138534248,8.06198406105));
#3936 = CARTESIAN_POINT('',(1.231992643325,8.049183835914));
#3937 = CARTESIAN_POINT('',(1.274411871316,8.037758184189));
#3938 = CARTESIAN_POINT('',(1.317373601772,8.027909029321));
#3939 = CARTESIAN_POINT('',(1.420544053072,8.008699328184));
#3940 = CARTESIAN_POINT('',(1.481167050909,8.000896423064));
#3941 = CARTESIAN_POINT('',(1.542315864804,7.996916001087));
#3942 = CARTESIAN_POINT('',(1.603628544034,7.997040908589));
#3943 = CARTESIAN_POINT('',(1.664759971431,8.001265347141));
#3944 = CARTESIAN_POINT('',(1.725347276805,8.009295492901));
#3945 = CARTESIAN_POINT('',(1.828013020157,8.028775823912));
#3946 = CARTESIAN_POINT('',(1.870531545774,8.038649122682));
#3947 = CARTESIAN_POINT('',(1.912514401744,8.050056983917));
#3948 = CARTESIAN_POINT('',(1.953940349332,8.062802327219));
#3949 = CARTESIAN_POINT('',(1.994781432391,8.076671052761));
#3950 = CARTESIAN_POINT('',(2.035001123149,8.091439585241));
#3951 = CARTESIAN_POINT('',(2.108356421007,8.120081179853));
#3952 = CARTESIAN_POINT('',(2.141706828419,8.133786084567));
#3953 = CARTESIAN_POINT('',(2.174626115442,8.14787909986));
#3954 = CARTESIAN_POINT('',(2.207134138791,8.162247907577));
#3955 = CARTESIAN_POINT('',(2.239248971363,8.176786620396));
#3956 = CARTESIAN_POINT('',(2.270987686923,8.191396498688));
#3957 = CARTESIAN_POINT('',(2.350734487411,8.228475509954));
#3958 = CARTESIAN_POINT('',(2.398264876945,8.250925241541));
#3959 = CARTESIAN_POINT('',(2.445046882395,8.273015579669));
#3960 = CARTESIAN_POINT('',(2.491163193908,8.294468210362));
#3961 = CARTESIAN_POINT('',(2.536692478728,8.315042487688));
#3962 = CARTESIAN_POINT('',(2.581711237159,8.33453113331));
#3963 = CARTESIAN_POINT('',(2.701953883421,8.383682797489));
#3964 = CARTESIAN_POINT('',(2.776394353469,8.410983607847));
#3965 = CARTESIAN_POINT('',(2.849902522621,8.433746513626));
#3966 = CARTESIAN_POINT('',(2.922729176093,8.451303029927));
#3967 = CARTESIAN_POINT('',(2.995111833148,8.463211831708));
#3968 = CARTESIAN_POINT('',(3.067288063358,8.469247419049));
#3969 = CARTESIAN_POINT('',(3.196452381724,8.469508988806));
#3970 = CARTESIAN_POINT('',(3.253388663851,8.465961089518));
#3971 = CARTESIAN_POINT('',(3.310422784712,8.458751310563));
#3972 = CARTESIAN_POINT('',(3.367665182418,8.447964447444));
#3973 = CARTESIAN_POINT('',(3.425227181304,8.433770801151));
#3974 = CARTESIAN_POINT('',(3.483224662047,8.416428240187));
#3975 = CARTESIAN_POINT('',(3.579032490408,8.383469781771));
#3976 = CARTESIAN_POINT('',(3.616510911342,8.36952127864));
#3977 = CARTESIAN_POINT('',(3.654260258847,8.354524144395));
#3978 = CARTESIAN_POINT('',(3.6923218564,8.338578195676));
#3979 = CARTESIAN_POINT('',(3.730737272671,8.321798573219));
#3980 = CARTESIAN_POINT('',(3.76955050748,8.304316640497));
#3981 = CARTESIAN_POINT('',(3.862872657495,8.261444764255));
#3982 = CARTESIAN_POINT('',(3.917816456633,8.235542402963));
#3983 = CARTESIAN_POINT('',(3.973753693695,8.208966915511));
#3984 = CARTESIAN_POINT('',(4.030801596033,8.182181045935));
#3985 = CARTESIAN_POINT('',(4.089082879654,8.155727910054));
#3986 = CARTESIAN_POINT('',(4.148731314517,8.130231521875));
#3987 = CARTESIAN_POINT('',(4.249845698409,8.090817297455));
#3988 = CARTESIAN_POINT('',(4.29047179415,8.075938696078));
#3989 = CARTESIAN_POINT('',(4.331731187838,8.061984061049));
#3990 = CARTESIAN_POINT('',(4.373585296915,8.049183835914));
#3991 = CARTESIAN_POINT('',(4.416004524906,8.037758184189));
#3992 = CARTESIAN_POINT('',(4.458966255361,8.027909029321));
#3993 = CARTESIAN_POINT('',(4.562136706662,8.008699328184));
#3994 = CARTESIAN_POINT('',(4.622759704499,8.000896423064));
#3995 = CARTESIAN_POINT('',(4.683908518394,7.996916001087));
#3996 = CARTESIAN_POINT('',(4.745221197624,7.997040908589));
#3997 = CARTESIAN_POINT('',(4.806352625021,8.001265347141));
#3998 = CARTESIAN_POINT('',(4.866939930395,8.009295492901));
#3999 = CARTESIAN_POINT('',(4.969605673747,8.028775823912));
#4000 = CARTESIAN_POINT('',(5.012124199364,8.038649122682));
#4001 = CARTESIAN_POINT('',(5.054107055334,8.050056983917));
#4002 = CARTESIAN_POINT('',(5.095533002922,8.06280232722));
#4003 = CARTESIAN_POINT('',(5.136374085981,8.076671052761));
#4004 = CARTESIAN_POINT('',(5.176593776738,8.091439585241));
#4005 = CARTESIAN_POINT('',(5.249949074597,8.120081179853));
#4006 = CARTESIAN_POINT('',(5.283299482009,8.133786084567));
#4007 = CARTESIAN_POINT('',(5.316218769032,8.14787909986));
#4008 = CARTESIAN_POINT('',(5.348726792381,8.162247907577));
#4009 = CARTESIAN_POINT('',(5.380841624953,8.176786620396));
#4010 = CARTESIAN_POINT('',(5.412580340513,8.191396498688));
#4011 = CARTESIAN_POINT('',(5.574586271048,8.266722652048));
#4012 = CARTESIAN_POINT('',(5.699367261082,8.327293638128));
#4013 = CARTESIAN_POINT('',(5.819938219711,8.381360617551));
#4014 = CARTESIAN_POINT('',(5.937496447802,8.424604844411));
#4015 = CARTESIAN_POINT('',(6.053153497502,8.454405228576));
#4016 = CARTESIAN_POINT('',(6.167975992548,8.469395774574));
#4017 = CARTESIAN_POINT('',(6.28318530718,8.469395774574));
#4018 = ( GEOMETRIC_REPRESENTATION_CONTEXT(2) 
PARAMETRIC_REPRESENTATION_CONTEXT() REPRESENTATION_CONTEXT('2D SPACE',''
  ) );
#4019 = FACE_BOUND('',#4020,.T.);
#4020 = EDGE_LOOP('',(#4021));
#4021 = ORIENTED_EDGE('',*,*,#4022,.F.);
#4022 = EDGE_CURVE('',#4023,#4023,#4025,.T.);
#4023 = VERTEX_POINT('',#4024);
#4024 = CARTESIAN_POINT('',(2.7,-7.530604225426,2.085E+03));
#4025 = SURFACE_CURVE('',#4026,(#4125,#4227),.PCURVE_S1.);
#4026 = B_SPLINE_CURVE_WITH_KNOTS('',7,(#4027,#4028,#4029,#4030,#4031,
    #4032,#4033,#4034,#4035,#4036,#4037,#4038,#4039,#4040,#4041,#4042,
    #4043,#4044,#4045,#4046,#4047,#4048,#4049,#4050,#4051,#4052,#4053,
    #4054,#4055,#4056,#4057,#4058,#4059,#4060,#4061,#4062,#4063,#4064,
    #4065,#4066,#4067,#4068,#4069,#4070,#4071,#4072,#4073,#4074,#4075,
    #4076,#4077,#4078,#4079,#4080,#4081,#4082,#4083,#4084,#4085,#4086,
    #4087,#4088,#4089,#4090,#4091,#4092,#4093,#4094,#4095,#4096,#4097,
    #4098,#4099,#4100,#4101,#4102,#4103,#4104,#4105,#4106,#4107,#4108,
    #4109,#4110,#4111,#4112,#4113,#4114,#4115,#4116,#4117,#4118,#4119,
    #4120,#4121,#4122,#4123,#4124),.UNSPECIFIED.,.T.,.F.,(8,6,6,6,6,6,6,
    6,6,6,6,6,6,6,6,6,8),(0.,0.117620550715,0.180839916858,
    0.222120566308,0.27877684851,0.319669817963,0.354620437821,
    0.408492258306,0.499910883312,0.572009650302,0.617874882649,
    0.681033543321,0.72227455362,0.778876432421,0.819730134972,
    0.854647193977,1.),.UNSPECIFIED.);
#4027 = CARTESIAN_POINT('',(2.7,-7.530604225426,2.085E+03));
#4028 = CARTESIAN_POINT('',(2.7,-7.530604225426,2.085250930884E+03));
#4029 = CARTESIAN_POINT('',(2.672792662466,-7.540359091837,
    2.085501484288E+03));
#4030 = CARTESIAN_POINT('',(2.618522940662,-7.559816629528,
    2.085749669546E+03));
#4031 = CARTESIAN_POINT('',(2.536914243098,-7.588377964338,
    2.085993408484E+03));
#4032 = CARTESIAN_POINT('',(2.427363692449,-7.624879847444,
    2.086230318493E+03));
#4033 = CARTESIAN_POINT('',(2.289028057618,-7.667511158458,
    2.086457430806E+03));
#4034 = CARTESIAN_POINT('',(2.030649760117,-7.738555235745,
    2.086785432276E+03));
#4035 = CARTESIAN_POINT('',(1.931619225797,-7.764457597037,
    2.08689626946E+03));
#4036 = CARTESIAN_POINT('',(1.823703309533,-7.791033084489,
    2.087002635547E+03));
#4037 = CARTESIAN_POINT('',(1.706727691163,-7.817818954065,
    2.087103776975E+03));
#4038 = CARTESIAN_POINT('',(1.580548893922,-7.844272089946,
    2.087198810938E+03));
#4039 = CARTESIAN_POINT('',(1.445082725143,-7.869768478124,
    2.087286703839E+03));
#4040 = CARTESIAN_POINT('',(1.205821123468,-7.90918270255,
    2.087418186579E+03));
#4041 = CARTESIAN_POINT('',(1.107269158992,-7.924061303921,
    2.087466609619E+03));
#4042 = CARTESIAN_POINT('',(1.004896101224,-7.938015938947,
    2.087511045523E+03));
#4043 = CARTESIAN_POINT('',(0.898951281309,-7.950816164084,
    2.087551059602E+03));
#4044 = CARTESIAN_POINT('',(0.78971724262,-7.962241815812,
    2.087586250998E+03));
#4045 = CARTESIAN_POINT('',(0.677508963517,-7.972090970681,
    2.087616250677E+03));
#4046 = CARTESIAN_POINT('',(0.405064750219,-7.991300671816,
    2.087674301912E+03));
#4047 = CARTESIAN_POINT('',(0.242637897007,-7.999103576936,
    2.087697438439E+03));
#4048 = CARTESIAN_POINT('',(7.726925169097E-02,-8.003083998913,
    2.087709079014E+03));
#4049 = CARTESIAN_POINT('',(-8.905809987835E-02,-8.002959091411,
    2.08770871362E+03));
#4050 = CARTESIAN_POINT('',(-0.254326422881,-7.998734652859,
    2.087696352678E+03));
#4051 = CARTESIAN_POINT('',(-0.416555015269,-7.990704507099,
    2.087672527163E+03));
#4052 = CARTESIAN_POINT('',(-0.687418905787,-7.971224176088,
    2.087613610181E+03));
#4053 = CARTESIAN_POINT('',(-0.798355593651,-7.961350877318,
    2.08758350858E+03));
#4054 = CARTESIAN_POINT('',(-0.906349745694,-7.949943016083,
    2.087548335856E+03));
#4055 = CARTESIAN_POINT('',(-1.011099688147,-7.937197672781,
    2.087508452141E+03));
#4056 = CARTESIAN_POINT('',(-1.112334957461,-7.923328947239,
    2.087464247316E+03));
#4057 = CARTESIAN_POINT('',(-1.20981700083,-7.908560414759,
    2.087416142925E+03));
#4058 = CARTESIAN_POINT('',(-1.383272503923,-7.879918820147,
    2.087320536041E+03));
#4059 = CARTESIAN_POINT('',(-1.460395115493,-7.866213915433,
    2.087273916833E+03));
#4060 = CARTESIAN_POINT('',(-1.534695506205,-7.85212090014,
    2.087224941386E+03));
#4061 = CARTESIAN_POINT('',(-1.606169570296,-7.837752092423,
    2.087173802026E+03));
#4062 = CARTESIAN_POINT('',(-1.674820920258,-7.823213379604,
    2.087120678732E+03));
#4063 = CARTESIAN_POINT('',(-1.740660505648,-7.808603501312,
    2.087065739396E+03));
#4064 = CARTESIAN_POINT('',(-1.900882993278,-7.771524491167,
    2.086921899599E+03));
#4065 = CARTESIAN_POINT('',(-1.991455074538,-7.749074757492,
    2.08683068545E+03));
#4066 = CARTESIAN_POINT('',(-2.075536885789,-7.726984419437,
    2.086736011804E+03));
#4067 = CARTESIAN_POINT('',(-2.153252323997,-7.70553179032,
    2.086638316169E+03));
#4068 = CARTESIAN_POINT('',(-2.224725897582,-7.684957513317,
    2.086537969834E+03));
#4069 = CARTESIAN_POINT('',(-2.290073851016,-7.665468865852,
    2.086435288335E+03));
#4070 = CARTESIAN_POINT('',(-2.450061728497,-7.616317202511,
    2.086152790833E+03));
#4071 = CARTESIAN_POINT('',(-2.53341821364,-7.589016392153,
    2.085969015611E+03));
#4072 = CARTESIAN_POINT('',(-2.599812334304,-7.566253486374,
    2.085780719603E+03));
#4073 = CARTESIAN_POINT('',(-2.649524953015,-7.548696970073,
    2.085589167446E+03));
#4074 = CARTESIAN_POINT('',(-2.682752227149,-7.536788168292,
    2.085395462569E+03));
#4075 = CARTESIAN_POINT('',(-2.69958621871,-7.530752580951,
    2.085200621963E+03));
#4076 = CARTESIAN_POINT('',(-2.700315768054,-7.530491011188,
    2.084851879058E+03));
#4077 = CARTESIAN_POINT('',(-2.690420376507,-7.534038909804,
    2.084698129833E+03));
#4078 = CARTESIAN_POINT('',(-2.670316773441,-7.541248689397,
    2.084544910279E+03));
#4079 = CARTESIAN_POINT('',(-2.639973252329,-7.552035553458,
    2.084392734203E+03));
#4080 = CARTESIAN_POINT('',(-2.599321742196,-7.566229199349,
    2.084242140164E+03));
#4081 = CARTESIAN_POINT('',(-2.548262005659,-7.583571758637,
    2.084093712156E+03));
#4082 = CARTESIAN_POINT('',(-2.447481774493,-7.616530218229,
    2.083855470094E+03));
#4083 = CARTESIAN_POINT('',(-2.404032779171,-7.63047872136,
    2.083763976507E+03));
#4084 = CARTESIAN_POINT('',(-2.35627286949,-7.645475855605,
    2.083673760034E+03));
#4085 = CARTESIAN_POINT('',(-2.304149442466,-7.661421804324,
    2.083584982567E+03));
#4086 = CARTESIAN_POINT('',(-2.247603410113,-7.678201426781,
    2.083497827814E+03));
#4087 = CARTESIAN_POINT('',(-2.186569335922,-7.695683359503,
    2.083412501725E+03));
#4088 = CARTESIAN_POINT('',(-2.030649760117,-7.738555235745,
    2.083214567724E+03));
#4089 = CARTESIAN_POINT('',(-1.931619225796,-7.764457597037,
    2.08310373054E+03));
#4090 = CARTESIAN_POINT('',(-1.823703309533,-7.791033084489,
    2.082997364453E+03));
#4091 = CARTESIAN_POINT('',(-1.706727691164,-7.817818954065,
    2.082896223025E+03));
#4092 = CARTESIAN_POINT('',(-1.580548893923,-7.844272089946,
    2.082801189062E+03));
#4093 = CARTESIAN_POINT('',(-1.445082725141,-7.869768478125,
    2.082713296161E+03));
#4094 = CARTESIAN_POINT('',(-1.205821123497,-7.909182702545,
    2.082581813421E+03));
#4095 = CARTESIAN_POINT('',(-1.107269158995,-7.924061303922,
    2.082533390381E+03));
#4096 = CARTESIAN_POINT('',(-1.004896101196,-7.938015938951,
    2.082488954477E+03));
#4097 = CARTESIAN_POINT('',(-0.89895128128,-7.950816164086,
    2.082448940398E+03));
#4098 = CARTESIAN_POINT('',(-0.789717242624,-7.962241815811,
    2.082413749002E+03));
#4099 = CARTESIAN_POINT('',(-0.677508963558,-7.972090970679,
    2.082383749323E+03));
#4100 = CARTESIAN_POINT('',(-0.405064750219,-7.991300671816,
    2.082325698088E+03));
#4101 = CARTESIAN_POINT('',(-0.242637897007,-7.999103576936,
    2.082302561561E+03));
#4102 = CARTESIAN_POINT('',(-7.726925169028E-02,-8.003083998913,
    2.082290920986E+03));
#4103 = CARTESIAN_POINT('',(8.905809987855E-02,-8.002959091411,
    2.08229128638E+03));
#4104 = CARTESIAN_POINT('',(0.254326422881,-7.998734652859,
    2.082303647322E+03));
#4105 = CARTESIAN_POINT('',(0.41655501527,-7.990704507099,
    2.082327472837E+03));
#4106 = CARTESIAN_POINT('',(0.687418905786,-7.971224176088,
    2.082386389819E+03));
#4107 = CARTESIAN_POINT('',(0.798355593651,-7.961350877318,
    2.08241649142E+03));
#4108 = CARTESIAN_POINT('',(0.906349745695,-7.949943016083,
    2.082451664144E+03));
#4109 = CARTESIAN_POINT('',(1.011099688148,-7.93719767278,
    2.082491547859E+03));
#4110 = CARTESIAN_POINT('',(1.112334957462,-7.923328947239,
    2.082535752684E+03));
#4111 = CARTESIAN_POINT('',(1.20981700083,-7.908560414759,
    2.082583857075E+03));
#4112 = CARTESIAN_POINT('',(1.383272503903,-7.87991882015,
    2.082679463959E+03));
#4113 = CARTESIAN_POINT('',(1.460395115492,-7.866213915433,
    2.082726083167E+03));
#4114 = CARTESIAN_POINT('',(1.534695506221,-7.852120900138,
    2.082775058614E+03));
#4115 = CARTESIAN_POINT('',(1.60616957031,-7.83775209242,
    2.082826197974E+03));
#4116 = CARTESIAN_POINT('',(1.674820920255,-7.823213379604,
    2.082879321268E+03));
#4117 = CARTESIAN_POINT('',(1.740660505632,-7.808603501315,
    2.082934260604E+03));
#4118 = CARTESIAN_POINT('',(2.066153112591,-7.733277347953,
    2.083226471711E+03));
#4119 = CARTESIAN_POINT('',(2.28094787268,-7.672706361871,
    2.083491535026E+03));
#4120 = CARTESIAN_POINT('',(2.449855052932,-7.61863938245,
    2.08377599921E+03));
#4121 = CARTESIAN_POINT('',(2.575074656371,-7.575395155589,
    2.0840733868E+03));
#4122 = CARTESIAN_POINT('',(2.658189208116,-7.545594771424,
    2.084378913325E+03));
#4123 = CARTESIAN_POINT('',(2.7,-7.530604225426,2.08468893485E+03));
#4124 = CARTESIAN_POINT('',(2.7,-7.530604225426,2.085E+03));
#4125 = PCURVE('',#3603,#4126);
#4126 = DEFINITIONAL_REPRESENTATION('',(#4127),#4226);
#4127 = B_SPLINE_CURVE_WITH_KNOTS('',7,(#4128,#4129,#4130,#4131,#4132,
    #4133,#4134,#4135,#4136,#4137,#4138,#4139,#4140,#4141,#4142,#4143,
    #4144,#4145,#4146,#4147,#4148,#4149,#4150,#4151,#4152,#4153,#4154,
    #4155,#4156,#4157,#4158,#4159,#4160,#4161,#4162,#4163,#4164,#4165,
    #4166,#4167,#4168,#4169,#4170,#4171,#4172,#4173,#4174,#4175,#4176,
    #4177,#4178,#4179,#4180,#4181,#4182,#4183,#4184,#4185,#4186,#4187,
    #4188,#4189,#4190,#4191,#4192,#4193,#4194,#4195,#4196,#4197,#4198,
    #4199,#4200,#4201,#4202,#4203,#4204,#4205,#4206,#4207,#4208,#4209,
    #4210,#4211,#4212,#4213,#4214,#4215,#4216,#4217,#4218,#4219,#4220,
    #4221,#4222,#4223,#4224,#4225),.UNSPECIFIED.,.T.,.F.,(8,6,6,6,6,6,6,
    6,6,6,6,6,6,6,6,6,8),(0.,0.117620550715,0.180839916858,
    0.222120566308,0.27877684851,0.319669817963,0.354620437821,
    0.408492258306,0.499910883312,0.572009650302,0.617874882649,
    0.681033543321,0.72227455362,0.778876432421,0.819730134972,
    0.854647193977,1.),.UNSPECIFIED.);
#4128 = CARTESIAN_POINT('',(5.056648779733,30.));
#4129 = CARTESIAN_POINT('',(5.056648779733,30.250930883865));
#4130 = CARTESIAN_POINT('',(5.053035877952,30.501484287677));
#4131 = CARTESIAN_POINT('',(5.04582931854,30.749669546367));
#4132 = CARTESIAN_POINT('',(5.035021874727,30.993408484332));
#4133 = CARTESIAN_POINT('',(5.020591527814,31.230318493204));
#4134 = CARTESIAN_POINT('',(5.002505554446,31.457430805954));
#4135 = CARTESIAN_POINT('',(4.969009611236,31.785432275874));
#4136 = CARTESIAN_POINT('',(4.956215364121,31.896269459616));
#4137 = CARTESIAN_POINT('',(4.942325247434,32.002635547029));
#4138 = CARTESIAN_POINT('',(4.927328810319,32.103776974795));
#4139 = CARTESIAN_POINT('',(4.911218658488,32.1988109382));
#4140 = CARTESIAN_POINT('',(4.893992545593,32.286703839167));
#4141 = CARTESIAN_POINT('',(4.863681760816,32.418186578701));
#4142 = CARTESIAN_POINT('',(4.851224274907,32.466609618603));
#4143 = CARTESIAN_POINT('',(4.838311511238,32.511045523357));
#4144 = CARTESIAN_POINT('',(4.824975018208,32.551059602124));
#4145 = CARTESIAN_POINT('',(4.811249232735,32.586250998322));
#4146 = CARTESIAN_POINT('',(4.797171356816,32.616250676713));
#4147 = CARTESIAN_POINT('',(4.763031281854,32.674301912315));
#4148 = CARTESIAN_POINT('',(4.742709578317,32.697438438615));
#4149 = CARTESIAN_POINT('',(4.722042207072,32.709079013894));
#4150 = CARTESIAN_POINT('',(4.701262715383,32.70871362043));
#4151 = CARTESIAN_POINT('',(4.680607094092,32.696352677558));
#4152 = CARTESIAN_POINT('',(4.660308730369,32.672527162833));
#4153 = CARTESIAN_POINT('',(4.626363293801,32.613610181165));
#4154 = CARTESIAN_POINT('',(4.612443414546,32.583508579515));
#4155 = CARTESIAN_POINT('',(4.59887189944,32.548335856185));
#4156 = CARTESIAN_POINT('',(4.585684408623,32.508452141082));
#4157 = CARTESIAN_POINT('',(4.572913940693,32.464247316465));
#4158 = CARTESIAN_POINT('',(4.560590714978,32.416142925455));
#4159 = CARTESIAN_POINT('',(4.538615177266,32.320536040588));
#4160 = CARTESIAN_POINT('',(4.528824552488,32.273916833245));
#4161 = CARTESIAN_POINT('',(4.519372391776,32.224941386163));
#4162 = CARTESIAN_POINT('',(4.510260300185,32.173802025624));
#4163 = CARTESIAN_POINT('',(4.501489231019,32.120678732089));
#4164 = CARTESIAN_POINT('',(4.493059441334,32.065739395742));
#4165 = CARTESIAN_POINT('',(4.472502318733,31.921899599079));
#4166 = CARTESIAN_POINT('',(4.460839607218,31.830685449605));
#4167 = CARTESIAN_POINT('',(4.449974288772,31.73601180434));
#4168 = CARTESIAN_POINT('',(4.43989773523,31.638316169003));
#4169 = CARTESIAN_POINT('',(4.430601436869,31.537969834082));
#4170 = CARTESIAN_POINT('',(4.422077724896,31.435288334599));
#4171 = CARTESIAN_POINT('',(4.401156740011,31.152790832697));
#4172 = CARTESIAN_POINT('',(4.390194428804,30.969015611036));
#4173 = CARTESIAN_POINT('',(4.38142178734,30.780719603026));
#4174 = CARTESIAN_POINT('',(4.374831646432,30.589167446252));
#4175 = CARTESIAN_POINT('',(4.370419538807,30.39546256854));
#4176 = CARTESIAN_POINT('',(4.368184127646,30.200621962884));
#4177 = CARTESIAN_POINT('',(4.368087249744,29.851879057596));
#4178 = CARTESIAN_POINT('',(4.36940123291,29.698129832722));
#4179 = CARTESIAN_POINT('',(4.372070976951,29.544910279353));
#4180 = CARTESIAN_POINT('',(4.376096439441,29.392734202861));
#4181 = CARTESIAN_POINT('',(4.381478438855,29.242140163936));
#4182 = CARTESIAN_POINT('',(4.388218619804,29.093712156008));
#4183 = CARTESIAN_POINT('',(4.401472696449,28.85547009381));
#4184 = CARTESIAN_POINT('',(4.407176740713,28.763976507443));
#4185 = CARTESIAN_POINT('',(4.413433934205,28.673760033852));
#4186 = CARTESIAN_POINT('',(4.420247069687,28.58498256686));
#4187 = CARTESIAN_POINT('',(4.427619463251,28.497827813651));
#4188 = CARTESIAN_POINT('',(4.43555506805,28.412501724574));
#4189 = CARTESIAN_POINT('',(4.455768349533,28.214567724126));
#4190 = CARTESIAN_POINT('',(4.468562596649,28.103730540383));
#4191 = CARTESIAN_POINT('',(4.482452713335,27.997364452971));
#4192 = CARTESIAN_POINT('',(4.49744915045,27.896223025206));
#4193 = CARTESIAN_POINT('',(4.513559302282,27.8011890618));
#4194 = CARTESIAN_POINT('',(4.530785415177,27.713296160832));
#4195 = CARTESIAN_POINT('',(4.56109619995,27.581813421315));
#4196 = CARTESIAN_POINT('',(4.573553685862,27.533390381395));
#4197 = CARTESIAN_POINT('',(4.586466449535,27.488954476629));
#4198 = CARTESIAN_POINT('',(4.599802942565,27.448940397869));
#4199 = CARTESIAN_POINT('',(4.613528728034,27.413749001683));
#4200 = CARTESIAN_POINT('',(4.627606603948,27.383749323295));
#4201 = CARTESIAN_POINT('',(4.661746678915,27.325698087685));
#4202 = CARTESIAN_POINT('',(4.682068382452,27.302561561385));
#4203 = CARTESIAN_POINT('',(4.702735753697,27.290920986106));
#4204 = CARTESIAN_POINT('',(4.723515245387,27.29128637957));
#4205 = CARTESIAN_POINT('',(4.744170866677,27.303647322442));
#4206 = CARTESIAN_POINT('',(4.764469230401,27.327472837167));
#4207 = CARTESIAN_POINT('',(4.798414666968,27.386389818835));
#4208 = CARTESIAN_POINT('',(4.812334546224,27.416491420485));
#4209 = CARTESIAN_POINT('',(4.825906061329,27.451664143816));
#4210 = CARTESIAN_POINT('',(4.839093552147,27.491547858918));
#4211 = CARTESIAN_POINT('',(4.851864020076,27.535752683535));
#4212 = CARTESIAN_POINT('',(4.864187245791,27.583857074545));
#4213 = CARTESIAN_POINT('',(4.886162783501,27.6794639594));
#4214 = CARTESIAN_POINT('',(4.895953408281,27.726083166753));
#4215 = CARTESIAN_POINT('',(4.905405568995,27.775058613846));
#4216 = CARTESIAN_POINT('',(4.914517660586,27.826197974387));
#4217 = CARTESIAN_POINT('',(4.92328872975,27.879321267911));
#4218 = CARTESIAN_POINT('',(4.931718519434,27.934260604244));
#4219 = CARTESIAN_POINT('',(4.973480393974,28.226471710765));
#4220 = CARTESIAN_POINT('',(5.001345476985,28.491535025713));
#4221 = CARTESIAN_POINT('',(5.023501389891,28.775999209715));
#4222 = CARTESIAN_POINT('',(5.040059721922,29.073386799786));
#4223 = CARTESIAN_POINT('',(5.051096671639,29.378913324575));
#4224 = CARTESIAN_POINT('',(5.056648779733,29.688934850494));
#4225 = CARTESIAN_POINT('',(5.056648779733,30.));
#4226 = ( GEOMETRIC_REPRESENTATION_CONTEXT(2) 
PARAMETRIC_REPRESENTATION_CONTEXT() REPRESENTATION_CONTEXT('2D SPACE',''
  ) );
#4227 = PCURVE('',#4228,#4233);
#4228 = CYLINDRICAL_SURFACE('',#4229,2.7);
#4229 = AXIS2_PLACEMENT_3D('',#4230,#4231,#4232);
#4230 = CARTESIAN_POINT('',(0.,16.,2.085E+03));
#4231 = DIRECTION('',(0.,-1.,2.22044604925E-16));
#4232 = DIRECTION('',(1.,0.,0.));
#4233 = DEFINITIONAL_REPRESENTATION('',(#4234),#4333);
#4234 = B_SPLINE_CURVE_WITH_KNOTS('',7,(#4235,#4236,#4237,#4238,#4239,
    #4240,#4241,#4242,#4243,#4244,#4245,#4246,#4247,#4248,#4249,#4250,
    #4251,#4252,#4253,#4254,#4255,#4256,#4257,#4258,#4259,#4260,#4261,
    #4262,#4263,#4264,#4265,#4266,#4267,#4268,#4269,#4270,#4271,#4272,
    #4273,#4274,#4275,#4276,#4277,#4278,#4279,#4280,#4281,#4282,#4283,
    #4284,#4285,#4286,#4287,#4288,#4289,#4290,#4291,#4292,#4293,#4294,
    #4295,#4296,#4297,#4298,#4299,#4300,#4301,#4302,#4303,#4304,#4305,
    #4306,#4307,#4308,#4309,#4310,#4311,#4312,#4313,#4314,#4315,#4316,
    #4317,#4318,#4319,#4320,#4321,#4322,#4323,#4324,#4325,#4326,#4327,
    #4328,#4329,#4330,#4331,#4332),.UNSPECIFIED.,.F.,.F.,(8,6,6,6,6,6,6,
    6,6,6,6,6,6,6,6,6,8),(0.,0.117620550715,0.180839916858,
    0.222120566308,0.27877684851,0.319669817963,0.354620437821,
    0.408492258306,0.499910883312,0.572009650302,0.617874882649,
    0.681033543321,0.72227455362,0.778876432421,0.819730134972,
    0.854647193977,1.),.UNSPECIFIED.);
#4235 = CARTESIAN_POINT('',(0.,23.530604225426));
#4236 = CARTESIAN_POINT('',(9.293736439448E-02,23.530604225426));
#4237 = CARTESIAN_POINT('',(0.185734848604,23.540359091837));
#4238 = CARTESIAN_POINT('',(0.278966779968,23.559816629528));
#4239 = CARTESIAN_POINT('',(0.373155466777,23.588377964338));
#4240 = CARTESIAN_POINT('',(0.468852060278,23.624879847444));
#4241 = CARTESIAN_POINT('',(0.566633493898,23.667511158458));
#4242 = CARTESIAN_POINT('',(0.721280003905,23.738555235745));
#4243 = CARTESIAN_POINT('',(0.776223803043,23.764457597037));
#4244 = CARTESIAN_POINT('',(0.832161040105,23.791033084489));
#4245 = CARTESIAN_POINT('',(0.889208942444,23.817818954065));
#4246 = CARTESIAN_POINT('',(0.947490226064,23.844272089946));
#4247 = CARTESIAN_POINT('',(1.007138660926,23.869768478124));
#4248 = CARTESIAN_POINT('',(1.108253044832,23.90918270255));
#4249 = CARTESIAN_POINT('',(1.148879140561,23.924061303921));
#4250 = CARTESIAN_POINT('',(1.190138534237,23.938015938947));
#4251 = CARTESIAN_POINT('',(1.231992643314,23.950816164084));
#4252 = CARTESIAN_POINT('',(1.274411871318,23.962241815812));
#4253 = CARTESIAN_POINT('',(1.317373601787,23.972090970681));
#4254 = CARTESIAN_POINT('',(1.420544053072,23.991300671816));
#4255 = CARTESIAN_POINT('',(1.481167050909,23.999103576936));
#4256 = CARTESIAN_POINT('',(1.542315864804,24.003083998913));
#4257 = CARTESIAN_POINT('',(1.603628544034,24.002959091411));
#4258 = CARTESIAN_POINT('',(1.664759971431,23.998734652859));
#4259 = CARTESIAN_POINT('',(1.725347276805,23.990704507099));
#4260 = CARTESIAN_POINT('',(1.828013020157,23.971224176088));
#4261 = CARTESIAN_POINT('',(1.870531545774,23.961350877318));
#4262 = CARTESIAN_POINT('',(1.912514401744,23.949943016083));
#4263 = CARTESIAN_POINT('',(1.953940349332,23.937197672781));
#4264 = CARTESIAN_POINT('',(1.994781432391,23.923328947239));
#4265 = CARTESIAN_POINT('',(2.035001123149,23.908560414759));
#4266 = CARTESIAN_POINT('',(2.108356421007,23.879918820147));
#4267 = CARTESIAN_POINT('',(2.141706828419,23.866213915433));
#4268 = CARTESIAN_POINT('',(2.174626115442,23.85212090014));
#4269 = CARTESIAN_POINT('',(2.207134138791,23.837752092423));
#4270 = CARTESIAN_POINT('',(2.239248971363,23.823213379604));
#4271 = CARTESIAN_POINT('',(2.270987686923,23.808603501312));
#4272 = CARTESIAN_POINT('',(2.350734484999,23.771524491167));
#4273 = CARTESIAN_POINT('',(2.398264879148,23.749074757492));
#4274 = CARTESIAN_POINT('',(2.445046884316,23.726984419437));
#4275 = CARTESIAN_POINT('',(2.491163192263,23.70553179032));
#4276 = CARTESIAN_POINT('',(2.536692476476,23.684957513317));
#4277 = CARTESIAN_POINT('',(2.581711239208,23.665468865852));
#4278 = CARTESIAN_POINT('',(2.701953883421,23.616317202511));
#4279 = CARTESIAN_POINT('',(2.776394353468,23.589016392153));
#4280 = CARTESIAN_POINT('',(2.849902522621,23.566253486374));
#4281 = CARTESIAN_POINT('',(2.922729176093,23.548696970073));
#4282 = CARTESIAN_POINT('',(2.995111833148,23.536788168292));
#4283 = CARTESIAN_POINT('',(3.067288063358,23.530752580951));
#4284 = CARTESIAN_POINT('',(3.196452384978,23.530491011188));
#4285 = CARTESIAN_POINT('',(3.25338866049,23.534038909804));
#4286 = CARTESIAN_POINT('',(3.310422782097,23.541248689397));
#4287 = CARTESIAN_POINT('',(3.367665185157,23.552035553458));
#4288 = CARTESIAN_POINT('',(3.425227184642,23.566229199349));
#4289 = CARTESIAN_POINT('',(3.483224658629,23.583571758637));
#4290 = CARTESIAN_POINT('',(3.579032490408,23.616530218229));
#4291 = CARTESIAN_POINT('',(3.616510911342,23.63047872136));
#4292 = CARTESIAN_POINT('',(3.654260258847,23.645475855605));
#4293 = CARTESIAN_POINT('',(3.6923218564,23.661421804324));
#4294 = CARTESIAN_POINT('',(3.730737272671,23.678201426781));
#4295 = CARTESIAN_POINT('',(3.76955050748,23.695683359503));
#4296 = CARTESIAN_POINT('',(3.862872657495,23.738555235745));
#4297 = CARTESIAN_POINT('',(3.917816456633,23.764457597037));
#4298 = CARTESIAN_POINT('',(3.973753693695,23.791033084489));
#4299 = CARTESIAN_POINT('',(4.030801596033,23.817818954065));
#4300 = CARTESIAN_POINT('',(4.089082879654,23.844272089946));
#4301 = CARTESIAN_POINT('',(4.148731314517,23.869768478125));
#4302 = CARTESIAN_POINT('',(4.249845698409,23.909182702545));
#4303 = CARTESIAN_POINT('',(4.29047179415,23.924061303922));
#4304 = CARTESIAN_POINT('',(4.331731187838,23.938015938951));
#4305 = CARTESIAN_POINT('',(4.373585296915,23.950816164086));
#4306 = CARTESIAN_POINT('',(4.416004524906,23.962241815811));
#4307 = CARTESIAN_POINT('',(4.458966255361,23.972090970679));
#4308 = CARTESIAN_POINT('',(4.562136706662,23.991300671816));
#4309 = CARTESIAN_POINT('',(4.622759704499,23.999103576936));
#4310 = CARTESIAN_POINT('',(4.683908518394,24.003083998913));
#4311 = CARTESIAN_POINT('',(4.745221197624,24.002959091411));
#4312 = CARTESIAN_POINT('',(4.80635262502,23.998734652859));
#4313 = CARTESIAN_POINT('',(4.866939930395,23.990704507099));
#4314 = CARTESIAN_POINT('',(4.969605673747,23.971224176088));
#4315 = CARTESIAN_POINT('',(5.012124199364,23.961350877318));
#4316 = CARTESIAN_POINT('',(5.054107055334,23.949943016083));
#4317 = CARTESIAN_POINT('',(5.095533002922,23.93719767278));
#4318 = CARTESIAN_POINT('',(5.136374085981,23.923328947239));
#4319 = CARTESIAN_POINT('',(5.176593776738,23.908560414759));
#4320 = CARTESIAN_POINT('',(5.249949074588,23.87991882015));
#4321 = CARTESIAN_POINT('',(5.283299482008,23.866213915433));
#4322 = CARTESIAN_POINT('',(5.316218769039,23.852120900138));
#4323 = CARTESIAN_POINT('',(5.348726792387,23.83775209242));
#4324 = CARTESIAN_POINT('',(5.380841624952,23.823213379604));
#4325 = CARTESIAN_POINT('',(5.412580340505,23.808603501315));
#4326 = CARTESIAN_POINT('',(5.574586271047,23.733277347953));
#4327 = CARTESIAN_POINT('',(5.699367261083,23.672706361871));
#4328 = CARTESIAN_POINT('',(5.81993821971,23.61863938245));
#4329 = CARTESIAN_POINT('',(5.937496447802,23.575395155589));
#4330 = CARTESIAN_POINT('',(6.053153497503,23.545594771424));
#4331 = CARTESIAN_POINT('',(6.167975992548,23.530604225426));
#4332 = CARTESIAN_POINT('',(6.28318530718,23.530604225426));
#4333 = ( GEOMETRIC_REPRESENTATION_CONTEXT(2) 
PARAMETRIC_REPRESENTATION_CONTEXT() REPRESENTATION_CONTEXT('2D SPACE',''
  ) );
#4334 = ADVANCED_FACE('',(#4335),#3615,.T.);
#4335 = FACE_BOUND('',#4336,.T.);
#4336 = EDGE_LOOP('',(#4337,#4360,#4361,#4384));
#4337 = ORIENTED_EDGE('',*,*,#4338,.T.);
#4338 = EDGE_CURVE('',#4339,#3592,#4341,.T.);
#4339 = VERTEX_POINT('',#4340);
#4340 = CARTESIAN_POINT('',(6.,-1.469576158977E-15,3.055E+03));
#4341 = SURFACE_CURVE('',#4342,(#4346,#4353),.PCURVE_S1.);
#4342 = LINE('',#4343,#4344);
#4343 = CARTESIAN_POINT('',(-225.,-3.294299889706E-15,3.055E+03));
#4344 = VECTOR('',#4345,1.);
#4345 = DIRECTION('',(1.,0.,2.22044604925E-16));
#4346 = PCURVE('',#3615,#4347);
#4347 = DEFINITIONAL_REPRESENTATION('',(#4348),#4352);
#4348 = LINE('',#4349,#4350);
#4349 = CARTESIAN_POINT('',(-225.,-3.294299889706E-15));
#4350 = VECTOR('',#4351,1.);
#4351 = DIRECTION('',(1.,0.));
#4352 = ( GEOMETRIC_REPRESENTATION_CONTEXT(2) 
PARAMETRIC_REPRESENTATION_CONTEXT() REPRESENTATION_CONTEXT('2D SPACE',''
  ) );
#4353 = PCURVE('',#3693,#4354);
#4354 = DEFINITIONAL_REPRESENTATION('',(#4355),#4359);
#4355 = LINE('',#4356,#4357);
#4356 = CARTESIAN_POINT('',(-225.,-3.294299889706E-15));
#4357 = VECTOR('',#4358,1.);
#4358 = DIRECTION('',(1.,0.));
#4359 = ( GEOMETRIC_REPRESENTATION_CONTEXT(2) 
PARAMETRIC_REPRESENTATION_CONTEXT() REPRESENTATION_CONTEXT('2D SPACE',''
  ) );
#4360 = ORIENTED_EDGE('',*,*,#3591,.T.);
#4361 = ORIENTED_EDGE('',*,*,#4362,.T.);
#4362 = EDGE_CURVE('',#3594,#4363,#4365,.T.);
#4363 = VERTEX_POINT('',#4364);
#4364 = CARTESIAN_POINT('',(-6.,-8.388034893722E-14,3.055E+03));
#4365 = SURFACE_CURVE('',#4366,(#4370,#4377),.PCURVE_S1.);
#4366 = LINE('',#4367,#4368);
#4367 = CARTESIAN_POINT('',(-225.,-3.294299889706E-15,3.055E+03));
#4368 = VECTOR('',#4369,1.);
#4369 = DIRECTION('',(1.,0.,2.22044604925E-16));
#4370 = PCURVE('',#3615,#4371);
#4371 = DEFINITIONAL_REPRESENTATION('',(#4372),#4376);
#4372 = LINE('',#4373,#4374);
#4373 = CARTESIAN_POINT('',(-225.,-3.294299889706E-15));
#4374 = VECTOR('',#4375,1.);
#4375 = DIRECTION('',(1.,0.));
#4376 = ( GEOMETRIC_REPRESENTATION_CONTEXT(2) 
PARAMETRIC_REPRESENTATION_CONTEXT() REPRESENTATION_CONTEXT('2D SPACE',''
  ) );
#4377 = PCURVE('',#3693,#4378);
#4378 = DEFINITIONAL_REPRESENTATION('',(#4379),#4383);
#4379 = LINE('',#4380,#4381);
#4380 = CARTESIAN_POINT('',(-225.,-3.294299889706E-15));
#4381 = VECTOR('',#4382,1.);
#4382 = DIRECTION('',(1.,0.));
#4383 = ( GEOMETRIC_REPRESENTATION_CONTEXT(2) 
PARAMETRIC_REPRESENTATION_CONTEXT() REPRESENTATION_CONTEXT('2D SPACE',''
  ) );
#4384 = ORIENTED_EDGE('',*,*,#4385,.F.);
#4385 = EDGE_CURVE('',#4339,#4363,#4386,.T.);
#4386 = SURFACE_CURVE('',#4387,(#4392,#4399),.PCURVE_S1.);
#4387 = CIRCLE('',#4388,6.);
#4388 = AXIS2_PLACEMENT_3D('',#4389,#4390,#4391);
#4389 = CARTESIAN_POINT('',(0.,0.,3.055E+03));
#4390 = DIRECTION('',(0.,0.,1.));
#4391 = DIRECTION('',(1.,0.,-0.));
#4392 = PCURVE('',#3615,#4393);
#4393 = DEFINITIONAL_REPRESENTATION('',(#4394),#4398);
#4394 = CIRCLE('',#4395,6.);
#4395 = AXIS2_PLACEMENT_2D('',#4396,#4397);
#4396 = CARTESIAN_POINT('',(0.,0.));
#4397 = DIRECTION('',(1.,0.));
#4398 = ( GEOMETRIC_REPRESENTATION_CONTEXT(2) 
PARAMETRIC_REPRESENTATION_CONTEXT() REPRESENTATION_CONTEXT('2D SPACE',''
  ) );
#4399 = PCURVE('',#4400,#4405);
#4400 = CYLINDRICAL_SURFACE('',#4401,6.);
#4401 = AXIS2_PLACEMENT_3D('',#4402,#4403,#4404);
#4402 = CARTESIAN_POINT('',(0.,0.,2.054E+03));
#4403 = DIRECTION('',(0.,0.,1.));
#4404 = DIRECTION('',(1.,0.,-0.));
#4405 = DEFINITIONAL_REPRESENTATION('',(#4406),#4410);
#4406 = LINE('',#4407,#4408);
#4407 = CARTESIAN_POINT('',(0.,1.001E+03));
#4408 = VECTOR('',#4409,1.);
#4409 = DIRECTION('',(1.,0.));
#4410 = ( GEOMETRIC_REPRESENTATION_CONTEXT(2) 
PARAMETRIC_REPRESENTATION_CONTEXT() REPRESENTATION_CONTEXT('2D SPACE',''
  ) );
#4411 = ADVANCED_FACE('',(#4412),#3693,.T.);
#4412 = FACE_BOUND('',#4413,.T.);
#4413 = EDGE_LOOP('',(#4414,#4415,#4416,#4438));
#4414 = ORIENTED_EDGE('',*,*,#3678,.T.);
#4415 = ORIENTED_EDGE('',*,*,#4338,.F.);
#4416 = ORIENTED_EDGE('',*,*,#4417,.F.);
#4417 = EDGE_CURVE('',#4363,#4339,#4418,.T.);
#4418 = SURFACE_CURVE('',#4419,(#4424,#4431),.PCURVE_S1.);
#4419 = CIRCLE('',#4420,6.);
#4420 = AXIS2_PLACEMENT_3D('',#4421,#4422,#4423);
#4421 = CARTESIAN_POINT('',(0.,0.,3.055E+03));
#4422 = DIRECTION('',(0.,0.,1.));
#4423 = DIRECTION('',(1.,0.,-0.));
#4424 = PCURVE('',#3693,#4425);
#4425 = DEFINITIONAL_REPRESENTATION('',(#4426),#4430);
#4426 = CIRCLE('',#4427,6.);
#4427 = AXIS2_PLACEMENT_2D('',#4428,#4429);
#4428 = CARTESIAN_POINT('',(0.,0.));
#4429 = DIRECTION('',(1.,0.));
#4430 = ( GEOMETRIC_REPRESENTATION_CONTEXT(2) 
PARAMETRIC_REPRESENTATION_CONTEXT() REPRESENTATION_CONTEXT('2D SPACE',''
  ) );
#4431 = PCURVE('',#4400,#4432);
#4432 = DEFINITIONAL_REPRESENTATION('',(#4433),#4437);
#4433 = LINE('',#4434,#4435);
#4434 = CARTESIAN_POINT('',(0.,1.001E+03));
#4435 = VECTOR('',#4436,1.);
#4436 = DIRECTION('',(1.,0.));
#4437 = ( GEOMETRIC_REPRESENTATION_CONTEXT(2) 
PARAMETRIC_REPRESENTATION_CONTEXT() REPRESENTATION_CONTEXT('2D SPACE',''
  ) );
#4438 = ORIENTED_EDGE('',*,*,#4362,.F.);
#4439 = ADVANCED_FACE('',(#4440,#4443),#3665,.F.);
#4440 = FACE_BOUND('',#4441,.F.);
#4441 = EDGE_LOOP('',(#4442));
#4442 = ORIENTED_EDGE('',*,*,#3650,.T.);
#4443 = FACE_BOUND('',#4444,.F.);
#4444 = EDGE_LOOP('',(#4445));
#4445 = ORIENTED_EDGE('',*,*,#4446,.F.);
#4446 = EDGE_CURVE('',#4447,#4447,#4449,.T.);
#4447 = VERTEX_POINT('',#4448);
#4448 = CARTESIAN_POINT('',(6.,-1.469576158977E-15,2.055E+03));
#4449 = SURFACE_CURVE('',#4450,(#4455,#4462),.PCURVE_S1.);
#4450 = CIRCLE('',#4451,6.);
#4451 = AXIS2_PLACEMENT_3D('',#4452,#4453,#4454);
#4452 = CARTESIAN_POINT('',(0.,0.,2.055E+03));
#4453 = DIRECTION('',(0.,0.,1.));
#4454 = DIRECTION('',(1.,0.,-0.));
#4455 = PCURVE('',#3665,#4456);
#4456 = DEFINITIONAL_REPRESENTATION('',(#4457),#4461);
#4457 = CIRCLE('',#4458,6.);
#4458 = AXIS2_PLACEMENT_2D('',#4459,#4460);
#4459 = CARTESIAN_POINT('',(0.,0.));
#4460 = DIRECTION('',(1.,0.));
#4461 = ( GEOMETRIC_REPRESENTATION_CONTEXT(2) 
PARAMETRIC_REPRESENTATION_CONTEXT() REPRESENTATION_CONTEXT('2D SPACE',''
  ) );
#4462 = PCURVE('',#4400,#4463);
#4463 = DEFINITIONAL_REPRESENTATION('',(#4464),#4468);
#4464 = LINE('',#4465,#4466);
#4465 = CARTESIAN_POINT('',(0.,1.));
#4466 = VECTOR('',#4467,1.);
#4467 = DIRECTION('',(1.,0.));
#4468 = ( GEOMETRIC_REPRESENTATION_CONTEXT(2) 
PARAMETRIC_REPRESENTATION_CONTEXT() REPRESENTATION_CONTEXT('2D SPACE',''
  ) );
#4469 = ADVANCED_FACE('',(#4470),#3913,.F.);
#4470 = FACE_BOUND('',#4471,.F.);
#4471 = EDGE_LOOP('',(#4472,#4822,#4843,#4844));
#4472 = ORIENTED_EDGE('',*,*,#4473,.F.);
#4473 = EDGE_CURVE('',#4474,#4474,#4476,.T.);
#4474 = VERTEX_POINT('',#4475);
#4475 = CARTESIAN_POINT('',(2.7,5.358171329848,2.085E+03));
#4476 = SURFACE_CURVE('',#4477,(#4590,#4706),.PCURVE_S1.);
#4477 = B_SPLINE_CURVE_WITH_KNOTS('',6,(#4478,#4479,#4480,#4481,#4482,
    #4483,#4484,#4485,#4486,#4487,#4488,#4489,#4490,#4491,#4492,#4493,
    #4494,#4495,#4496,#4497,#4498,#4499,#4500,#4501,#4502,#4503,#4504,
    #4505,#4506,#4507,#4508,#4509,#4510,#4511,#4512,#4513,#4514,#4515,
    #4516,#4517,#4518,#4519,#4520,#4521,#4522,#4523,#4524,#4525,#4526,
    #4527,#4528,#4529,#4530,#4531,#4532,#4533,#4534,#4535,#4536,#4537,
    #4538,#4539,#4540,#4541,#4542,#4543,#4544,#4545,#4546,#4547,#4548,
    #4549,#4550,#4551,#4552,#4553,#4554,#4555,#4556,#4557,#4558,#4559,
    #4560,#4561,#4562,#4563,#4564,#4565,#4566,#4567,#4568,#4569,#4570,
    #4571,#4572,#4573,#4574,#4575,#4576,#4577,#4578,#4579,#4580,#4581,
    #4582,#4583,#4584,#4585,#4586,#4587,#4588,#4589),.UNSPECIFIED.,.T.,
  .F.,(7,5,5,5,5,5,5,5,5,5,5,5,5,5,5,5,5,5,5,5,5,5,7),(0.,
    6.736432339946E-02,0.119217602819,0.159866686129,0.188539260192,
    0.224117624203,0.27629448725,0.312874192045,0.342015277565,
    0.381798673892,0.433854889435,0.499870931127,0.535823035348,
    0.567232765831,0.659762076844,0.688454356996,0.724057173309,
    0.776269896476,0.812874741774,0.842035855383,0.881846594048,
    0.933938586794,1.),.UNSPECIFIED.);
#4478 = CARTESIAN_POINT('',(2.7,5.358171329848,2.085E+03));
#4479 = CARTESIAN_POINT('',(2.7,5.358171329848,2.085169476644E+03));
#4480 = CARTESIAN_POINT('',(2.687234558214,5.364603873885,
    2.0853388565E+03));
#4481 = CARTESIAN_POINT('',(2.661730746246,5.377455342023,
    2.085507292154E+03));
#4482 = CARTESIAN_POINT('',(2.6234896483,5.396439129219,
    2.085673924769E+03));
#4483 = CARTESIAN_POINT('',(2.57249766642,5.420994045995,
    2.085837838706E+03));
#4484 = CARTESIAN_POINT('',(2.459727403913,5.472902030523,
    2.086121315811E+03));
#4485 = CARTESIAN_POINT('',(2.403126645397,5.498313410574,
    2.086242424779E+03));
#4486 = CARTESIAN_POINT('',(2.338920671442,5.526224695928,
    2.086361026386E+03));
#4487 = CARTESIAN_POINT('',(2.267009692586,5.556241393589,
    2.086476747109E+03));
#4488 = CARTESIAN_POINT('',(2.187263182524,5.587902090886,
    2.086589134192E+03));
#4489 = CARTESIAN_POINT('',(2.030763471844,5.646360706494,
    2.086782684318E+03));
#4490 = CARTESIAN_POINT('',(1.95707292488,5.67273631699,
    2.086865364458E+03));
#4491 = CARTESIAN_POINT('',(1.878360905795,5.699551966583,
    2.086945434739E+03));
#4492 = CARTESIAN_POINT('',(1.794524241451,5.726527476122,
    2.087022595224E+03));
#4493 = CARTESIAN_POINT('',(1.70546140091,5.753347073179,
    2.087096481828E+03));
#4494 = CARTESIAN_POINT('',(1.544496828789,5.798215806321,
    2.087216170773E+03));
#4495 = CARTESIAN_POINT('',(1.475258558826,5.816524088165,
    2.087263842215E+03));
#4496 = CARTESIAN_POINT('',(1.403351550818,5.834450164152,
    2.087309506246E+03));
#4497 = CARTESIAN_POINT('',(1.3287771111,5.851852708541,
    2.087352976461E+03));
#4498 = CARTESIAN_POINT('',(1.251546479126,5.868582684289,
    2.087394052985E+03));
#4499 = CARTESIAN_POINT('',(1.072580815283,5.904217194812,
    2.087480256008E+03));
#4500 = CARTESIAN_POINT('',(0.969303772614,5.922698959842,
    2.087524032825E+03));
#4501 = CARTESIAN_POINT('',(0.86215298169,5.939572106963,
    2.087563291015E+03));
#4502 = CARTESIAN_POINT('',(0.75147449552,5.95449663495,
    2.087597531018E+03));
#4503 = CARTESIAN_POINT('',(0.63765599056,5.967166623772,
    2.087626309148E+03));
#4504 = CARTESIAN_POINT('',(0.350228512902,5.992225597024,
    2.08768284843E+03));
#4505 = CARTESIAN_POINT('',(0.173617028065,6.001715386466,
    2.087703848435E+03));
#4506 = CARTESIAN_POINT('',(-5.900657849176E-03,6.004876046284,
    2.087710740468E+03));
#4507 = CARTESIAN_POINT('',(-0.18535410056,6.001357400637,
    2.087703060687E+03));
#4508 = CARTESIAN_POINT('',(-0.361774908499,5.99153145693,
    2.087681304781E+03));
#4509 = CARTESIAN_POINT('',(-0.651952870668,5.965682971808,
    2.087622944594E+03));
#4510 = CARTESIAN_POINT('',(-0.768624165949,5.952395571378,
    2.087592733514E+03));
#4511 = CARTESIAN_POINT('',(-0.881926079055,5.936755500571,
    2.087556796577E+03));
#4512 = CARTESIAN_POINT('',(-0.991455105537,5.919097308435,
    2.087515617457E+03));
#4513 = CARTESIAN_POINT('',(-1.096854112611,5.899790425673,
    2.087469737158E+03));
#4514 = CARTESIAN_POINT('',(-1.278243474163,5.862834725815,
    2.087379946981E+03));
#4515 = CARTESIAN_POINT('',(-1.355940508036,5.845629810045,
    2.087337491828E+03));
#4516 = CARTESIAN_POINT('',(-1.430888463725,5.827767775261,
    2.087292616319E+03));
#4517 = CARTESIAN_POINT('',(-1.503081194623,5.809402835198,
    2.087245525847E+03));
#4518 = CARTESIAN_POINT('',(-1.572522502041,5.790680543434,
    2.087196410625E+03));
#4519 = CARTESIAN_POINT('',(-1.730288413351,5.745873592308,
    2.087075869781E+03));
#4520 = CARTESIAN_POINT('',(-1.816270165693,5.719590869018,
    2.087002830085E+03));
#4521 = CARTESIAN_POINT('',(-1.897264730853,5.693213590804,
    2.086926718768E+03));
#4522 = CARTESIAN_POINT('',(-1.973368121561,5.667033071102,
    2.086847868701E+03));
#4523 = CARTESIAN_POINT('',(-2.04467676797,5.6413084198,
    2.086766554825E+03));
#4524 = CARTESIAN_POINT('',(-2.198443328658,5.583503995028,
    2.086573657528E+03));
#4525 = CARTESIAN_POINT('',(-2.277576530656,5.551903569277,
    2.086460446235E+03));
#4526 = CARTESIAN_POINT('',(-2.348828967079,5.522004004727,
    2.086343918214E+03));
#4527 = CARTESIAN_POINT('',(-2.412328606624,5.494267967563,
    2.08622452767E+03));
#4528 = CARTESIAN_POINT('',(-2.468172464932,5.469090265069,
    2.086102650453E+03));
#4529 = CARTESIAN_POINT('',(-2.577585926773,5.418541493616,
    2.085821302794E+03));
#4530 = CARTESIAN_POINT('',(-2.626542255085,5.394923318585,
    2.085660483307E+03));
#4531 = CARTESIAN_POINT('',(-2.663258292544,5.376685604098,
    2.085497102648E+03));
#4532 = CARTESIAN_POINT('',(-2.687744761372,5.364346781614,
    2.085332023018E+03));
#4533 = CARTESIAN_POINT('',(-2.7,5.358171329848,2.085166055306E+03));
#4534 = CARTESIAN_POINT('',(-2.7,5.358171329848,2.084909566864E+03));
#4535 = CARTESIAN_POINT('',(-2.696365413789,5.360002976893,
    2.084819138941E+03));
#4536 = CARTESIAN_POINT('',(-2.689096551515,5.363665664734,
    2.084728853978E+03));
#4537 = CARTESIAN_POINT('',(-2.678194837615,5.369135609346,
    2.084638852133E+03));
#4538 = CARTESIAN_POINT('',(-2.663662810825,5.376365848933,
    2.084549275979E+03));
#4539 = CARTESIAN_POINT('',(-2.62963969937,5.393079590338,
    2.084382510438E+03));
#4540 = CARTESIAN_POINT('',(-2.611007851176,5.402162975778,
    2.084305188399E+03));
#4541 = CARTESIAN_POINT('',(-2.589608138402,5.412491035989,
    2.084228386229E+03));
#4542 = CARTESIAN_POINT('',(-2.565438722161,5.424007420814,
    2.08415219005E+03));
#4543 = CARTESIAN_POINT('',(-2.538496365862,5.436644794198,
    2.084076690266E+03));
#4544 = CARTESIAN_POINT('',(-2.421225072494,5.490624596554,
    2.08378189866E+03));
#4545 = CARTESIAN_POINT('',(-2.309738030023,5.539897547565,
    2.083569101759E+03));
#4546 = CARTESIAN_POINT('',(-2.174010534722,5.596249235982,
    2.083365053188E+03));
#4547 = CARTESIAN_POINT('',(-2.013110470914,5.657274464456,
    2.083171925408E+03));
#4548 = CARTESIAN_POINT('',(-1.825779490404,5.71980851138,
    2.082992983481E+03));
#4549 = CARTESIAN_POINT('',(-1.544496828786,5.798215806322,
    2.082783829227E+03));
#4550 = CARTESIAN_POINT('',(-1.475258558826,5.816524088165,
    2.082736157785E+03));
#4551 = CARTESIAN_POINT('',(-1.40335155082,5.834450164151,
    2.082690493754E+03));
#4552 = CARTESIAN_POINT('',(-1.3287771111,5.851852708541,
    2.082647023539E+03));
#4553 = CARTESIAN_POINT('',(-1.251546479123,5.86858268429,
    2.082605947015E+03));
#4554 = CARTESIAN_POINT('',(-1.072580815282,5.904217194812,
    2.082519743992E+03));
#4555 = CARTESIAN_POINT('',(-0.969303772613,5.922698959842,
    2.082475967175E+03));
#4556 = CARTESIAN_POINT('',(-0.862152981689,5.939572106963,
    2.082436708985E+03));
#4557 = CARTESIAN_POINT('',(-0.751474495519,5.95449663495,
    2.082402468982E+03));
#4558 = CARTESIAN_POINT('',(-0.637655990559,5.967166623772,
    2.082373690852E+03));
#4559 = CARTESIAN_POINT('',(-0.3502285129,5.992225597024,
    2.08231715157E+03));
#4560 = CARTESIAN_POINT('',(-0.173617028066,6.001715386465,
    2.082296151565E+03));
#4561 = CARTESIAN_POINT('',(5.900657849996E-03,6.004876046284,
    2.082289259532E+03));
#4562 = CARTESIAN_POINT('',(0.185354100563,6.001357400636,
    2.082296939313E+03));
#4563 = CARTESIAN_POINT('',(0.361774908498,5.99153145693,
    2.082318695219E+03));
#4564 = CARTESIAN_POINT('',(0.651952870669,5.965682971808,
    2.082377055406E+03));
#4565 = CARTESIAN_POINT('',(0.768624165949,5.952395571378,
    2.082407266486E+03));
#4566 = CARTESIAN_POINT('',(0.881926079055,5.936755500571,
    2.082443203423E+03));
#4567 = CARTESIAN_POINT('',(0.991455105538,5.919097308435,
    2.082484382543E+03));
#4568 = CARTESIAN_POINT('',(1.096854112612,5.899790425673,
    2.082530262842E+03));
#4569 = CARTESIAN_POINT('',(1.278243474164,5.862834725815,
    2.082620053019E+03));
#4570 = CARTESIAN_POINT('',(1.355940508037,5.845629810045,
    2.082662508172E+03));
#4571 = CARTESIAN_POINT('',(1.430888463725,5.827767775261,
    2.082707383681E+03));
#4572 = CARTESIAN_POINT('',(1.503081194624,5.809402835198,
    2.082754474153E+03));
#4573 = CARTESIAN_POINT('',(1.572522502042,5.790680543433,
    2.082803589375E+03));
#4574 = CARTESIAN_POINT('',(1.730288413351,5.745873592308,
    2.082924130219E+03));
#4575 = CARTESIAN_POINT('',(1.816270165693,5.719590869018,
    2.082997169915E+03));
#4576 = CARTESIAN_POINT('',(1.897264730853,5.693213590804,
    2.083073281232E+03));
#4577 = CARTESIAN_POINT('',(1.973368121562,5.667033071101,
    2.083152131299E+03));
#4578 = CARTESIAN_POINT('',(2.044676767971,5.6413084198,
    2.083233445175E+03));
#4579 = CARTESIAN_POINT('',(2.198443328658,5.583503995028,
    2.083426342472E+03));
#4580 = CARTESIAN_POINT('',(2.277576530656,5.551903569277,
    2.083539553765E+03));
#4581 = CARTESIAN_POINT('',(2.34882896708,5.522004004727,
    2.083656081786E+03));
#4582 = CARTESIAN_POINT('',(2.412328606624,5.494267967563,
    2.08377547233E+03));
#4583 = CARTESIAN_POINT('',(2.468172464933,5.469090265069,
    2.083897349547E+03));
#4584 = CARTESIAN_POINT('',(2.577585926773,5.418541493616,
    2.084178697206E+03));
#4585 = CARTESIAN_POINT('',(2.626542255085,5.394923318585,
    2.084339516693E+03));
#4586 = CARTESIAN_POINT('',(2.663258292544,5.376685604098,
    2.084502897352E+03));
#4587 = CARTESIAN_POINT('',(2.687744761372,5.364346781614,
    2.084667976982E+03));
#4588 = CARTESIAN_POINT('',(2.7,5.358171329848,2.084833944694E+03));
#4589 = CARTESIAN_POINT('',(2.7,5.358171329848,2.085E+03));
#4590 = PCURVE('',#3913,#4591);
#4591 = DEFINITIONAL_REPRESENTATION('',(#4592),#4705);
#4592 = B_SPLINE_CURVE_WITH_KNOTS('',6,(#4593,#4594,#4595,#4596,#4597,
    #4598,#4599,#4600,#4601,#4602,#4603,#4604,#4605,#4606,#4607,#4608,
    #4609,#4610,#4611,#4612,#4613,#4614,#4615,#4616,#4617,#4618,#4619,
    #4620,#4621,#4622,#4623,#4624,#4625,#4626,#4627,#4628,#4629,#4630,
    #4631,#4632,#4633,#4634,#4635,#4636,#4637,#4638,#4639,#4640,#4641,
    #4642,#4643,#4644,#4645,#4646,#4647,#4648,#4649,#4650,#4651,#4652,
    #4653,#4654,#4655,#4656,#4657,#4658,#4659,#4660,#4661,#4662,#4663,
    #4664,#4665,#4666,#4667,#4668,#4669,#4670,#4671,#4672,#4673,#4674,
    #4675,#4676,#4677,#4678,#4679,#4680,#4681,#4682,#4683,#4684,#4685,
    #4686,#4687,#4688,#4689,#4690,#4691,#4692,#4693,#4694,#4695,#4696,
    #4697,#4698,#4699,#4700,#4701,#4702,#4703,#4704),.UNSPECIFIED.,.F.,
  .F.,(7,5,5,5,5,5,5,5,5,5,5,5,5,5,5,5,5,5,5,5,5,5,7),(0.,
    6.736432339946E-02,0.119217602819,0.159866686129,0.188539260192,
    0.224117624203,0.27629448725,0.312874192045,0.342015277565,
    0.381798673892,0.433854889435,0.499870931127,0.535823035348,
    0.567232765831,0.659762076844,0.688454356996,0.724057173309,
    0.776269896476,0.812874741774,0.842035855383,0.881846594048,
    0.933938586794,1.),.UNSPECIFIED.);
#4593 = CARTESIAN_POINT('',(0.,10.641828670152));
#4594 = CARTESIAN_POINT('',(6.276912726157E-02,10.641828670152));
#4595 = CARTESIAN_POINT('',(0.125502402289,10.635396126115));
#4596 = CARTESIAN_POINT('',(0.188331154028,10.622544657977));
#4597 = CARTESIAN_POINT('',(0.251379817501,10.603560870781));
#4598 = CARTESIAN_POINT('',(0.314769988434,10.579005954005));
#4599 = CARTESIAN_POINT('',(0.427764156142,10.527097969477));
#4600 = CARTESIAN_POINT('',(0.477191239922,10.501686589426));
#4601 = CARTESIAN_POINT('',(0.527010523694,10.473775304072));
#4602 = CARTESIAN_POINT('',(0.577332483537,10.443758606411));
#4603 = CARTESIAN_POINT('',(0.62827094915,10.412097909114));
#4604 = CARTESIAN_POINT('',(0.720458069337,10.353639293506));
#4605 = CARTESIAN_POINT('',(0.761430476482,10.32726368301));
#4606 = CARTESIAN_POINT('',(0.802940446646,10.300448033417));
#4607 = CARTESIAN_POINT('',(0.845058566856,10.273472523878));
#4608 = CARTESIAN_POINT('',(0.887857813062,10.246652926821));
#4609 = CARTESIAN_POINT('',(0.962149195305,10.201784193679));
#4610 = CARTESIAN_POINT('',(0.99326282144,10.183475911835));
#4611 = CARTESIAN_POINT('',(1.024778253609,10.165549835848));
#4612 = CARTESIAN_POINT('',(1.056712601419,10.148147291459));
#4613 = CARTESIAN_POINT('',(1.089084874903,10.131417315711));
#4614 = CARTESIAN_POINT('',(1.162656942357,10.095782805188));
#4615 = CARTESIAN_POINT('',(1.204154324878,10.077301040158));
#4616 = CARTESIAN_POINT('',(1.24633987896,10.060427893037));
#4617 = CARTESIAN_POINT('',(1.289161859135,10.04550336505));
#4618 = CARTESIAN_POINT('',(1.332581461881,10.032833376228));
#4619 = CARTESIAN_POINT('',(1.4410761156,10.007774402976));
#4620 = CARTESIAN_POINT('',(1.506758962998,9.998284613534));
#4621 = CARTESIAN_POINT('',(1.572972953327,9.995123953716));
#4622 = CARTESIAN_POINT('',(1.63917531501,9.998642599363));
#4623 = CARTESIAN_POINT('',(1.704822350838,10.00846854307));
#4624 = CARTESIAN_POINT('',(1.814447701836,10.034317028192));
#4625 = CARTESIAN_POINT('',(1.859017262542,10.047604428622));
#4626 = CARTESIAN_POINT('',(1.902947361673,10.063244499429));
#4627 = CARTESIAN_POINT('',(1.946200153652,10.080902691565));
#4628 = CARTESIAN_POINT('',(1.988723632105,10.100209574327));
#4629 = CARTESIAN_POINT('',(2.063685329038,10.137165274185));
#4630 = CARTESIAN_POINT('',(2.096450991513,10.154370189955));
#4631 = CARTESIAN_POINT('',(2.128767900466,10.172232224739));
#4632 = CARTESIAN_POINT('',(2.160657075941,10.190597164802));
#4633 = CARTESIAN_POINT('',(2.192137657553,10.209319456566));
#4634 = CARTESIAN_POINT('',(2.265672899484,10.254126407692));
#4635 = CARTESIAN_POINT('',(2.307401022847,10.280409130982));
#4636 = CARTESIAN_POINT('',(2.348489586892,10.306786409196));
#4637 = CARTESIAN_POINT('',(2.389006865927,10.332966928898));
#4638 = CARTESIAN_POINT('',(2.429019017961,10.3586915802));
#4639 = CARTESIAN_POINT('',(2.520383857672,10.416496004972));
#4640 = CARTESIAN_POINT('',(2.571440479789,10.448096430723));
#4641 = CARTESIAN_POINT('',(2.621887963194,10.477995995273));
#4642 = CARTESIAN_POINT('',(2.671839934705,10.505732032437));
#4643 = CARTESIAN_POINT('',(2.72140673846,10.530909734931));
#4644 = CARTESIAN_POINT('',(2.833211861644,10.581458506384));
#4645 = CARTESIAN_POINT('',(2.895296500838,10.605076681415));
#4646 = CARTESIAN_POINT('',(2.957061810026,10.623314395902));
#4647 = CARTESIAN_POINT('',(3.018621170444,10.635653218386));
#4648 = CARTESIAN_POINT('',(3.080090688293,10.641828670152));
#4649 = CARTESIAN_POINT('',(3.175086407675,10.641828670152));
#4650 = CARTESIAN_POINT('',(3.208578349147,10.639997023107));
#4651 = CARTESIAN_POINT('',(3.242084736835,10.636334335266));
#4652 = CARTESIAN_POINT('',(3.27562150673,10.630864390654));
#4653 = CARTESIAN_POINT('',(3.309204271983,10.623634151067));
#4654 = CARTESIAN_POINT('',(3.372241611424,10.606920409662));
#4655 = CARTESIAN_POINT('',(3.401680947449,10.597837024222));
#4656 = CARTESIAN_POINT('',(3.431182031944,10.587508964011));
#4657 = CARTESIAN_POINT('',(3.460760406256,10.575992579186));
#4658 = CARTESIAN_POINT('',(3.490431452117,10.563355205802));
#4659 = CARTESIAN_POINT('',(3.607935587477,10.509375403446));
#4660 = CARTESIAN_POINT('',(3.69643080379,10.460102452435));
#4661 = CARTESIAN_POINT('',(3.786445825545,10.403750764018));
#4662 = CARTESIAN_POINT('',(3.878695736523,10.342725535544));
#4663 = CARTESIAN_POINT('',(3.973919009887,10.28019148862));
#4664 = CARTESIAN_POINT('',(4.103741848896,10.201784193678));
#4665 = CARTESIAN_POINT('',(4.13485547503,10.183475911835));
#4666 = CARTESIAN_POINT('',(4.166370907198,10.165549835849));
#4667 = CARTESIAN_POINT('',(4.198305255009,10.148147291459));
#4668 = CARTESIAN_POINT('',(4.230677528494,10.13141731571));
#4669 = CARTESIAN_POINT('',(4.304249595947,10.095782805188));
#4670 = CARTESIAN_POINT('',(4.345746978468,10.077301040158));
#4671 = CARTESIAN_POINT('',(4.38793253255,10.060427893037));
#4672 = CARTESIAN_POINT('',(4.430754512725,10.04550336505));
#4673 = CARTESIAN_POINT('',(4.474174115471,10.032833376228));
#4674 = CARTESIAN_POINT('',(4.58266876919,10.007774402976));
#4675 = CARTESIAN_POINT('',(4.648351616588,9.998284613535));
#4676 = CARTESIAN_POINT('',(4.714565606918,9.995123953716));
#4677 = CARTESIAN_POINT('',(4.780767968601,9.998642599364));
#4678 = CARTESIAN_POINT('',(4.846415004427,10.00846854307));
#4679 = CARTESIAN_POINT('',(4.956040355426,10.034317028192));
#4680 = CARTESIAN_POINT('',(5.000609916132,10.047604428622));
#4681 = CARTESIAN_POINT('',(5.044540015263,10.063244499429));
#4682 = CARTESIAN_POINT('',(5.087792807242,10.080902691565));
#4683 = CARTESIAN_POINT('',(5.130316285695,10.100209574327));
#4684 = CARTESIAN_POINT('',(5.205277982628,10.137165274185));
#4685 = CARTESIAN_POINT('',(5.238043645103,10.154370189955));
#4686 = CARTESIAN_POINT('',(5.270360554056,10.172232224739));
#4687 = CARTESIAN_POINT('',(5.302249729531,10.190597164802));
#4688 = CARTESIAN_POINT('',(5.333730311143,10.209319456567));
#4689 = CARTESIAN_POINT('',(5.407265553074,10.254126407692));
#4690 = CARTESIAN_POINT('',(5.448993676437,10.280409130982));
#4691 = CARTESIAN_POINT('',(5.490082240482,10.306786409196));
#4692 = CARTESIAN_POINT('',(5.530599519517,10.332966928899));
#4693 = CARTESIAN_POINT('',(5.570611671552,10.3586915802));
#4694 = CARTESIAN_POINT('',(5.661976511262,10.416496004972));
#4695 = CARTESIAN_POINT('',(5.713033133379,10.448096430723));
#4696 = CARTESIAN_POINT('',(5.763480616784,10.477995995273));
#4697 = CARTESIAN_POINT('',(5.813432588294,10.505732032437));
#4698 = CARTESIAN_POINT('',(5.86299939205,10.530909734931));
#4699 = CARTESIAN_POINT('',(5.974804515234,10.581458506384));
#4700 = CARTESIAN_POINT('',(6.036889154428,10.605076681415));
#4701 = CARTESIAN_POINT('',(6.098654463615,10.623314395902));
#4702 = CARTESIAN_POINT('',(6.160213824033,10.635653218386));
#4703 = CARTESIAN_POINT('',(6.221683341883,10.641828670152));
#4704 = CARTESIAN_POINT('',(6.28318530718,10.641828670152));
#4705 = ( GEOMETRIC_REPRESENTATION_CONTEXT(2) 
PARAMETRIC_REPRESENTATION_CONTEXT() REPRESENTATION_CONTEXT('2D SPACE',''
  ) );
#4706 = PCURVE('',#4400,#4707);
#4707 = DEFINITIONAL_REPRESENTATION('',(#4708),#4821);
#4708 = B_SPLINE_CURVE_WITH_KNOTS('',6,(#4709,#4710,#4711,#4712,#4713,
    #4714,#4715,#4716,#4717,#4718,#4719,#4720,#4721,#4722,#4723,#4724,
    #4725,#4726,#4727,#4728,#4729,#4730,#4731,#4732,#4733,#4734,#4735,
    #4736,#4737,#4738,#4739,#4740,#4741,#4742,#4743,#4744,#4745,#4746,
    #4747,#4748,#4749,#4750,#4751,#4752,#4753,#4754,#4755,#4756,#4757,
    #4758,#4759,#4760,#4761,#4762,#4763,#4764,#4765,#4766,#4767,#4768,
    #4769,#4770,#4771,#4772,#4773,#4774,#4775,#4776,#4777,#4778,#4779,
    #4780,#4781,#4782,#4783,#4784,#4785,#4786,#4787,#4788,#4789,#4790,
    #4791,#4792,#4793,#4794,#4795,#4796,#4797,#4798,#4799,#4800,#4801,
    #4802,#4803,#4804,#4805,#4806,#4807,#4808,#4809,#4810,#4811,#4812,
    #4813,#4814,#4815,#4816,#4817,#4818,#4819,#4820),.UNSPECIFIED.,.T.,
  .F.,(7,5,5,5,5,5,5,5,5,5,5,5,5,5,5,5,5,5,5,5,5,5,7),(0.,
    6.736432339946E-02,0.119217602819,0.159866686129,0.188539260192,
    0.224117624203,0.27629448725,0.312874192045,0.342015277565,
    0.381798673892,0.433854889435,0.499870931127,0.535823035348,
    0.567232765831,0.659762076844,0.688454356996,0.724057173309,
    0.776269896476,0.812874741774,0.842035855383,0.881846594048,
    0.933938586794,1.),.UNSPECIFIED.);
#4709 = CARTESIAN_POINT('',(1.104030987748,31.));
#4710 = CARTESIAN_POINT('',(1.104030987748,31.169476643606));
#4711 = CARTESIAN_POINT('',(1.106413408521,31.33885649997));
#4712 = CARTESIAN_POINT('',(1.11117322624,31.507292153703));
#4713 = CARTESIAN_POINT('',(1.118288696284,31.673924769004));
#4714 = CARTESIAN_POINT('',(1.127719959808,31.837838706064));
#4715 = CARTESIAN_POINT('',(1.148410517882,32.121315811327));
#4716 = CARTESIAN_POINT('',(1.158750610431,32.24242477935));
#4717 = CARTESIAN_POINT('',(1.1704177121,32.361026385947));
#4718 = CARTESIAN_POINT('',(1.183402535044,32.476747109033));
#4719 = CARTESIAN_POINT('',(1.197699823477,32.58913419152));
#4720 = CARTESIAN_POINT('',(1.225543418981,32.782684317698));
#4721 = CARTESIAN_POINT('',(1.238586937179,32.865364458048));
#4722 = CARTESIAN_POINT('',(1.252443442965,32.945434739387));
#4723 = CARTESIAN_POINT('',(1.267118117011,33.022595223624));
#4724 = CARTESIAN_POINT('',(1.282617042432,33.096481828149));
#4725 = CARTESIAN_POINT('',(1.310467235276,33.216170773331));
#4726 = CARTESIAN_POINT('',(1.322402499077,33.263842214568));
#4727 = CARTESIAN_POINT('',(1.334751863472,33.30950624597));
#4728 = CARTESIAN_POINT('',(1.347512542738,33.3529764607));
#4729 = CARTESIAN_POINT('',(1.360681005888,33.394052985482));
#4730 = CARTESIAN_POINT('',(1.391094145946,33.480256008481));
#4731 = CARTESIAN_POINT('',(1.408577134143,33.524032824625));
#4732 = CARTESIAN_POINT('',(1.426649491619,33.563291014671));
#4733 = CARTESIAN_POINT('',(1.445255631148,33.597531017924));
#4734 = CARTESIAN_POINT('',(1.464337083672,33.626309148342));
#4735 = CARTESIAN_POINT('',(1.512423379668,33.682848429841));
#4736 = CARTESIAN_POINT('',(1.541884812328,33.703848434677));
#4737 = CARTESIAN_POINT('',(1.571778944646,33.710740467642));
#4738 = CARTESIAN_POINT('',(1.601663546314,33.703060687013));
#4739 = CARTESIAN_POINT('',(1.631096399789,33.681304781403));
#4740 = CARTESIAN_POINT('',(1.679650892061,33.62294459429));
#4741 = CARTESIAN_POINT('',(1.699215885572,33.592733514102));
#4742 = CARTESIAN_POINT('',(1.718270827212,33.556796577373));
#4743 = CARTESIAN_POINT('',(1.736754790529,33.515617457007));
#4744 = CARTESIAN_POINT('',(1.754610092078,33.469737157529));
#4745 = CARTESIAN_POINT('',(1.785462709578,33.379946980967));
#4746 = CARTESIAN_POINT('',(1.798723996349,33.337491827894));
#4747 = CARTESIAN_POINT('',(1.811562800362,33.292616318964));
#4748 = CARTESIAN_POINT('',(1.823976180197,33.245525847189));
#4749 = CARTESIAN_POINT('',(1.835961929727,33.196410625452));
#4750 = CARTESIAN_POINT('',(1.863296150058,33.075869781365));
#4751 = CARTESIAN_POINT('',(1.878278025681,33.002830085076));
#4752 = CARTESIAN_POINT('',(1.892471677012,32.926718767949));
#4753 = CARTESIAN_POINT('',(1.905882797753,32.847868701477));
#4754 = CARTESIAN_POINT('',(1.918516141459,32.766554824575));
#4755 = CARTESIAN_POINT('',(1.945894918067,32.57365752754));
#4756 = CARTESIAN_POINT('',(1.960093571316,32.460446235417));
#4757 = CARTESIAN_POINT('',(1.972969672148,32.343918214138));
#4758 = CARTESIAN_POINT('',(1.984517234399,32.224527670402));
#4759 = CARTESIAN_POINT('',(1.994726327281,32.102650452553));
#4760 = CARTESIAN_POINT('',(2.014813971305,31.821302793641));
#4761 = CARTESIAN_POINT('',(2.023871982913,31.660483307097));
#4762 = CARTESIAN_POINT('',(2.030704516833,31.497102648002));
#4763 = CARTESIAN_POINT('',(2.035274464094,31.332023017848));
#4764 = CARTESIAN_POINT('',(2.037561665842,31.166055306302));
#4765 = CARTESIAN_POINT('',(2.037561665842,30.90956686397));
#4766 = CARTESIAN_POINT('',(2.036883312878,30.819138941295));
#4767 = CARTESIAN_POINT('',(2.035526737667,30.728853977787));
#4768 = CARTESIAN_POINT('',(2.033493925949,30.638852132823));
#4769 = CARTESIAN_POINT('',(2.030788718487,30.549275979344));
#4770 = CARTESIAN_POINT('',(2.024470927767,30.382510437876));
#4771 = CARTESIAN_POINT('',(2.021016240164,30.305188399438));
#4772 = CARTESIAN_POINT('',(2.017056033769,30.228386229217));
#4773 = CARTESIAN_POINT('',(2.012594011736,30.152190049861));
#4774 = CARTESIAN_POINT('',(2.007634294862,30.076690265998));
#4775 = CARTESIAN_POINT('',(1.986117908787,29.781898660166));
#4776 = CARTESIAN_POINT('',(1.965805244992,29.569101758748));
#4777 = CARTESIAN_POINT('',(1.941321947323,29.365053187833));
#4778 = CARTESIAN_POINT('',(1.912666927247,29.171925407706));
#4779 = CARTESIAN_POINT('',(1.879793123675,28.992983481068));
#4780 = CARTESIAN_POINT('',(1.831125418313,28.783829226667));
#4781 = CARTESIAN_POINT('',(1.819190154513,28.736157785432));
#4782 = CARTESIAN_POINT('',(1.806840790118,28.690493754031));
#4783 = CARTESIAN_POINT('',(1.794080110852,28.6470235393));
#4784 = CARTESIAN_POINT('',(1.780911647701,28.605947014517));
#4785 = CARTESIAN_POINT('',(1.750498507644,28.519743991519));
#4786 = CARTESIAN_POINT('',(1.733015519447,28.475967175375));
#4787 = CARTESIAN_POINT('',(1.714943161971,28.436708985329));
#4788 = CARTESIAN_POINT('',(1.696337022442,28.402468982076));
#4789 = CARTESIAN_POINT('',(1.677255569918,28.373690851658));
#4790 = CARTESIAN_POINT('',(1.629169273922,28.317151570159));
#4791 = CARTESIAN_POINT('',(1.599707841262,28.296151565323));
#4792 = CARTESIAN_POINT('',(1.569813708944,28.289259532357));
#4793 = CARTESIAN_POINT('',(1.539929107275,28.296939312987));
#4794 = CARTESIAN_POINT('',(1.510496253801,28.318695218596));
#4795 = CARTESIAN_POINT('',(1.461941761529,28.377055405711));
#4796 = CARTESIAN_POINT('',(1.442376768018,28.407266485898));
#4797 = CARTESIAN_POINT('',(1.423321826378,28.443203422627));
#4798 = CARTESIAN_POINT('',(1.40483786306,28.484382542993));
#4799 = CARTESIAN_POINT('',(1.386982561511,28.530262842471));
#4800 = CARTESIAN_POINT('',(1.356129944012,28.620053019033));
#4801 = CARTESIAN_POINT('',(1.34286865724,28.662508172107));
#4802 = CARTESIAN_POINT('',(1.330029853228,28.707383681036));
#4803 = CARTESIAN_POINT('',(1.317616473392,28.754474152811));
#4804 = CARTESIAN_POINT('',(1.305630723863,28.803589374549));
#4805 = CARTESIAN_POINT('',(1.278296503532,28.924130218635));
#4806 = CARTESIAN_POINT('',(1.263314627909,28.997169914924));
#4807 = CARTESIAN_POINT('',(1.249120976577,29.073281232052));
#4808 = CARTESIAN_POINT('',(1.235709855837,29.152131298523));
#4809 = CARTESIAN_POINT('',(1.223076512131,29.233445175426));
#4810 = CARTESIAN_POINT('',(1.195697735522,29.42634247246));
#4811 = CARTESIAN_POINT('',(1.181499082274,29.539553764583));
#4812 = CARTESIAN_POINT('',(1.168622981441,29.656081785862));
#4813 = CARTESIAN_POINT('',(1.157075419191,29.775472329598));
#4814 = CARTESIAN_POINT('',(1.146866326309,29.897349547448));
#4815 = CARTESIAN_POINT('',(1.126778682285,30.17869720636));
#4816 = CARTESIAN_POINT('',(1.117720670677,30.339516692903));
#4817 = CARTESIAN_POINT('',(1.110888136756,30.502897351998));
#4818 = CARTESIAN_POINT('',(1.106318189495,30.667976982152));
#4819 = CARTESIAN_POINT('',(1.104030987748,30.833944693698));
#4820 = CARTESIAN_POINT('',(1.104030987748,31.));
#4821 = ( GEOMETRIC_REPRESENTATION_CONTEXT(2) 
PARAMETRIC_REPRESENTATION_CONTEXT() REPRESENTATION_CONTEXT('2D SPACE',''
  ) );
#4822 = ORIENTED_EDGE('',*,*,#4823,.F.);
#4823 = EDGE_CURVE('',#3708,#4474,#4824,.T.);
#4824 = SEAM_CURVE('',#4825,(#4829,#4836),.PCURVE_S1.);
#4825 = LINE('',#4826,#4827);
#4826 = CARTESIAN_POINT('',(2.7,16.,2.085E+03));
#4827 = VECTOR('',#4828,1.);
#4828 = DIRECTION('',(0.,-1.,2.22044604925E-16));
#4829 = PCURVE('',#3913,#4830);
#4830 = DEFINITIONAL_REPRESENTATION('',(#4831),#4835);
#4831 = LINE('',#4832,#4833);
#4832 = CARTESIAN_POINT('',(6.28318530718,-0.));
#4833 = VECTOR('',#4834,1.);
#4834 = DIRECTION('',(0.,1.));
#4835 = ( GEOMETRIC_REPRESENTATION_CONTEXT(2) 
PARAMETRIC_REPRESENTATION_CONTEXT() REPRESENTATION_CONTEXT('2D SPACE',''
  ) );
#4836 = PCURVE('',#3913,#4837);
#4837 = DEFINITIONAL_REPRESENTATION('',(#4838),#4842);
#4838 = LINE('',#4839,#4840);
#4839 = CARTESIAN_POINT('',(0.,-0.));
#4840 = VECTOR('',#4841,1.);
#4841 = DIRECTION('',(0.,1.));
#4842 = ( GEOMETRIC_REPRESENTATION_CONTEXT(2) 
PARAMETRIC_REPRESENTATION_CONTEXT() REPRESENTATION_CONTEXT('2D SPACE',''
  ) );
#4843 = ORIENTED_EDGE('',*,*,#3707,.T.);
#4844 = ORIENTED_EDGE('',*,*,#4823,.T.);
#4845 = ADVANCED_FACE('',(#4846),#4228,.F.);
#4846 = FACE_BOUND('',#4847,.F.);
#4847 = EDGE_LOOP('',(#4848,#4849,#4872,#5220));
#4848 = ORIENTED_EDGE('',*,*,#4022,.F.);
#4849 = ORIENTED_EDGE('',*,*,#4850,.F.);
#4850 = EDGE_CURVE('',#4851,#4023,#4853,.T.);
#4851 = VERTEX_POINT('',#4852);
#4852 = CARTESIAN_POINT('',(2.7,-5.358171329848,2.085E+03));
#4853 = SEAM_CURVE('',#4854,(#4858,#4865),.PCURVE_S1.);
#4854 = LINE('',#4855,#4856);
#4855 = CARTESIAN_POINT('',(2.7,16.,2.085E+03));
#4856 = VECTOR('',#4857,1.);
#4857 = DIRECTION('',(0.,-1.,2.22044604925E-16));
#4858 = PCURVE('',#4228,#4859);
#4859 = DEFINITIONAL_REPRESENTATION('',(#4860),#4864);
#4860 = LINE('',#4861,#4862);
#4861 = CARTESIAN_POINT('',(6.28318530718,-0.));
#4862 = VECTOR('',#4863,1.);
#4863 = DIRECTION('',(0.,1.));
#4864 = ( GEOMETRIC_REPRESENTATION_CONTEXT(2) 
PARAMETRIC_REPRESENTATION_CONTEXT() REPRESENTATION_CONTEXT('2D SPACE',''
  ) );
#4865 = PCURVE('',#4228,#4866);
#4866 = DEFINITIONAL_REPRESENTATION('',(#4867),#4871);
#4867 = LINE('',#4868,#4869);
#4868 = CARTESIAN_POINT('',(0.,-0.));
#4869 = VECTOR('',#4870,1.);
#4870 = DIRECTION('',(0.,1.));
#4871 = ( GEOMETRIC_REPRESENTATION_CONTEXT(2) 
PARAMETRIC_REPRESENTATION_CONTEXT() REPRESENTATION_CONTEXT('2D SPACE',''
  ) );
#4872 = ORIENTED_EDGE('',*,*,#4873,.T.);
#4873 = EDGE_CURVE('',#4851,#4851,#4874,.T.);
#4874 = SURFACE_CURVE('',#4875,(#4988,#5104),.PCURVE_S1.);
#4875 = B_SPLINE_CURVE_WITH_KNOTS('',6,(#4876,#4877,#4878,#4879,#4880,
    #4881,#4882,#4883,#4884,#4885,#4886,#4887,#4888,#4889,#4890,#4891,
    #4892,#4893,#4894,#4895,#4896,#4897,#4898,#4899,#4900,#4901,#4902,
    #4903,#4904,#4905,#4906,#4907,#4908,#4909,#4910,#4911,#4912,#4913,
    #4914,#4915,#4916,#4917,#4918,#4919,#4920,#4921,#4922,#4923,#4924,
    #4925,#4926,#4927,#4928,#4929,#4930,#4931,#4932,#4933,#4934,#4935,
    #4936,#4937,#4938,#4939,#4940,#4941,#4942,#4943,#4944,#4945,#4946,
    #4947,#4948,#4949,#4950,#4951,#4952,#4953,#4954,#4955,#4956,#4957,
    #4958,#4959,#4960,#4961,#4962,#4963,#4964,#4965,#4966,#4967,#4968,
    #4969,#4970,#4971,#4972,#4973,#4974,#4975,#4976,#4977,#4978,#4979,
    #4980,#4981,#4982,#4983,#4984,#4985,#4986,#4987),.UNSPECIFIED.,.T.,
  .F.,(7,5,5,5,5,5,5,5,5,5,5,5,5,5,5,5,5,5,5,5,5,5,7),(0.,
    6.736432704487E-02,0.119217607705,0.159866693276,0.188539268934,
    0.22411763499,0.276294501139,0.312874208127,0.342015295407,
    0.381798694136,0.433854911189,0.499870956768,0.535823061114,
    0.567232789965,0.659762096168,0.688454374828,0.724057189295,
    0.776269909763,0.812874753168,0.842035865271,0.881846601881,
    0.933938590304,1.),.UNSPECIFIED.);
#4876 = CARTESIAN_POINT('',(2.7,-5.358171329848,2.085E+03));
#4877 = CARTESIAN_POINT('',(2.7,-5.358171329848,2.085169476644E+03));
#4878 = CARTESIAN_POINT('',(2.687234558214,-5.364603873885,
    2.0853388565E+03));
#4879 = CARTESIAN_POINT('',(2.661730746246,-5.377455342023,
    2.085507292154E+03));
#4880 = CARTESIAN_POINT('',(2.6234896483,-5.396439129219,
    2.085673924769E+03));
#4881 = CARTESIAN_POINT('',(2.57249766642,-5.420994045995,
    2.085837838706E+03));
#4882 = CARTESIAN_POINT('',(2.459727405394,-5.472902029842,
    2.086121315808E+03));
#4883 = CARTESIAN_POINT('',(2.403126642147,-5.498313411915,
    2.086242424785E+03));
#4884 = CARTESIAN_POINT('',(2.338920672049,-5.526224695761,
    2.086361026386E+03));
#4885 = CARTESIAN_POINT('',(2.267009696124,-5.556241392167,
    2.086476747103E+03));
#4886 = CARTESIAN_POINT('',(2.187263179743,-5.587902091925,
    2.086589134195E+03));
#4887 = CARTESIAN_POINT('',(2.030763471844,-5.646360706494,
    2.086782684318E+03));
#4888 = CARTESIAN_POINT('',(1.95707292488,-5.67273631699,
    2.086865364458E+03));
#4889 = CARTESIAN_POINT('',(1.878360905795,-5.699551966583,
    2.086945434739E+03));
#4890 = CARTESIAN_POINT('',(1.794524241451,-5.726527476122,
    2.087022595224E+03));
#4891 = CARTESIAN_POINT('',(1.705461400911,-5.753347073179,
    2.087096481828E+03));
#4892 = CARTESIAN_POINT('',(1.544496828788,-5.798215806321,
    2.087216170773E+03));
#4893 = CARTESIAN_POINT('',(1.475258558826,-5.816524088165,
    2.087263842215E+03));
#4894 = CARTESIAN_POINT('',(1.403351550818,-5.834450164152,
    2.087309506246E+03));
#4895 = CARTESIAN_POINT('',(1.3287771111,-5.851852708541,
    2.087352976461E+03));
#4896 = CARTESIAN_POINT('',(1.251546479126,-5.868582684289,
    2.087394052985E+03));
#4897 = CARTESIAN_POINT('',(1.072580815101,-5.904217194848,
    2.087480256009E+03));
#4898 = CARTESIAN_POINT('',(0.969303772662,-5.922698959822,
    2.087524032825E+03));
#4899 = CARTESIAN_POINT('',(0.8621529819,-5.939572106934,
    2.087563291015E+03));
#4900 = CARTESIAN_POINT('',(0.751474495586,-5.954496634953,
    2.087597531018E+03));
#4901 = CARTESIAN_POINT('',(0.637655990326,-5.967166623792,
    2.087626309148E+03));
#4902 = CARTESIAN_POINT('',(0.350228512902,-5.992225597024,
    2.08768284843E+03));
#4903 = CARTESIAN_POINT('',(0.173617028065,-6.001715386466,
    2.087703848435E+03));
#4904 = CARTESIAN_POINT('',(-5.900657849036E-03,-6.004876046284,
    2.087710740468E+03));
#4905 = CARTESIAN_POINT('',(-0.18535410056,-6.001357400637,
    2.087703060687E+03));
#4906 = CARTESIAN_POINT('',(-0.361774908499,-5.99153145693,
    2.087681304781E+03));
#4907 = CARTESIAN_POINT('',(-0.651952870725,-5.965682971803,
    2.087622944594E+03));
#4908 = CARTESIAN_POINT('',(-0.768624165932,-5.952395571377,
    2.087592733514E+03));
#4909 = CARTESIAN_POINT('',(-0.881926079003,-5.936755500579,
    2.087556796577E+03));
#4910 = CARTESIAN_POINT('',(-0.991455105526,-5.91909730844,
    2.087515617457E+03));
#4911 = CARTESIAN_POINT('',(-1.096854112655,-5.899790425664,
    2.087469737158E+03));
#4912 = CARTESIAN_POINT('',(-1.278243474163,-5.862834725815,
    2.087379946981E+03));
#4913 = CARTESIAN_POINT('',(-1.355940508036,-5.845629810045,
    2.087337491828E+03));
#4914 = CARTESIAN_POINT('',(-1.430888463725,-5.827767775261,
    2.087292616319E+03));
#4915 = CARTESIAN_POINT('',(-1.503081194623,-5.809402835198,
    2.087245525847E+03));
#4916 = CARTESIAN_POINT('',(-1.572522502041,-5.790680543434,
    2.087196410625E+03));
#4917 = CARTESIAN_POINT('',(-1.730288413351,-5.745873592308,
    2.087075869781E+03));
#4918 = CARTESIAN_POINT('',(-1.816270165693,-5.719590869018,
    2.087002830085E+03));
#4919 = CARTESIAN_POINT('',(-1.897264730853,-5.693213590804,
    2.086926718768E+03));
#4920 = CARTESIAN_POINT('',(-1.973368121561,-5.667033071102,
    2.086847868701E+03));
#4921 = CARTESIAN_POINT('',(-2.04467676797,-5.6413084198,
    2.086766554825E+03));
#4922 = CARTESIAN_POINT('',(-2.198443325924,-5.583503996056,
    2.086573657531E+03));
#4923 = CARTESIAN_POINT('',(-2.277576534122,-5.551903567877,
    2.08646044623E+03));
#4924 = CARTESIAN_POINT('',(-2.348828967683,-5.522004004557,
    2.086343918214E+03));
#4925 = CARTESIAN_POINT('',(-2.412328603445,-5.494267968882,
    2.086224527676E+03));
#4926 = CARTESIAN_POINT('',(-2.468172466372,-5.469090264404,
    2.086102650449E+03));
#4927 = CARTESIAN_POINT('',(-2.577585926773,-5.418541493616,
    2.085821302794E+03));
#4928 = CARTESIAN_POINT('',(-2.626542255085,-5.394923318585,
    2.085660483307E+03));
#4929 = CARTESIAN_POINT('',(-2.663258292544,-5.376685604098,
    2.085497102648E+03));
#4930 = CARTESIAN_POINT('',(-2.687744761372,-5.364346781614,
    2.085332023018E+03));
#4931 = CARTESIAN_POINT('',(-2.7,-5.358171329848,2.085166055306E+03));
#4932 = CARTESIAN_POINT('',(-2.7,-5.358171329848,2.084909566869E+03));
#4933 = CARTESIAN_POINT('',(-2.696365413252,-5.360002977157,
    2.08481913894E+03));
#4934 = CARTESIAN_POINT('',(-2.689096551011,-5.363665664982,
    2.084728853973E+03));
#4935 = CARTESIAN_POINT('',(-2.678194837884,-5.369135609215,
    2.084638852131E+03));
#4936 = CARTESIAN_POINT('',(-2.663662811832,-5.376365848438,
    2.084549275984E+03));
#4937 = CARTESIAN_POINT('',(-2.62963969937,-5.393079590338,
    2.084382510438E+03));
#4938 = CARTESIAN_POINT('',(-2.611007851176,-5.402162975778,
    2.084305188399E+03));
#4939 = CARTESIAN_POINT('',(-2.589608138402,-5.412491035989,
    2.084228386229E+03));
#4940 = CARTESIAN_POINT('',(-2.565438722161,-5.424007420814,
    2.08415219005E+03));
#4941 = CARTESIAN_POINT('',(-2.538496365862,-5.436644794198,
    2.084076690266E+03));
#4942 = CARTESIAN_POINT('',(-2.421225072494,-5.490624596555,
    2.08378189866E+03));
#4943 = CARTESIAN_POINT('',(-2.309738030023,-5.539897547565,
    2.083569101759E+03));
#4944 = CARTESIAN_POINT('',(-2.174010534722,-5.596249235982,
    2.083365053188E+03));
#4945 = CARTESIAN_POINT('',(-2.013110470914,-5.657274464456,
    2.083171925408E+03));
#4946 = CARTESIAN_POINT('',(-1.825779490404,-5.71980851138,
    2.082992983481E+03));
#4947 = CARTESIAN_POINT('',(-1.544496828787,-5.798215806322,
    2.082783829227E+03));
#4948 = CARTESIAN_POINT('',(-1.475258558826,-5.816524088165,
    2.082736157785E+03));
#4949 = CARTESIAN_POINT('',(-1.40335155082,-5.834450164151,
    2.082690493754E+03));
#4950 = CARTESIAN_POINT('',(-1.3287771111,-5.851852708541,
    2.082647023539E+03));
#4951 = CARTESIAN_POINT('',(-1.251546479123,-5.86858268429,
    2.082605947015E+03));
#4952 = CARTESIAN_POINT('',(-1.072580815269,-5.904217194815,
    2.082519743992E+03));
#4953 = CARTESIAN_POINT('',(-0.969303772617,-5.92269895984,
    2.082475967175E+03));
#4954 = CARTESIAN_POINT('',(-0.862152981705,-5.939572106961,
    2.082436708985E+03));
#4955 = CARTESIAN_POINT('',(-0.751474495524,-5.95449663495,
    2.082402468982E+03));
#4956 = CARTESIAN_POINT('',(-0.637655990542,-5.967166623773,
    2.082373690852E+03));
#4957 = CARTESIAN_POINT('',(-0.3502285129,-5.992225597024,
    2.08231715157E+03));
#4958 = CARTESIAN_POINT('',(-0.173617028065,-6.001715386465,
    2.082296151565E+03));
#4959 = CARTESIAN_POINT('',(5.900657849398E-03,-6.004876046284,
    2.082289259532E+03));
#4960 = CARTESIAN_POINT('',(0.185354100564,-6.001357400636,
    2.082296939313E+03));
#4961 = CARTESIAN_POINT('',(0.361774908498,-5.99153145693,
    2.082318695219E+03));
#4962 = CARTESIAN_POINT('',(0.651952870668,-5.965682971808,
    2.082377055406E+03));
#4963 = CARTESIAN_POINT('',(0.76862416595,-5.952395571378,
    2.082407266486E+03));
#4964 = CARTESIAN_POINT('',(0.881926079057,-5.936755500571,
    2.082443203423E+03));
#4965 = CARTESIAN_POINT('',(0.991455105539,-5.919097308435,
    2.082484382543E+03));
#4966 = CARTESIAN_POINT('',(1.09685411261,-5.899790425673,
    2.082530262842E+03));
#4967 = CARTESIAN_POINT('',(1.278243474169,-5.862834725814,
    2.082620053019E+03));
#4968 = CARTESIAN_POINT('',(1.355940508035,-5.845629810045,
    2.082662508172E+03));
#4969 = CARTESIAN_POINT('',(1.430888463721,-5.827767775262,
    2.082707383681E+03));
#4970 = CARTESIAN_POINT('',(1.503081194623,-5.809402835199,
    2.082754474153E+03));
#4971 = CARTESIAN_POINT('',(1.572522502045,-5.790680543432,
    2.082803589375E+03));
#4972 = CARTESIAN_POINT('',(1.730288413351,-5.745873592308,
    2.082924130219E+03));
#4973 = CARTESIAN_POINT('',(1.816270165693,-5.719590869018,
    2.082997169915E+03));
#4974 = CARTESIAN_POINT('',(1.897264730853,-5.693213590804,
    2.083073281232E+03));
#4975 = CARTESIAN_POINT('',(1.973368121562,-5.667033071101,
    2.083152131299E+03));
#4976 = CARTESIAN_POINT('',(2.04467676797,-5.6413084198,
    2.083233445175E+03));
#4977 = CARTESIAN_POINT('',(2.198443325924,-5.583503996056,
    2.083426342469E+03));
#4978 = CARTESIAN_POINT('',(2.277576534122,-5.551903567876,
    2.08353955377E+03));
#4979 = CARTESIAN_POINT('',(2.348828967683,-5.522004004557,
    2.083656081786E+03));
#4980 = CARTESIAN_POINT('',(2.412328603445,-5.494267968882,
    2.083775472324E+03));
#4981 = CARTESIAN_POINT('',(2.468172466372,-5.469090264404,
    2.083897349551E+03));
#4982 = CARTESIAN_POINT('',(2.577585926773,-5.418541493616,
    2.084178697206E+03));
#4983 = CARTESIAN_POINT('',(2.626542255085,-5.394923318585,
    2.084339516693E+03));
#4984 = CARTESIAN_POINT('',(2.663258292544,-5.376685604098,
    2.084502897352E+03));
#4985 = CARTESIAN_POINT('',(2.687744761372,-5.364346781614,
    2.084667976982E+03));
#4986 = CARTESIAN_POINT('',(2.7,-5.358171329848,2.084833944694E+03));
#4987 = CARTESIAN_POINT('',(2.7,-5.358171329848,2.085E+03));
#4988 = PCURVE('',#4228,#4989);
#4989 = DEFINITIONAL_REPRESENTATION('',(#4990),#5103);
#4990 = B_SPLINE_CURVE_WITH_KNOTS('',6,(#4991,#4992,#4993,#4994,#4995,
    #4996,#4997,#4998,#4999,#5000,#5001,#5002,#5003,#5004,#5005,#5006,
    #5007,#5008,#5009,#5010,#5011,#5012,#5013,#5014,#5015,#5016,#5017,
    #5018,#5019,#5020,#5021,#5022,#5023,#5024,#5025,#5026,#5027,#5028,
    #5029,#5030,#5031,#5032,#5033,#5034,#5035,#5036,#5037,#5038,#5039,
    #5040,#5041,#5042,#5043,#5044,#5045,#5046,#5047,#5048,#5049,#5050,
    #5051,#5052,#5053,#5054,#5055,#5056,#5057,#5058,#5059,#5060,#5061,
    #5062,#5063,#5064,#5065,#5066,#5067,#5068,#5069,#5070,#5071,#5072,
    #5073,#5074,#5075,#5076,#5077,#5078,#5079,#5080,#5081,#5082,#5083,
    #5084,#5085,#5086,#5087,#5088,#5089,#5090,#5091,#5092,#5093,#5094,
    #5095,#5096,#5097,#5098,#5099,#5100,#5101,#5102),.UNSPECIFIED.,.F.,
  .F.,(7,5,5,5,5,5,5,5,5,5,5,5,5,5,5,5,5,5,5,5,5,5,7),(0.,
    6.736432704487E-02,0.119217607705,0.159866693276,0.188539268934,
    0.22411763499,0.276294501139,0.312874208127,0.342015295407,
    0.381798694136,0.433854911189,0.499870956768,0.535823061114,
    0.567232789965,0.659762096168,0.688454374828,0.724057189295,
    0.776269909763,0.812874753168,0.842035865271,0.881846601881,
    0.933938590304,1.),.UNSPECIFIED.);
#4991 = CARTESIAN_POINT('',(0.,21.358171329848));
#4992 = CARTESIAN_POINT('',(6.276912726158E-02,21.358171329848));
#4993 = CARTESIAN_POINT('',(0.125502402289,21.364603873885));
#4994 = CARTESIAN_POINT('',(0.188331154028,21.377455342023));
#4995 = CARTESIAN_POINT('',(0.251379817501,21.396439129219));
#4996 = CARTESIAN_POINT('',(0.314769988434,21.420994045995));
#4997 = CARTESIAN_POINT('',(0.427764154658,21.472902029842));
#4998 = CARTESIAN_POINT('',(0.477191242402,21.498313411915));
#4999 = CARTESIAN_POINT('',(0.527010523619,21.526224695761));
#5000 = CARTESIAN_POINT('',(0.57733248102,21.556241392167));
#5001 = CARTESIAN_POINT('',(0.628270950788,21.587902091925));
#5002 = CARTESIAN_POINT('',(0.720458069337,21.646360706494));
#5003 = CARTESIAN_POINT('',(0.761430476482,21.67273631699));
#5004 = CARTESIAN_POINT('',(0.802940446646,21.699551966583));
#5005 = CARTESIAN_POINT('',(0.845058566856,21.726527476122));
#5006 = CARTESIAN_POINT('',(0.887857813062,21.753347073179));
#5007 = CARTESIAN_POINT('',(0.962149195305,21.798215806321));
#5008 = CARTESIAN_POINT('',(0.99326282144,21.816524088165));
#5009 = CARTESIAN_POINT('',(1.024778253609,21.834450164152));
#5010 = CARTESIAN_POINT('',(1.056712601419,21.851852708541));
#5011 = CARTESIAN_POINT('',(1.089084874903,21.868582684289));
#5012 = CARTESIAN_POINT('',(1.162656942432,21.904217194848));
#5013 = CARTESIAN_POINT('',(1.204154324855,21.922698959822));
#5014 = CARTESIAN_POINT('',(1.246339878878,21.939572106934));
#5015 = CARTESIAN_POINT('',(1.289161859113,21.954496634953));
#5016 = CARTESIAN_POINT('',(1.332581461969,21.967166623792));
#5017 = CARTESIAN_POINT('',(1.4410761156,21.992225597024));
#5018 = CARTESIAN_POINT('',(1.506758962998,22.001715386466));
#5019 = CARTESIAN_POINT('',(1.572972953327,22.004876046284));
#5020 = CARTESIAN_POINT('',(1.63917531501,22.001357400637));
#5021 = CARTESIAN_POINT('',(1.704822350838,21.99153145693));
#5022 = CARTESIAN_POINT('',(1.814447701857,21.965682971803));
#5023 = CARTESIAN_POINT('',(1.859017262536,21.952395571377));
#5024 = CARTESIAN_POINT('',(1.902947361653,21.936755500579));
#5025 = CARTESIAN_POINT('',(1.946200153647,21.91909730844));
#5026 = CARTESIAN_POINT('',(1.988723632123,21.899790425664));
#5027 = CARTESIAN_POINT('',(2.063685329038,21.862834725815));
#5028 = CARTESIAN_POINT('',(2.096450991513,21.845629810045));
#5029 = CARTESIAN_POINT('',(2.128767900466,21.827767775261));
#5030 = CARTESIAN_POINT('',(2.16065707594,21.809402835198));
#5031 = CARTESIAN_POINT('',(2.192137657553,21.790680543434));
#5032 = CARTESIAN_POINT('',(2.265672899484,21.745873592308));
#5033 = CARTESIAN_POINT('',(2.307401022847,21.719590869018));
#5034 = CARTESIAN_POINT('',(2.348489586892,21.693213590804));
#5035 = CARTESIAN_POINT('',(2.389006865927,21.667033071102));
#5036 = CARTESIAN_POINT('',(2.429019017961,21.6413084198));
#5037 = CARTESIAN_POINT('',(2.520383856048,21.583503996056));
#5038 = CARTESIAN_POINT('',(2.571440482285,21.551903567877));
#5039 = CARTESIAN_POINT('',(2.621887963268,21.522004004557));
#5040 = CARTESIAN_POINT('',(2.671839932245,21.494267968882));
#5041 = CARTESIAN_POINT('',(2.721406739931,21.469090264404));
#5042 = CARTESIAN_POINT('',(2.833211861644,21.418541493616));
#5043 = CARTESIAN_POINT('',(2.895296500837,21.394923318585));
#5044 = CARTESIAN_POINT('',(2.957061810026,21.376685604098));
#5045 = CARTESIAN_POINT('',(3.018621170443,21.364346781614));
#5046 = CARTESIAN_POINT('',(3.080090688293,21.358171329848));
#5047 = CARTESIAN_POINT('',(3.17508640582,21.358171329848));
#5048 = CARTESIAN_POINT('',(3.20857834965,21.360002977157));
#5049 = CARTESIAN_POINT('',(3.242084738699,21.363665664982));
#5050 = CARTESIAN_POINT('',(3.275621507223,21.369135609215));
#5051 = CARTESIAN_POINT('',(3.309204270117,21.376365848438));
#5052 = CARTESIAN_POINT('',(3.372241611424,21.393079590338));
#5053 = CARTESIAN_POINT('',(3.401680947449,21.402162975778));
#5054 = CARTESIAN_POINT('',(3.431182031944,21.412491035989));
#5055 = CARTESIAN_POINT('',(3.460760406256,21.424007420814));
#5056 = CARTESIAN_POINT('',(3.490431452117,21.436644794198));
#5057 = CARTESIAN_POINT('',(3.607935587477,21.490624596555));
#5058 = CARTESIAN_POINT('',(3.69643080379,21.539897547565));
#5059 = CARTESIAN_POINT('',(3.786445825545,21.596249235982));
#5060 = CARTESIAN_POINT('',(3.878695736523,21.657274464456));
#5061 = CARTESIAN_POINT('',(3.973919009887,21.71980851138));
#5062 = CARTESIAN_POINT('',(4.103741848896,21.798215806322));
#5063 = CARTESIAN_POINT('',(4.13485547503,21.816524088165));
#5064 = CARTESIAN_POINT('',(4.166370907198,21.834450164151));
#5065 = CARTESIAN_POINT('',(4.198305255009,21.851852708541));
#5066 = CARTESIAN_POINT('',(4.230677528494,21.86858268429));
#5067 = CARTESIAN_POINT('',(4.304249595953,21.904217194815));
#5068 = CARTESIAN_POINT('',(4.345746978466,21.92269895984));
#5069 = CARTESIAN_POINT('',(4.387932532544,21.939572106961));
#5070 = CARTESIAN_POINT('',(4.430754512724,21.95449663495));
#5071 = CARTESIAN_POINT('',(4.474174115478,21.967166623773));
#5072 = CARTESIAN_POINT('',(4.58266876919,21.992225597024));
#5073 = CARTESIAN_POINT('',(4.648351616588,22.001715386465));
#5074 = CARTESIAN_POINT('',(4.714565606917,22.004876046284));
#5075 = CARTESIAN_POINT('',(4.780767968601,22.001357400636));
#5076 = CARTESIAN_POINT('',(4.846415004427,21.99153145693));
#5077 = CARTESIAN_POINT('',(4.956040355425,21.965682971808));
#5078 = CARTESIAN_POINT('',(5.000609916132,21.952395571378));
#5079 = CARTESIAN_POINT('',(5.044540015264,21.936755500571));
#5080 = CARTESIAN_POINT('',(5.087792807242,21.919097308435));
#5081 = CARTESIAN_POINT('',(5.130316285694,21.899790425673));
#5082 = CARTESIAN_POINT('',(5.20527798263,21.862834725814));
#5083 = CARTESIAN_POINT('',(5.238043645103,21.845629810045));
#5084 = CARTESIAN_POINT('',(5.270360554054,21.827767775262));
#5085 = CARTESIAN_POINT('',(5.30224972953,21.809402835199));
#5086 = CARTESIAN_POINT('',(5.333730311145,21.790680543432));
#5087 = CARTESIAN_POINT('',(5.407265553074,21.745873592308));
#5088 = CARTESIAN_POINT('',(5.448993676437,21.719590869018));
#5089 = CARTESIAN_POINT('',(5.490082240482,21.693213590804));
#5090 = CARTESIAN_POINT('',(5.530599519517,21.667033071101));
#5091 = CARTESIAN_POINT('',(5.570611671552,21.6413084198));
#5092 = CARTESIAN_POINT('',(5.661976509638,21.583503996056));
#5093 = CARTESIAN_POINT('',(5.713033135876,21.551903567876));
#5094 = CARTESIAN_POINT('',(5.763480616858,21.522004004557));
#5095 = CARTESIAN_POINT('',(5.813432585835,21.494267968882));
#5096 = CARTESIAN_POINT('',(5.862999393521,21.469090264404));
#5097 = CARTESIAN_POINT('',(5.974804515234,21.418541493616));
#5098 = CARTESIAN_POINT('',(6.036889154428,21.394923318585));
#5099 = CARTESIAN_POINT('',(6.098654463615,21.376685604098));
#5100 = CARTESIAN_POINT('',(6.160213824033,21.364346781614));
#5101 = CARTESIAN_POINT('',(6.221683341883,21.358171329848));
#5102 = CARTESIAN_POINT('',(6.28318530718,21.358171329848));
#5103 = ( GEOMETRIC_REPRESENTATION_CONTEXT(2) 
PARAMETRIC_REPRESENTATION_CONTEXT() REPRESENTATION_CONTEXT('2D SPACE',''
  ) );
#5104 = PCURVE('',#4400,#5105);
#5105 = DEFINITIONAL_REPRESENTATION('',(#5106),#5219);
#5106 = B_SPLINE_CURVE_WITH_KNOTS('',6,(#5107,#5108,#5109,#5110,#5111,
    #5112,#5113,#5114,#5115,#5116,#5117,#5118,#5119,#5120,#5121,#5122,
    #5123,#5124,#5125,#5126,#5127,#5128,#5129,#5130,#5131,#5132,#5133,
    #5134,#5135,#5136,#5137,#5138,#5139,#5140,#5141,#5142,#5143,#5144,
    #5145,#5146,#5147,#5148,#5149,#5150,#5151,#5152,#5153,#5154,#5155,
    #5156,#5157,#5158,#5159,#5160,#5161,#5162,#5163,#5164,#5165,#5166,
    #5167,#5168,#5169,#5170,#5171,#5172,#5173,#5174,#5175,#5176,#5177,
    #5178,#5179,#5180,#5181,#5182,#5183,#5184,#5185,#5186,#5187,#5188,
    #5189,#5190,#5191,#5192,#5193,#5194,#5195,#5196,#5197,#5198,#5199,
    #5200,#5201,#5202,#5203,#5204,#5205,#5206,#5207,#5208,#5209,#5210,
    #5211,#5212,#5213,#5214,#5215,#5216,#5217,#5218),.UNSPECIFIED.,.T.,
  .F.,(7,5,5,5,5,5,5,5,5,5,5,5,5,5,5,5,5,5,5,5,5,5,7),(0.,
    6.736432704487E-02,0.119217607705,0.159866693276,0.188539268934,
    0.22411763499,0.276294501139,0.312874208127,0.342015295407,
    0.381798694136,0.433854911189,0.499870956768,0.535823061114,
    0.567232789965,0.659762096168,0.688454374828,0.724057189295,
    0.776269909763,0.812874753168,0.842035865271,0.881846601881,
    0.933938590304,1.),.UNSPECIFIED.);
#5107 = CARTESIAN_POINT('',(5.179154319432,31.));
#5108 = CARTESIAN_POINT('',(5.179154319432,31.169476643606));
#5109 = CARTESIAN_POINT('',(5.176771898659,31.33885649997));
#5110 = CARTESIAN_POINT('',(5.172012080939,31.507292153704));
#5111 = CARTESIAN_POINT('',(5.164896610896,31.673924769003));
#5112 = CARTESIAN_POINT('',(5.155465347372,31.837838706064));
#5113 = CARTESIAN_POINT('',(5.134774789569,32.121315807605));
#5114 = CARTESIAN_POINT('',(5.124434696162,32.242424785132));
#5115 = CARTESIAN_POINT('',(5.112767595184,32.361026386071));
#5116 = CARTESIAN_POINT('',(5.099782772771,32.476747103303));
#5117 = CARTESIAN_POINT('',(5.085485483208,32.58913419496));
#5118 = CARTESIAN_POINT('',(5.057641888198,32.782684317697));
#5119 = CARTESIAN_POINT('',(5.04459837,32.865364458048));
#5120 = CARTESIAN_POINT('',(5.030741864215,32.945434739387));
#5121 = CARTESIAN_POINT('',(5.016067190168,33.022595223624));
#5122 = CARTESIAN_POINT('',(5.000568264747,33.096481828149));
#5123 = CARTESIAN_POINT('',(4.972718071903,33.216170773331));
#5124 = CARTESIAN_POINT('',(4.960782808103,33.263842214568));
#5125 = CARTESIAN_POINT('',(4.948433443707,33.30950624597));
#5126 = CARTESIAN_POINT('',(4.935672764441,33.3529764607));
#5127 = CARTESIAN_POINT('',(4.922504301291,33.394052985482));
#5128 = CARTESIAN_POINT('',(4.892091161203,33.480256008568));
#5129 = CARTESIAN_POINT('',(4.874608173045,33.524032824577));
#5130 = CARTESIAN_POINT('',(4.856535815596,33.563291014603));
#5131 = CARTESIAN_POINT('',(4.837929676042,33.597531017934));
#5132 = CARTESIAN_POINT('',(4.818848223469,33.626309148388));
#5133 = CARTESIAN_POINT('',(4.770761927512,33.682848429841));
#5134 = CARTESIAN_POINT('',(4.741300494851,33.703848434678));
#5135 = CARTESIAN_POINT('',(4.711406362534,33.710740467642));
#5136 = CARTESIAN_POINT('',(4.681521760865,33.703060687013));
#5137 = CARTESIAN_POINT('',(4.652088907391,33.681304781403));
#5138 = CARTESIAN_POINT('',(4.603534415109,33.622944594278));
#5139 = CARTESIAN_POINT('',(4.583969421611,33.5927335141));
#5140 = CARTESIAN_POINT('',(4.564914479976,33.556796577391));
#5141 = CARTESIAN_POINT('',(4.546430516652,33.515617457019));
#5142 = CARTESIAN_POINT('',(4.528575215094,33.469737157507));
#5143 = CARTESIAN_POINT('',(4.497722597602,33.379946980967));
#5144 = CARTESIAN_POINT('',(4.48446131083,33.337491827893));
#5145 = CARTESIAN_POINT('',(4.471622506818,33.292616318964));
#5146 = CARTESIAN_POINT('',(4.459209126982,33.245525847189));
#5147 = CARTESIAN_POINT('',(4.447223377453,33.196410625452));
#5148 = CARTESIAN_POINT('',(4.419889157121,33.075869781365));
#5149 = CARTESIAN_POINT('',(4.404907281499,33.002830085076));
#5150 = CARTESIAN_POINT('',(4.390713630167,32.926718767949));
#5151 = CARTESIAN_POINT('',(4.377302509427,32.847868701477));
#5152 = CARTESIAN_POINT('',(4.364669165721,32.766554824575));
#5153 = CARTESIAN_POINT('',(4.337290389599,32.57365753097));
#5154 = CARTESIAN_POINT('',(4.32309173524,32.46044622971));
#5155 = CARTESIAN_POINT('',(4.310215634928,32.343918214258));
#5156 = CARTESIAN_POINT('',(4.298668073355,32.22452767616));
#5157 = CARTESIAN_POINT('',(4.288458979634,32.102650448851));
#5158 = CARTESIAN_POINT('',(4.268371335875,31.821302793641));
#5159 = CARTESIAN_POINT('',(4.259313324267,31.660483307098));
#5160 = CARTESIAN_POINT('',(4.252480790346,31.497102648001));
#5161 = CARTESIAN_POINT('',(4.247910843085,31.332023017849));
#5162 = CARTESIAN_POINT('',(4.245623641337,31.166055306302));
#5163 = CARTESIAN_POINT('',(4.245623641337,30.909566868977));
#5164 = CARTESIAN_POINT('',(4.246301994402,30.819138939989));
#5165 = CARTESIAN_POINT('',(4.247658569606,30.728853972802));
#5166 = CARTESIAN_POINT('',(4.249691381181,30.63885213146));
#5167 = CARTESIAN_POINT('',(4.252396588506,30.549275984282));
#5168 = CARTESIAN_POINT('',(4.258714379412,30.382510437876));
#5169 = CARTESIAN_POINT('',(4.262169067015,30.305188399438));
#5170 = CARTESIAN_POINT('',(4.266129273411,30.228386229217));
#5171 = CARTESIAN_POINT('',(4.270591295443,30.152190049861));
#5172 = CARTESIAN_POINT('',(4.275551012317,30.076690265998));
#5173 = CARTESIAN_POINT('',(4.297067398393,29.781898660166));
#5174 = CARTESIAN_POINT('',(4.317380062187,29.569101758748));
#5175 = CARTESIAN_POINT('',(4.341863359857,29.365053187833));
#5176 = CARTESIAN_POINT('',(4.370518379933,29.171925407706));
#5177 = CARTESIAN_POINT('',(4.403392183505,28.992983481068));
#5178 = CARTESIAN_POINT('',(4.452059888867,28.783829226667));
#5179 = CARTESIAN_POINT('',(4.463995152667,28.736157785432));
#5180 = CARTESIAN_POINT('',(4.476344517062,28.690493754031));
#5181 = CARTESIAN_POINT('',(4.489105196328,28.6470235393));
#5182 = CARTESIAN_POINT('',(4.502273659478,28.605947014517));
#5183 = CARTESIAN_POINT('',(4.532686799538,28.519743991513));
#5184 = CARTESIAN_POINT('',(4.550169787732,28.475967175378));
#5185 = CARTESIAN_POINT('',(4.568242145206,28.436708985334));
#5186 = CARTESIAN_POINT('',(4.586848284737,28.402468982075));
#5187 = CARTESIAN_POINT('',(4.605929737265,28.373690851655));
#5188 = CARTESIAN_POINT('',(4.654016033258,28.317151570159));
#5189 = CARTESIAN_POINT('',(4.683477465918,28.296151565323));
#5190 = CARTESIAN_POINT('',(4.713371598235,28.289259532357));
#5191 = CARTESIAN_POINT('',(4.743256199905,28.296939312987));
#5192 = CARTESIAN_POINT('',(4.772689053379,28.318695218596));
#5193 = CARTESIAN_POINT('',(4.821243545651,28.37705540571));
#5194 = CARTESIAN_POINT('',(4.840808539162,28.407266485898));
#5195 = CARTESIAN_POINT('',(4.859863480802,28.443203422627));
#5196 = CARTESIAN_POINT('',(4.878347444119,28.484382542993));
#5197 = CARTESIAN_POINT('',(4.896202745668,28.530262842471));
#5198 = CARTESIAN_POINT('',(4.927055363169,28.620053019036));
#5199 = CARTESIAN_POINT('',(4.940316649939,28.662508172107));
#5200 = CARTESIAN_POINT('',(4.953155453951,28.707383681033));
#5201 = CARTESIAN_POINT('',(4.965568833787,28.75447415281));
#5202 = CARTESIAN_POINT('',(4.977554583317,28.803589374552));
#5203 = CARTESIAN_POINT('',(5.004888803648,28.924130218635));
#5204 = CARTESIAN_POINT('',(5.01987067927,28.997169914924));
#5205 = CARTESIAN_POINT('',(5.034064330602,29.073281232052));
#5206 = CARTESIAN_POINT('',(5.047475451342,29.152131298523));
#5207 = CARTESIAN_POINT('',(5.060108795049,29.233445175425));
#5208 = CARTESIAN_POINT('',(5.08748757117,29.42634246903));
#5209 = CARTESIAN_POINT('',(5.101686225529,29.53955377029));
#5210 = CARTESIAN_POINT('',(5.114562325842,29.656081785743));
#5211 = CARTESIAN_POINT('',(5.126109887415,29.77547232384));
#5212 = CARTESIAN_POINT('',(5.136318981135,29.89734955115));
#5213 = CARTESIAN_POINT('',(5.156406624895,30.17869720636));
#5214 = CARTESIAN_POINT('',(5.165464636502,30.339516692903));
#5215 = CARTESIAN_POINT('',(5.172297170423,30.502897351998));
#5216 = CARTESIAN_POINT('',(5.176867117684,30.667976982152));
#5217 = CARTESIAN_POINT('',(5.179154319432,30.833944693698));
#5218 = CARTESIAN_POINT('',(5.179154319432,31.));
#5219 = ( GEOMETRIC_REPRESENTATION_CONTEXT(2) 
PARAMETRIC_REPRESENTATION_CONTEXT() REPRESENTATION_CONTEXT('2D SPACE',''
  ) );
#5220 = ORIENTED_EDGE('',*,*,#4850,.T.);
#5221 = ADVANCED_FACE('',(#5222,#5249,#5252),#4400,.F.);
#5222 = FACE_BOUND('',#5223,.F.);
#5223 = EDGE_LOOP('',(#5224,#5225,#5246,#5247,#5248));
#5224 = ORIENTED_EDGE('',*,*,#4446,.T.);
#5225 = ORIENTED_EDGE('',*,*,#5226,.T.);
#5226 = EDGE_CURVE('',#4447,#4339,#5227,.T.);
#5227 = SEAM_CURVE('',#5228,(#5232,#5239),.PCURVE_S1.);
#5228 = LINE('',#5229,#5230);
#5229 = CARTESIAN_POINT('',(6.,-1.469576158977E-15,2.054E+03));
#5230 = VECTOR('',#5231,1.);
#5231 = DIRECTION('',(0.,0.,1.));
#5232 = PCURVE('',#4400,#5233);
#5233 = DEFINITIONAL_REPRESENTATION('',(#5234),#5238);
#5234 = LINE('',#5235,#5236);
#5235 = CARTESIAN_POINT('',(0.,-0.));
#5236 = VECTOR('',#5237,1.);
#5237 = DIRECTION('',(0.,1.));
#5238 = ( GEOMETRIC_REPRESENTATION_CONTEXT(2) 
PARAMETRIC_REPRESENTATION_CONTEXT() REPRESENTATION_CONTEXT('2D SPACE',''
  ) );
#5239 = PCURVE('',#4400,#5240);
#5240 = DEFINITIONAL_REPRESENTATION('',(#5241),#5245);
#5241 = LINE('',#5242,#5243);
#5242 = CARTESIAN_POINT('',(6.28318530718,-0.));
#5243 = VECTOR('',#5244,1.);
#5244 = DIRECTION('',(0.,1.));
#5245 = ( GEOMETRIC_REPRESENTATION_CONTEXT(2) 
PARAMETRIC_REPRESENTATION_CONTEXT() REPRESENTATION_CONTEXT('2D SPACE',''
  ) );
#5246 = ORIENTED_EDGE('',*,*,#4417,.F.);
#5247 = ORIENTED_EDGE('',*,*,#4385,.F.);
#5248 = ORIENTED_EDGE('',*,*,#5226,.F.);
#5249 = FACE_BOUND('',#5250,.F.);
#5250 = EDGE_LOOP('',(#5251));
#5251 = ORIENTED_EDGE('',*,*,#4873,.F.);
#5252 = FACE_BOUND('',#5253,.F.);
#5253 = EDGE_LOOP('',(#5254));
#5254 = ORIENTED_EDGE('',*,*,#4473,.T.);
#5255 = MANIFOLD_SOLID_BREP('',#5256);
#5256 = CLOSED_SHELL('',(#5257,#5441,#5476,#5506));
#5257 = ADVANCED_FACE('',(#5258),#5271,.T.);
#5258 = FACE_BOUND('',#5259,.T.);
#5259 = EDGE_LOOP('',(#5260,#5294,#5317,#5340,#5363,#5386,#5409,#5436,
    #5437,#5438,#5439,#5440));
#5260 = ORIENTED_EDGE('',*,*,#5261,.F.);
#5261 = EDGE_CURVE('',#5262,#5262,#5264,.T.);
#5262 = VERTEX_POINT('',#5263);
#5263 = CARTESIAN_POINT('',(225.,-3.294299889706E-15,3.055E+03));
#5264 = SURFACE_CURVE('',#5265,(#5270,#5282),.PCURVE_S1.);
#5265 = CIRCLE('',#5266,13.45);
#5266 = AXIS2_PLACEMENT_3D('',#5267,#5268,#5269);
#5267 = CARTESIAN_POINT('',(225.,0.,3.06845E+03));
#5268 = DIRECTION('',(1.,-0.,2.22044604925E-16));
#5269 = DIRECTION('',(2.22044604925E-16,0.,-1.));
#5270 = PCURVE('',#5271,#5276);
#5271 = CYLINDRICAL_SURFACE('',#5272,13.45);
#5272 = AXIS2_PLACEMENT_3D('',#5273,#5274,#5275);
#5273 = CARTESIAN_POINT('',(-225.,0.,3.06845E+03));
#5274 = DIRECTION('',(1.,0.,2.22044604925E-16));
#5275 = DIRECTION('',(2.22044604925E-16,0.,-1.));
#5276 = DEFINITIONAL_REPRESENTATION('',(#5277),#5281);
#5277 = LINE('',#5278,#5279);
#5278 = CARTESIAN_POINT('',(0.,450.));
#5279 = VECTOR('',#5280,1.);
#5280 = DIRECTION('',(1.,0.));
#5281 = ( GEOMETRIC_REPRESENTATION_CONTEXT(2) 
PARAMETRIC_REPRESENTATION_CONTEXT() REPRESENTATION_CONTEXT('2D SPACE',''
  ) );
#5282 = PCURVE('',#5283,#5288);
#5283 = PLANE('',#5284);
#5284 = AXIS2_PLACEMENT_3D('',#5285,#5286,#5287);
#5285 = CARTESIAN_POINT('',(225.,0.,3.06845E+03));
#5286 = DIRECTION('',(1.,0.,2.22044604925E-16));
#5287 = DIRECTION('',(2.22044604925E-16,0.,-1.));
#5288 = DEFINITIONAL_REPRESENTATION('',(#5289),#5293);
#5289 = CIRCLE('',#5290,13.45);
#5290 = AXIS2_PLACEMENT_2D('',#5291,#5292);
#5291 = CARTESIAN_POINT('',(0.,0.));
#5292 = DIRECTION('',(1.,0.));
#5293 = ( GEOMETRIC_REPRESENTATION_CONTEXT(2) 
PARAMETRIC_REPRESENTATION_CONTEXT() REPRESENTATION_CONTEXT('2D SPACE',''
  ) );
#5294 = ORIENTED_EDGE('',*,*,#5295,.F.);
#5295 = EDGE_CURVE('',#5296,#5262,#5298,.T.);
#5296 = VERTEX_POINT('',#5297);
#5297 = CARTESIAN_POINT('',(8.,-1.959434878636E-15,3.055E+03));
#5298 = SEAM_CURVE('',#5299,(#5303,#5310),.PCURVE_S1.);
#5299 = LINE('',#5300,#5301);
#5300 = CARTESIAN_POINT('',(-225.,-3.294299889706E-15,3.055E+03));
#5301 = VECTOR('',#5302,1.);
#5302 = DIRECTION('',(1.,0.,2.22044604925E-16));
#5303 = PCURVE('',#5271,#5304);
#5304 = DEFINITIONAL_REPRESENTATION('',(#5305),#5309);
#5305 = LINE('',#5306,#5307);
#5306 = CARTESIAN_POINT('',(6.28318530718,-0.));
#5307 = VECTOR('',#5308,1.);
#5308 = DIRECTION('',(0.,1.));
#5309 = ( GEOMETRIC_REPRESENTATION_CONTEXT(2) 
PARAMETRIC_REPRESENTATION_CONTEXT() REPRESENTATION_CONTEXT('2D SPACE',''
  ) );
#5310 = PCURVE('',#5271,#5311);
#5311 = DEFINITIONAL_REPRESENTATION('',(#5312),#5316);
#5312 = LINE('',#5313,#5314);
#5313 = CARTESIAN_POINT('',(0.,-0.));
#5314 = VECTOR('',#5315,1.);
#5315 = DIRECTION('',(0.,1.));
#5316 = ( GEOMETRIC_REPRESENTATION_CONTEXT(2) 
PARAMETRIC_REPRESENTATION_CONTEXT() REPRESENTATION_CONTEXT('2D SPACE',''
  ) );
#5317 = ORIENTED_EDGE('',*,*,#5318,.F.);
#5318 = EDGE_CURVE('',#5319,#5296,#5321,.T.);
#5319 = VERTEX_POINT('',#5320);
#5320 = CARTESIAN_POINT('',(6.,-1.469576158977E-15,3.055E+03));
#5321 = SEAM_CURVE('',#5322,(#5326,#5333),.PCURVE_S1.);
#5322 = LINE('',#5323,#5324);
#5323 = CARTESIAN_POINT('',(-225.,-3.294299889706E-15,3.055E+03));
#5324 = VECTOR('',#5325,1.);
#5325 = DIRECTION('',(1.,0.,2.22044604925E-16));
#5326 = PCURVE('',#5271,#5327);
#5327 = DEFINITIONAL_REPRESENTATION('',(#5328),#5332);
#5328 = LINE('',#5329,#5330);
#5329 = CARTESIAN_POINT('',(6.28318530718,-0.));
#5330 = VECTOR('',#5331,1.);
#5331 = DIRECTION('',(0.,1.));
#5332 = ( GEOMETRIC_REPRESENTATION_CONTEXT(2) 
PARAMETRIC_REPRESENTATION_CONTEXT() REPRESENTATION_CONTEXT('2D SPACE',''
  ) );
#5333 = PCURVE('',#5271,#5334);
#5334 = DEFINITIONAL_REPRESENTATION('',(#5335),#5339);
#5335 = LINE('',#5336,#5337);
#5336 = CARTESIAN_POINT('',(0.,-0.));
#5337 = VECTOR('',#5338,1.);
#5338 = DIRECTION('',(0.,1.));
#5339 = ( GEOMETRIC_REPRESENTATION_CONTEXT(2) 
PARAMETRIC_REPRESENTATION_CONTEXT() REPRESENTATION_CONTEXT('2D SPACE',''
  ) );
#5340 = ORIENTED_EDGE('',*,*,#5341,.F.);
#5341 = EDGE_CURVE('',#5342,#5319,#5344,.T.);
#5342 = VERTEX_POINT('',#5343);
#5343 = CARTESIAN_POINT('',(-6.,-8.388034893722E-14,3.055E+03));
#5344 = SEAM_CURVE('',#5345,(#5349,#5356),.PCURVE_S1.);
#5345 = LINE('',#5346,#5347);
#5346 = CARTESIAN_POINT('',(-225.,-3.294299889706E-15,3.055E+03));
#5347 = VECTOR('',#5348,1.);
#5348 = DIRECTION('',(1.,0.,2.22044604925E-16));
#5349 = PCURVE('',#5271,#5350);
#5350 = DEFINITIONAL_REPRESENTATION('',(#5351),#5355);
#5351 = LINE('',#5352,#5353);
#5352 = CARTESIAN_POINT('',(6.28318530718,-0.));
#5353 = VECTOR('',#5354,1.);
#5354 = DIRECTION('',(0.,1.));
#5355 = ( GEOMETRIC_REPRESENTATION_CONTEXT(2) 
PARAMETRIC_REPRESENTATION_CONTEXT() REPRESENTATION_CONTEXT('2D SPACE',''
  ) );
#5356 = PCURVE('',#5271,#5357);
#5357 = DEFINITIONAL_REPRESENTATION('',(#5358),#5362);
#5358 = LINE('',#5359,#5360);
#5359 = CARTESIAN_POINT('',(0.,-0.));
#5360 = VECTOR('',#5361,1.);
#5361 = DIRECTION('',(0.,1.));
#5362 = ( GEOMETRIC_REPRESENTATION_CONTEXT(2) 
PARAMETRIC_REPRESENTATION_CONTEXT() REPRESENTATION_CONTEXT('2D SPACE',''
  ) );
#5363 = ORIENTED_EDGE('',*,*,#5364,.F.);
#5364 = EDGE_CURVE('',#5365,#5342,#5367,.T.);
#5365 = VERTEX_POINT('',#5366);
#5366 = CARTESIAN_POINT('',(-8.,3.363505082609E-13,3.055E+03));
#5367 = SEAM_CURVE('',#5368,(#5372,#5379),.PCURVE_S1.);
#5368 = LINE('',#5369,#5370);
#5369 = CARTESIAN_POINT('',(-225.,-3.294299889706E-15,3.055E+03));
#5370 = VECTOR('',#5371,1.);
#5371 = DIRECTION('',(1.,0.,2.22044604925E-16));
#5372 = PCURVE('',#5271,#5373);
#5373 = DEFINITIONAL_REPRESENTATION('',(#5374),#5378);
#5374 = LINE('',#5375,#5376);
#5375 = CARTESIAN_POINT('',(6.28318530718,-0.));
#5376 = VECTOR('',#5377,1.);
#5377 = DIRECTION('',(0.,1.));
#5378 = ( GEOMETRIC_REPRESENTATION_CONTEXT(2) 
PARAMETRIC_REPRESENTATION_CONTEXT() REPRESENTATION_CONTEXT('2D SPACE',''
  ) );
#5379 = PCURVE('',#5271,#5380);
#5380 = DEFINITIONAL_REPRESENTATION('',(#5381),#5385);
#5381 = LINE('',#5382,#5383);
#5382 = CARTESIAN_POINT('',(0.,-0.));
#5383 = VECTOR('',#5384,1.);
#5384 = DIRECTION('',(0.,1.));
#5385 = ( GEOMETRIC_REPRESENTATION_CONTEXT(2) 
PARAMETRIC_REPRESENTATION_CONTEXT() REPRESENTATION_CONTEXT('2D SPACE',''
  ) );
#5386 = ORIENTED_EDGE('',*,*,#5387,.F.);
#5387 = EDGE_CURVE('',#5388,#5365,#5390,.T.);
#5388 = VERTEX_POINT('',#5389);
#5389 = CARTESIAN_POINT('',(-225.,-3.294299889706E-15,3.055E+03));
#5390 = SEAM_CURVE('',#5391,(#5395,#5402),.PCURVE_S1.);
#5391 = LINE('',#5392,#5393);
#5392 = CARTESIAN_POINT('',(-225.,-3.294299889706E-15,3.055E+03));
#5393 = VECTOR('',#5394,1.);
#5394 = DIRECTION('',(1.,0.,2.22044604925E-16));
#5395 = PCURVE('',#5271,#5396);
#5396 = DEFINITIONAL_REPRESENTATION('',(#5397),#5401);
#5397 = LINE('',#5398,#5399);
#5398 = CARTESIAN_POINT('',(6.28318530718,-0.));
#5399 = VECTOR('',#5400,1.);
#5400 = DIRECTION('',(0.,1.));
#5401 = ( GEOMETRIC_REPRESENTATION_CONTEXT(2) 
PARAMETRIC_REPRESENTATION_CONTEXT() REPRESENTATION_CONTEXT('2D SPACE',''
  ) );
#5402 = PCURVE('',#5271,#5403);
#5403 = DEFINITIONAL_REPRESENTATION('',(#5404),#5408);
#5404 = LINE('',#5405,#5406);
#5405 = CARTESIAN_POINT('',(0.,-0.));
#5406 = VECTOR('',#5407,1.);
#5407 = DIRECTION('',(0.,1.));
#5408 = ( GEOMETRIC_REPRESENTATION_CONTEXT(2) 
PARAMETRIC_REPRESENTATION_CONTEXT() REPRESENTATION_CONTEXT('2D SPACE',''
  ) );
#5409 = ORIENTED_EDGE('',*,*,#5410,.T.);
#5410 = EDGE_CURVE('',#5388,#5388,#5411,.T.);
#5411 = SURFACE_CURVE('',#5412,(#5417,#5424),.PCURVE_S1.);
#5412 = CIRCLE('',#5413,13.45);
#5413 = AXIS2_PLACEMENT_3D('',#5414,#5415,#5416);
#5414 = CARTESIAN_POINT('',(-225.,0.,3.06845E+03));
#5415 = DIRECTION('',(1.,-0.,2.22044604925E-16));
#5416 = DIRECTION('',(2.22044604925E-16,0.,-1.));
#5417 = PCURVE('',#5271,#5418);
#5418 = DEFINITIONAL_REPRESENTATION('',(#5419),#5423);
#5419 = LINE('',#5420,#5421);
#5420 = CARTESIAN_POINT('',(0.,0.));
#5421 = VECTOR('',#5422,1.);
#5422 = DIRECTION('',(1.,0.));
#5423 = ( GEOMETRIC_REPRESENTATION_CONTEXT(2) 
PARAMETRIC_REPRESENTATION_CONTEXT() REPRESENTATION_CONTEXT('2D SPACE',''
  ) );
#5424 = PCURVE('',#5425,#5430);
#5425 = PLANE('',#5426);
#5426 = AXIS2_PLACEMENT_3D('',#5427,#5428,#5429);
#5427 = CARTESIAN_POINT('',(-225.,0.,3.06845E+03));
#5428 = DIRECTION('',(1.,0.,2.22044604925E-16));
#5429 = DIRECTION('',(2.22044604925E-16,0.,-1.));
#5430 = DEFINITIONAL_REPRESENTATION('',(#5431),#5435);
#5431 = CIRCLE('',#5432,13.45);
#5432 = AXIS2_PLACEMENT_2D('',#5433,#5434);
#5433 = CARTESIAN_POINT('',(0.,0.));
#5434 = DIRECTION('',(1.,0.));
#5435 = ( GEOMETRIC_REPRESENTATION_CONTEXT(2) 
PARAMETRIC_REPRESENTATION_CONTEXT() REPRESENTATION_CONTEXT('2D SPACE',''
  ) );
#5436 = ORIENTED_EDGE('',*,*,#5387,.T.);
#5437 = ORIENTED_EDGE('',*,*,#5364,.T.);
#5438 = ORIENTED_EDGE('',*,*,#5341,.T.);
#5439 = ORIENTED_EDGE('',*,*,#5318,.T.);
#5440 = ORIENTED_EDGE('',*,*,#5295,.T.);
#5441 = ADVANCED_FACE('',(#5442,#5445),#5283,.T.);
#5442 = FACE_BOUND('',#5443,.T.);
#5443 = EDGE_LOOP('',(#5444));
#5444 = ORIENTED_EDGE('',*,*,#5261,.T.);
#5445 = FACE_BOUND('',#5446,.T.);
#5446 = EDGE_LOOP('',(#5447));
#5447 = ORIENTED_EDGE('',*,*,#5448,.F.);
#5448 = EDGE_CURVE('',#5449,#5449,#5451,.T.);
#5449 = VERTEX_POINT('',#5450);
#5450 = CARTESIAN_POINT('',(225.,-2.65748355415E-15,3.0576E+03));
#5451 = SURFACE_CURVE('',#5452,(#5457,#5464),.PCURVE_S1.);
#5452 = CIRCLE('',#5453,10.85);
#5453 = AXIS2_PLACEMENT_3D('',#5454,#5455,#5456);
#5454 = CARTESIAN_POINT('',(225.,0.,3.06845E+03));
#5455 = DIRECTION('',(1.,0.,2.22044604925E-16));
#5456 = DIRECTION('',(2.22044604925E-16,0.,-1.));
#5457 = PCURVE('',#5283,#5458);
#5458 = DEFINITIONAL_REPRESENTATION('',(#5459),#5463);
#5459 = CIRCLE('',#5460,10.85);
#5460 = AXIS2_PLACEMENT_2D('',#5461,#5462);
#5461 = CARTESIAN_POINT('',(0.,0.));
#5462 = DIRECTION('',(1.,0.));
#5463 = ( GEOMETRIC_REPRESENTATION_CONTEXT(2) 
PARAMETRIC_REPRESENTATION_CONTEXT() REPRESENTATION_CONTEXT('2D SPACE',''
  ) );
#5464 = PCURVE('',#5465,#5470);
#5465 = CYLINDRICAL_SURFACE('',#5466,10.85);
#5466 = AXIS2_PLACEMENT_3D('',#5467,#5468,#5469);
#5467 = CARTESIAN_POINT('',(-226.,0.,3.06845E+03));
#5468 = DIRECTION('',(1.,0.,2.22044604925E-16));
#5469 = DIRECTION('',(2.22044604925E-16,0.,-1.));
#5470 = DEFINITIONAL_REPRESENTATION('',(#5471),#5475);
#5471 = LINE('',#5472,#5473);
#5472 = CARTESIAN_POINT('',(0.,451.));
#5473 = VECTOR('',#5474,1.);
#5474 = DIRECTION('',(1.,0.));
#5475 = ( GEOMETRIC_REPRESENTATION_CONTEXT(2) 
PARAMETRIC_REPRESENTATION_CONTEXT() REPRESENTATION_CONTEXT('2D SPACE',''
  ) );
#5476 = ADVANCED_FACE('',(#5477,#5480),#5425,.F.);
#5477 = FACE_BOUND('',#5478,.F.);
#5478 = EDGE_LOOP('',(#5479));
#5479 = ORIENTED_EDGE('',*,*,#5410,.T.);
#5480 = FACE_BOUND('',#5481,.F.);
#5481 = EDGE_LOOP('',(#5482));
#5482 = ORIENTED_EDGE('',*,*,#5483,.F.);
#5483 = EDGE_CURVE('',#5484,#5484,#5486,.T.);
#5484 = VERTEX_POINT('',#5485);
#5485 = CARTESIAN_POINT('',(-225.,-2.65748355415E-15,3.0576E+03));
#5486 = SURFACE_CURVE('',#5487,(#5492,#5499),.PCURVE_S1.);
#5487 = CIRCLE('',#5488,10.85);
#5488 = AXIS2_PLACEMENT_3D('',#5489,#5490,#5491);
#5489 = CARTESIAN_POINT('',(-225.,0.,3.06845E+03));
#5490 = DIRECTION('',(1.,0.,2.22044604925E-16));
#5491 = DIRECTION('',(2.22044604925E-16,0.,-1.));
#5492 = PCURVE('',#5425,#5493);
#5493 = DEFINITIONAL_REPRESENTATION('',(#5494),#5498);
#5494 = CIRCLE('',#5495,10.85);
#5495 = AXIS2_PLACEMENT_2D('',#5496,#5497);
#5496 = CARTESIAN_POINT('',(0.,0.));
#5497 = DIRECTION('',(1.,0.));
#5498 = ( GEOMETRIC_REPRESENTATION_CONTEXT(2) 
PARAMETRIC_REPRESENTATION_CONTEXT() REPRESENTATION_CONTEXT('2D SPACE',''
  ) );
#5499 = PCURVE('',#5465,#5500);
#5500 = DEFINITIONAL_REPRESENTATION('',(#5501),#5505);
#5501 = LINE('',#5502,#5503);
#5502 = CARTESIAN_POINT('',(0.,1.));
#5503 = VECTOR('',#5504,1.);
#5504 = DIRECTION('',(1.,0.));
#5505 = ( GEOMETRIC_REPRESENTATION_CONTEXT(2) 
PARAMETRIC_REPRESENTATION_CONTEXT() REPRESENTATION_CONTEXT('2D SPACE',''
  ) );
#5506 = ADVANCED_FACE('',(#5507),#5465,.F.);
#5507 = FACE_BOUND('',#5508,.F.);
#5508 = EDGE_LOOP('',(#5509,#5510,#5531,#5532));
#5509 = ORIENTED_EDGE('',*,*,#5448,.F.);
#5510 = ORIENTED_EDGE('',*,*,#5511,.F.);
#5511 = EDGE_CURVE('',#5484,#5449,#5512,.T.);
#5512 = SEAM_CURVE('',#5513,(#5517,#5524),.PCURVE_S1.);
#5513 = LINE('',#5514,#5515);
#5514 = CARTESIAN_POINT('',(-226.,-2.65748355415E-15,3.0576E+03));
#5515 = VECTOR('',#5516,1.);
#5516 = DIRECTION('',(1.,0.,2.22044604925E-16));
#5517 = PCURVE('',#5465,#5518);
#5518 = DEFINITIONAL_REPRESENTATION('',(#5519),#5523);
#5519 = LINE('',#5520,#5521);
#5520 = CARTESIAN_POINT('',(6.28318530718,-0.));
#5521 = VECTOR('',#5522,1.);
#5522 = DIRECTION('',(0.,1.));
#5523 = ( GEOMETRIC_REPRESENTATION_CONTEXT(2) 
PARAMETRIC_REPRESENTATION_CONTEXT() REPRESENTATION_CONTEXT('2D SPACE',''
  ) );
#5524 = PCURVE('',#5465,#5525);
#5525 = DEFINITIONAL_REPRESENTATION('',(#5526),#5530);
#5526 = LINE('',#5527,#5528);
#5527 = CARTESIAN_POINT('',(0.,-0.));
#5528 = VECTOR('',#5529,1.);
#5529 = DIRECTION('',(0.,1.));
#5530 = ( GEOMETRIC_REPRESENTATION_CONTEXT(2) 
PARAMETRIC_REPRESENTATION_CONTEXT() REPRESENTATION_CONTEXT('2D SPACE',''
  ) );
#5531 = ORIENTED_EDGE('',*,*,#5483,.T.);
#5532 = ORIENTED_EDGE('',*,*,#5511,.T.);
#5533 = MANIFOLD_SOLID_BREP('',#5534);
#5534 = CLOSED_SHELL('',(#5535,#5623,#5627));
#5535 = ADVANCED_FACE('',(#5536),#5549,.T.);
#5536 = FACE_BOUND('',#5537,.T.);
#5537 = EDGE_LOOP('',(#5538,#5572,#5595,#5622));
#5538 = ORIENTED_EDGE('',*,*,#5539,.F.);
#5539 = EDGE_CURVE('',#5540,#5540,#5542,.T.);
#5540 = VERTEX_POINT('',#5541);
#5541 = CARTESIAN_POINT('',(2.5,-12.,1.085E+03));
#5542 = SURFACE_CURVE('',#5543,(#5548,#5560),.PCURVE_S1.);
#5543 = CIRCLE('',#5544,2.5);
#5544 = AXIS2_PLACEMENT_3D('',#5545,#5546,#5547);
#5545 = CARTESIAN_POINT('',(0.,-12.,1.085E+03));
#5546 = DIRECTION('',(0.,-1.,2.22044604925E-16));
#5547 = DIRECTION('',(1.,0.,0.));
#5548 = PCURVE('',#5549,#5554);
#5549 = CYLINDRICAL_SURFACE('',#5550,2.5);
#5550 = AXIS2_PLACEMENT_3D('',#5551,#5552,#5553);
#5551 = CARTESIAN_POINT('',(0.,12.,1.085E+03));
#5552 = DIRECTION('',(0.,-1.,2.22044604925E-16));
#5553 = DIRECTION('',(1.,0.,0.));
#5554 = DEFINITIONAL_REPRESENTATION('',(#5555),#5559);
#5555 = LINE('',#5556,#5557);
#5556 = CARTESIAN_POINT('',(0.,24.));
#5557 = VECTOR('',#5558,1.);
#5558 = DIRECTION('',(1.,0.));
#5559 = ( GEOMETRIC_REPRESENTATION_CONTEXT(2) 
PARAMETRIC_REPRESENTATION_CONTEXT() REPRESENTATION_CONTEXT('2D SPACE',''
  ) );
#5560 = PCURVE('',#5561,#5566);
#5561 = PLANE('',#5562);
#5562 = AXIS2_PLACEMENT_3D('',#5563,#5564,#5565);
#5563 = CARTESIAN_POINT('',(0.,-12.,1.085E+03));
#5564 = DIRECTION('',(0.,-1.,2.22044604925E-16));
#5565 = DIRECTION('',(1.,0.,0.));
#5566 = DEFINITIONAL_REPRESENTATION('',(#5567),#5571);
#5567 = CIRCLE('',#5568,2.5);
#5568 = AXIS2_PLACEMENT_2D('',#5569,#5570);
#5569 = CARTESIAN_POINT('',(0.,0.));
#5570 = DIRECTION('',(1.,0.));
#5571 = ( GEOMETRIC_REPRESENTATION_CONTEXT(2) 
PARAMETRIC_REPRESENTATION_CONTEXT() REPRESENTATION_CONTEXT('2D SPACE',''
  ) );
#5572 = ORIENTED_EDGE('',*,*,#5573,.F.);
#5573 = EDGE_CURVE('',#5574,#5540,#5576,.T.);
#5574 = VERTEX_POINT('',#5575);
#5575 = CARTESIAN_POINT('',(2.5,12.,1.085E+03));
#5576 = SEAM_CURVE('',#5577,(#5581,#5588),.PCURVE_S1.);
#5577 = LINE('',#5578,#5579);
#5578 = CARTESIAN_POINT('',(2.5,12.,1.085E+03));
#5579 = VECTOR('',#5580,1.);
#5580 = DIRECTION('',(0.,-1.,2.22044604925E-16));
#5581 = PCURVE('',#5549,#5582);
#5582 = DEFINITIONAL_REPRESENTATION('',(#5583),#5587);
#5583 = LINE('',#5584,#5585);
#5584 = CARTESIAN_POINT('',(6.28318530718,-0.));
#5585 = VECTOR('',#5586,1.);
#5586 = DIRECTION('',(0.,1.));
#5587 = ( GEOMETRIC_REPRESENTATION_CONTEXT(2) 
PARAMETRIC_REPRESENTATION_CONTEXT() REPRESENTATION_CONTEXT('2D SPACE',''
  ) );
#5588 = PCURVE('',#5549,#5589);
#5589 = DEFINITIONAL_REPRESENTATION('',(#5590),#5594);
#5590 = LINE('',#5591,#5592);
#5591 = CARTESIAN_POINT('',(0.,-0.));
#5592 = VECTOR('',#5593,1.);
#5593 = DIRECTION('',(0.,1.));
#5594 = ( GEOMETRIC_REPRESENTATION_CONTEXT(2) 
PARAMETRIC_REPRESENTATION_CONTEXT() REPRESENTATION_CONTEXT('2D SPACE',''
  ) );
#5595 = ORIENTED_EDGE('',*,*,#5596,.T.);
#5596 = EDGE_CURVE('',#5574,#5574,#5597,.T.);
#5597 = SURFACE_CURVE('',#5598,(#5603,#5610),.PCURVE_S1.);
#5598 = CIRCLE('',#5599,2.5);
#5599 = AXIS2_PLACEMENT_3D('',#5600,#5601,#5602);
#5600 = CARTESIAN_POINT('',(0.,12.,1.085E+03));
#5601 = DIRECTION('',(0.,-1.,2.22044604925E-16));
#5602 = DIRECTION('',(1.,0.,0.));
#5603 = PCURVE('',#5549,#5604);
#5604 = DEFINITIONAL_REPRESENTATION('',(#5605),#5609);
#5605 = LINE('',#5606,#5607);
#5606 = CARTESIAN_POINT('',(0.,0.));
#5607 = VECTOR('',#5608,1.);
#5608 = DIRECTION('',(1.,0.));
#5609 = ( GEOMETRIC_REPRESENTATION_CONTEXT(2) 
PARAMETRIC_REPRESENTATION_CONTEXT() REPRESENTATION_CONTEXT('2D SPACE',''
  ) );
#5610 = PCURVE('',#5611,#5616);
#5611 = PLANE('',#5612);
#5612 = AXIS2_PLACEMENT_3D('',#5613,#5614,#5615);
#5613 = CARTESIAN_POINT('',(0.,12.,1.085E+03));
#5614 = DIRECTION('',(0.,-1.,2.22044604925E-16));
#5615 = DIRECTION('',(1.,0.,0.));
#5616 = DEFINITIONAL_REPRESENTATION('',(#5617),#5621);
#5617 = CIRCLE('',#5618,2.5);
#5618 = AXIS2_PLACEMENT_2D('',#5619,#5620);
#5619 = CARTESIAN_POINT('',(0.,0.));
#5620 = DIRECTION('',(1.,0.));
#5621 = ( GEOMETRIC_REPRESENTATION_CONTEXT(2) 
PARAMETRIC_REPRESENTATION_CONTEXT() REPRESENTATION_CONTEXT('2D SPACE',''
  ) );
#5622 = ORIENTED_EDGE('',*,*,#5573,.T.);
#5623 = ADVANCED_FACE('',(#5624),#5561,.T.);
#5624 = FACE_BOUND('',#5625,.T.);
#5625 = EDGE_LOOP('',(#5626));
#5626 = ORIENTED_EDGE('',*,*,#5539,.T.);
#5627 = ADVANCED_FACE('',(#5628),#5611,.F.);
#5628 = FACE_BOUND('',#5629,.T.);
#5629 = EDGE_LOOP('',(#5630));
#5630 = ORIENTED_EDGE('',*,*,#5596,.F.);
#5631 = MANIFOLD_SOLID_BREP('',#5632);
#5632 = CLOSED_SHELL('',(#5633,#5721,#5725));
#5633 = ADVANCED_FACE('',(#5634),#5647,.T.);
#5634 = FACE_BOUND('',#5635,.T.);
#5635 = EDGE_LOOP('',(#5636,#5670,#5693,#5720));
#5636 = ORIENTED_EDGE('',*,*,#5637,.F.);
#5637 = EDGE_CURVE('',#5638,#5638,#5640,.T.);
#5638 = VERTEX_POINT('',#5639);
#5639 = CARTESIAN_POINT('',(2.5,-12.,2.085E+03));
#5640 = SURFACE_CURVE('',#5641,(#5646,#5658),.PCURVE_S1.);
#5641 = CIRCLE('',#5642,2.5);
#5642 = AXIS2_PLACEMENT_3D('',#5643,#5644,#5645);
#5643 = CARTESIAN_POINT('',(0.,-12.,2.085E+03));
#5644 = DIRECTION('',(0.,-1.,2.22044604925E-16));
#5645 = DIRECTION('',(1.,0.,0.));
#5646 = PCURVE('',#5647,#5652);
#5647 = CYLINDRICAL_SURFACE('',#5648,2.5);
#5648 = AXIS2_PLACEMENT_3D('',#5649,#5650,#5651);
#5649 = CARTESIAN_POINT('',(0.,12.,2.085E+03));
#5650 = DIRECTION('',(0.,-1.,2.22044604925E-16));
#5651 = DIRECTION('',(1.,0.,0.));
#5652 = DEFINITIONAL_REPRESENTATION('',(#5653),#5657);
#5653 = LINE('',#5654,#5655);
#5654 = CARTESIAN_POINT('',(0.,24.));
#5655 = VECTOR('',#5656,1.);
#5656 = DIRECTION('',(1.,0.));
#5657 = ( GEOMETRIC_REPRESENTATION_CONTEXT(2) 
PARAMETRIC_REPRESENTATION_CONTEXT() REPRESENTATION_CONTEXT('2D SPACE',''
  ) );
#5658 = PCURVE('',#5659,#5664);
#5659 = PLANE('',#5660);
#5660 = AXIS2_PLACEMENT_3D('',#5661,#5662,#5663);
#5661 = CARTESIAN_POINT('',(0.,-12.,2.085E+03));
#5662 = DIRECTION('',(0.,-1.,2.22044604925E-16));
#5663 = DIRECTION('',(1.,0.,0.));
#5664 = DEFINITIONAL_REPRESENTATION('',(#5665),#5669);
#5665 = CIRCLE('',#5666,2.5);
#5666 = AXIS2_PLACEMENT_2D('',#5667,#5668);
#5667 = CARTESIAN_POINT('',(0.,0.));
#5668 = DIRECTION('',(1.,0.));
#5669 = ( GEOMETRIC_REPRESENTATION_CONTEXT(2) 
PARAMETRIC_REPRESENTATION_CONTEXT() REPRESENTATION_CONTEXT('2D SPACE',''
  ) );
#5670 = ORIENTED_EDGE('',*,*,#5671,.F.);
#5671 = EDGE_CURVE('',#5672,#5638,#5674,.T.);
#5672 = VERTEX_POINT('',#5673);
#5673 = CARTESIAN_POINT('',(2.5,12.,2.085E+03));
#5674 = SEAM_CURVE('',#5675,(#5679,#5686),.PCURVE_S1.);
#5675 = LINE('',#5676,#5677);
#5676 = CARTESIAN_POINT('',(2.5,12.,2.085E+03));
#5677 = VECTOR('',#5678,1.);
#5678 = DIRECTION('',(0.,-1.,2.22044604925E-16));
#5679 = PCURVE('',#5647,#5680);
#5680 = DEFINITIONAL_REPRESENTATION('',(#5681),#5685);
#5681 = LINE('',#5682,#5683);
#5682 = CARTESIAN_POINT('',(6.28318530718,-0.));
#5683 = VECTOR('',#5684,1.);
#5684 = DIRECTION('',(0.,1.));
#5685 = ( GEOMETRIC_REPRESENTATION_CONTEXT(2) 
PARAMETRIC_REPRESENTATION_CONTEXT() REPRESENTATION_CONTEXT('2D SPACE',''
  ) );
#5686 = PCURVE('',#5647,#5687);
#5687 = DEFINITIONAL_REPRESENTATION('',(#5688),#5692);
#5688 = LINE('',#5689,#5690);
#5689 = CARTESIAN_POINT('',(0.,-0.));
#5690 = VECTOR('',#5691,1.);
#5691 = DIRECTION('',(0.,1.));
#5692 = ( GEOMETRIC_REPRESENTATION_CONTEXT(2) 
PARAMETRIC_REPRESENTATION_CONTEXT() REPRESENTATION_CONTEXT('2D SPACE',''
  ) );
#5693 = ORIENTED_EDGE('',*,*,#5694,.T.);
#5694 = EDGE_CURVE('',#5672,#5672,#5695,.T.);
#5695 = SURFACE_CURVE('',#5696,(#5701,#5708),.PCURVE_S1.);
#5696 = CIRCLE('',#5697,2.5);
#5697 = AXIS2_PLACEMENT_3D('',#5698,#5699,#5700);
#5698 = CARTESIAN_POINT('',(0.,12.,2.085E+03));
#5699 = DIRECTION('',(0.,-1.,2.22044604925E-16));
#5700 = DIRECTION('',(1.,0.,0.));
#5701 = PCURVE('',#5647,#5702);
#5702 = DEFINITIONAL_REPRESENTATION('',(#5703),#5707);
#5703 = LINE('',#5704,#5705);
#5704 = CARTESIAN_POINT('',(0.,0.));
#5705 = VECTOR('',#5706,1.);
#5706 = DIRECTION('',(1.,0.));
#5707 = ( GEOMETRIC_REPRESENTATION_CONTEXT(2) 
PARAMETRIC_REPRESENTATION_CONTEXT() REPRESENTATION_CONTEXT('2D SPACE',''
  ) );
#5708 = PCURVE('',#5709,#5714);
#5709 = PLANE('',#5710);
#5710 = AXIS2_PLACEMENT_3D('',#5711,#5712,#5713);
#5711 = CARTESIAN_POINT('',(0.,12.,2.085E+03));
#5712 = DIRECTION('',(0.,-1.,2.22044604925E-16));
#5713 = DIRECTION('',(1.,0.,0.));
#5714 = DEFINITIONAL_REPRESENTATION('',(#5715),#5719);
#5715 = CIRCLE('',#5716,2.5);
#5716 = AXIS2_PLACEMENT_2D('',#5717,#5718);
#5717 = CARTESIAN_POINT('',(0.,0.));
#5718 = DIRECTION('',(1.,0.));
#5719 = ( GEOMETRIC_REPRESENTATION_CONTEXT(2) 
PARAMETRIC_REPRESENTATION_CONTEXT() REPRESENTATION_CONTEXT('2D SPACE',''
  ) );
#5720 = ORIENTED_EDGE('',*,*,#5671,.T.);
#5721 = ADVANCED_FACE('',(#5722),#5659,.T.);
#5722 = FACE_BOUND('',#5723,.T.);
#5723 = EDGE_LOOP('',(#5724));
#5724 = ORIENTED_EDGE('',*,*,#5637,.T.);
#5725 = ADVANCED_FACE('',(#5726),#5709,.F.);
#5726 = FACE_BOUND('',#5727,.T.);
#5727 = EDGE_LOOP('',(#5728));
#5728 = ORIENTED_EDGE('',*,*,#5694,.F.);
#5729 = ( GEOMETRIC_REPRESENTATION_CONTEXT(3) 
GLOBAL_UNCERTAINTY_ASSIGNED_CONTEXT((#5733)) 
GLOBAL_UNIT_ASSIGNED_CONTEXT((#5730,#5731,#5732)) REPRESENTATION_CONTEXT
('Context #1','3D Context with UNIT and UNCERTAINTY') );
#5730 = ( LENGTH_UNIT() NAMED_UNIT(*) SI_UNIT(.MILLI.,.METRE.) );
#5731 = ( NAMED_UNIT(*) PLANE_ANGLE_UNIT() SI_UNIT($,.RADIAN.) );
#5732 = ( NAMED_UNIT(*) SI_UNIT($,.STERADIAN.) SOLID_ANGLE_UNIT() );
#5733 = UNCERTAINTY_MEASURE_WITH_UNIT(LENGTH_MEASURE(1.E-07),#5730,
  'distance_accuracy_value','confusion accuracy');
#5734 = PRODUCT_RELATED_PRODUCT_CATEGORY('part',$,(#7));
ENDSEC;
END-ISO-10303-21;
